domain,label,name,phash
ADIAC_Database,Fragilariforma,001465AA.png,12089845993787585228
ADIAC_Database,Fragilariforma,001459AA.png,11465840261180388552
ADIAC_Database,Fragilariforma,001458AA.png,13940474206001443788
ADIAC_Database,Fragilariforma,001455AA.png,16638201826198565257
ADIAC_Database,Fragilariforma,001470AA.png,11990524824345191270
ADIAC_Database,Fragilariforma,001461AA.png,13661912119194941188
ADIAC_Database,Fragilariforma,001452AA.png,12918773015248661132
ADIAC_Database,Fragilariforma,001453AA.png,12794217851559945179
ADIAC_Database,Fragilariforma,001466AA.png,11294495960225687018
ADIAC_Database,Fragilariforma,001463AA.png,13090649810775943765
ADIAC_Database,Fragilariforma,001454AA.png,10864605704943284616
ADIAC_Database,Fragilariforma,001468AA.png,13090505641055135194
ADIAC_Database,Fragilariforma,001460AA.png,12018123663563176339
ADIAC_Database,Fragilariforma,001469AA.png,12710174640150687939
ADIAC_Database,Fragilariforma,001462AA.png,13084590436001342344
ADIAC_Database,Fragilariforma,001456AA.png,12553080937372054322
ADIAC_Database,Fragilariforma,001467AA.png,10023843218424884426
ADIAC_Database,Fragilariforma,001471AA.png,16928907957832659762
ADIAC_Database,Fragilariforma,001457AA.png,10054713290719815055
ADIAC_Database,Fragilariforma,001464AA.png,16832030490896588950
ADIAC_Database,Cyclotella,001191BA.png,11703888278709459829
ADIAC_Database,Cyclotella,000541CA.png,11826038105809041375
ADIAC_Database,Cyclotella,000541BA.png,12686577622172181469
ADIAC_Database,Cyclotella,000543BA.png,13621025829711341112
ADIAC_Database,Cyclotella,001190AA.png,11702268854010545752
ADIAC_Database,Cyclotella,000827BB.png,13565260181411628502
ADIAC_Database,Cyclotella,000827CA.png,13565189812415874454
ADIAC_Database,Cyclotella,000305.png,12496806128578488489
ADIAC_Database,Cyclotella,000827AA.png,13718312199998047574
ADIAC_Database,Cyclotella,001197AA.png,13214361864488734045
ADIAC_Database,Cyclotella,001189BA.png,12273868395063781806
ADIAC_Database,Cyclotella,000827BA.png,13709305000760083798
ADIAC_Database,Cyclotella,000875BB.png,16580251686961819855
ADIAC_Database,Cyclotella,001191AA.png,11775396116707338027
ADIAC_Database,Cyclotella,000494CA.png,10149779976177022147
ADIAC_Database,Cyclotella,000483AA.png,17343858279034076317
ADIAC_Database,Cyclotella,001197BA.png,12926114145343236442
ADIAC_Database,Cyclotella,000305B.png,12479407049631350240
ADIAC_Database,Cyclotella,000494AA.png,13618835798576149488
ADIAC_Database,Cyclotella,000494BA.png,13617639546029290190
ADIAC_Database,Cyclotella,000541BB.png,17302796799265616836
ADIAC_Database,Cyclotella,000542BB.png,16793309562725297639
ADIAC_Database,Cyclotella,000542BA.png,17097237116630953255
ADIAC_Database,Cyclotella,001196AA.png,12989734131271743913
ADIAC_Database,Cyclotella,000494BB.png,12420860757048242890
ADIAC_Database,Cyclotella,000828BA.png,10122105348939422004
ADIAC_Database,Cyclotella,000828AA.png,10266207596294527029
ADIAC_Database,Cyclotella,000483BA.png,17302129545068616921
ADIAC_Database,Cyclotella,000543AA.png,17602207917482534456
ADIAC_Database,Cyclotella,000541AA.png,12481619722630734560
ADIAC_Database,Cyclotella,001189AA.png,12274150024894065069
ADIAC_Database,Cyclotella,000543BB.png,18162958025174820848
ADIAC_Database,Cyclotella,000542AA.png,16511769165597337014
ADIAC_Database,Cyclotella,000875BA.png,14302448724418224159
ADIAC_Database,Cyclotella,001196BA.png,12701494959034415545
ADIAC_Database,Cyclotella,000483BB.png,17302198682233543883
ADIAC_Database,Cyclotella,001190BA.png,11702295250904030536
ADIAC_Database,Cyclotella,000543CA.png,12737194147834323832
ADIAC_Database,Cyclotella,000875AA.png,14374508526337777679
ADIAC_Database,Cyclotella,000828BB.png,11244064607181838644
ADIAC_Database,Eunotia,002086AA.png,16596657556778540930
ADIAC_Database,Eunotia,002147AA.png,10609492348560520596
ADIAC_Database,Eunotia,000621BB.png,13692335442646631294
ADIAC_Database,Eunotia,000620BB.png,17519523288188233057
ADIAC_Database,Eunotia,002081AA.png,14177676301333247703
ADIAC_Database,Eunotia,000383B.png,18410689444658021045
ADIAC_Database,Eunotia,000372B.png,15032589360744375794
ADIAC_Database,Eunotia,000645AA.png,9509618974003641396
ADIAC_Database,Eunotia,001337AA.png,17271521511017361858
ADIAC_Database,Eunotia,000619BB.png,13404946711515759614
ADIAC_Database,Eunotia,002154AA.png,13112847023456231834
ADIAC_Database,Eunotia,001341AA.png,10335997587321025591
ADIAC_Database,Eunotia,002093AA.png,11919356049478802251
ADIAC_Database,Eunotia,002162AA.png,10476320608373027026
ADIAC_Database,Eunotia,001961AA.png,16990603874577133774
ADIAC_Database,Eunotia,000384.png,16871269849705575818
ADIAC_Database,Eunotia,000377.png,11326993204371098932
ADIAC_Database,Eunotia,002146AA.png,9612440086093965749
ADIAC_Database,Eunotia,000381B.png,15136589566913486832
ADIAC_Database,Eunotia,002076AA.png,11612896123332927203
ADIAC_Database,Eunotia,000382B.png,14992338249866416112
ADIAC_Database,Eunotia,001343AA.png,16888944309021794663
ADIAC_Database,Eunotia,001340AA.png,12639862931872374834
ADIAC_Database,Eunotia,002094AA.png,13998921832688151839
ADIAC_Database,Eunotia,000380.png,9424731632258200275
ADIAC_Database,Eunotia,000255.png,10575999568219576166
ADIAC_Database,Eunotia,002084AA.png,17156212618502096286
ADIAC_Database,Eunotia,000176B.png,10506500849379062128
ADIAC_Database,Eunotia,001335AA.png,18439003646266978755
ADIAC_Database,Eunotia,002089AA.png,14184149960058461848
ADIAC_Database,Eunotia,001962AA.png,12634239359390605346
ADIAC_Database,Eunotia,001218AA.png,16151279903927970864
ADIAC_Database,Eunotia,001275AA.png,12207501343622222371
ADIAC_Database,Eunotia,001956AA.png,10296244729002484118
ADIAC_Database,Eunotia,002085AA.png,9765836131812169449
ADIAC_Database,Eunotia,002082AA.png,14281877834053966641
ADIAC_Database,Eunotia,000377B.png,15571143000840047988
ADIAC_Database,Eunotia,000376.png,9425819807341619154
ADIAC_Database,Eunotia,000374B.png,13988024183645875810
ADIAC_Database,Eunotia,000256.png,9284855033011070320
ADIAC_Database,Eunotia,000621AA.png,17668961433405145662
ADIAC_Database,Eunotia,000831BA.png,15333789832303408237
ADIAC_Database,Eunotia,001964AA.png,15153111282672235819
ADIAC_Database,Eunotia,001336AA.png,12350419800295497782
ADIAC_Database,Eunotia,002150AA.png,14210202210933982922
ADIAC_Database,Eunotia,000238.png,11948731568438681266
ADIAC_Database,Eunotia,000625BB.png,17880934971169408100
ADIAC_Database,Eunotia,002078AA.png,14074361525345661168
ADIAC_Database,Eunotia,000619AA.png,12140809603628696191
ADIAC_Database,Eunotia,000376B.png,10560792884136644562
ADIAC_Database,Eunotia,000831AA.png,15045559448098632825
ADIAC_Database,Eunotia,002156AA.png,14224433121196167757
ADIAC_Database,Eunotia,001963AA.png,16974231211128218718
ADIAC_Database,Eunotia,001960AA.png,16616528131323130931
ADIAC_Database,Eunotia,001222AA.png,14811660840432516384
ADIAC_Database,Eunotia,000620AA.png,11777356761004352869
ADIAC_Database,Eunotia,002157AA.png,13837721927901374407
ADIAC_Database,Eunotia,000255B.png,14095259228314901859
ADIAC_Database,Eunotia,002092AA.png,9634931564440020007
ADIAC_Database,Eunotia,000384B.png,16871322899673548266
ADIAC_Database,Eunotia,002091AA.png,16706235835091324679
ADIAC_Database,Eunotia,001344AA.png,17250352940152271123
ADIAC_Database,Eunotia,000381.png,15169105627149204112
ADIAC_Database,Eunotia,002153AA.png,9328421075009004755
ADIAC_Database,Eunotia,000620BA.png,11777926342344238437
ADIAC_Database,Eunotia,000625BA.png,12134271477900494118
ADIAC_Database,Eunotia,000379B.png,14560120224811654849
ADIAC_Database,Eunotia,000831BB.png,15279852193112405881
ADIAC_Database,Eunotia,000372.png,15122626167779041762
ADIAC_Database,Eunotia,000374.png,10600762563184109154
ADIAC_Database,Eunotia,000373.png,17177988622943074394
ADIAC_Database,Eunotia,002073AA.png,16424081955587935032
ADIAC_Database,Eunotia,000256B.png,9340020830131928160
ADIAC_Database,Eunotia,000645BA.png,9510745148784195636
ADIAC_Database,Eunotia,001274AA.png,13274562315836839879
ADIAC_Database,Eunotia,002143AA.png,10886635720029386224
ADIAC_Database,Eunotia,002152AA.png,17922268814463051714
ADIAC_Database,Eunotia,000383.png,18410443170155938485
ADIAC_Database,Eunotia,000625AA.png,16745939886978745398
ADIAC_Database,Eunotia,000378B.png,15063273157130979313
ADIAC_Database,Eunotia,002077AA.png,15157489255367770367
ADIAC_Database,Eunotia,002148AA.png,9539801951541753287
ADIAC_Database,Eunotia,001276AA.png,9274282767493636343
ADIAC_Database,Eunotia,002159AA.png,10419410663845474770
ADIAC_Database,Eunotia,002075AA.png,14359460492299637806
ADIAC_Database,Eunotia,000621BA.png,12573138158682759486
ADIAC_Database,Eunotia,000378.png,13950602575264495043
ADIAC_Database,Eunotia,001213AA.png,10471739445013305193
ADIAC_Database,Eunotia,002087AA.png,10793557559490188958
ADIAC_Database,Eunotia,001958AA.png,18424437246761463858
ADIAC_Database,Eunotia,001339AA.png,15808919790572811363
ADIAC_Database,Eunotia,000375.png,10635879650391453388
ADIAC_Database,Eunotia,002145AA.png,14171819322543535254
ADIAC_Database,Eunotia,000382.png,13893164172596431540
ADIAC_Database,Eunotia,002151AA.png,13389106656478770384
ADIAC_Database,Eunotia,002144AA.png,9312436169028216263
ADIAC_Database,Eunotia,002079AA.png,10473883351711962281
ADIAC_Database,Eunotia,000619BA.png,10048926059605263230
ADIAC_Database,Eunotia,002095AA.png,16892471314137571478
ADIAC_Database,Eunotia,002155AA.png,13010386460009587079
ADIAC_Database,Eunotia,002141AA.png,9736001221885179313
ADIAC_Database,Eunotia,002158AA.png,15496621400158741698
ADIAC_Database,Eunotia,002090AA.png,9253657506713361695
ADIAC_Database,Eunotia,000380B.png,17477343378623432434
ADIAC_Database,Eunotia,002160AA.png,14227851810356863682
ADIAC_Database,Eunotia,000379.png,10224072967588505241
ADIAC_Database,Eunotia,000375B.png,15176699944320045004
ADIAC_Database,Eunotia,002083AA.png,16145157535284881350
ADIAC_Database,Eunotia,002161AA.png,14227560421152895170
ADIAC_Database,Eunotia,002149AA.png,14786209375588016279
ADIAC_Database,Eunotia,000645BB.png,9782095479923620916
ADIAC_Database,Eunotia,000373B.png,16865963714659032282
ADIAC_Database,Eunotia,002080AA.png,11127294729974035920
ADIAC_Database,Eunotia,001342AA.png,16888663094958055910
ADIAC_Database,Eunotia,001957AA.png,18041865539552896454
ADIAC_Database,Eunotia,001338AA.png,16888944568621151282
ADIAC_Database,Eunotia,000238B.png,16185620837859106800
ADIAC_Database,Eunotia,002142AA.png,14254505896292589810
ADIAC_Database,Eunotia,001959AA.png,13736424483780127894
ADIAC_Database,Sellaphora,002000AA.png,12788336989510549551
ADIAC_Database,Sellaphora,000665BA.png,16810182429948670514
ADIAC_Database,Sellaphora,000665AA.png,16819187361464875058
ADIAC_Database,Sellaphora,001857AA.png,12322892179431541718
ADIAC_Database,Sellaphora,001855AA.png,14013988384744185494
ADIAC_Database,Sellaphora,000277B.png,16762380642328518368
ADIAC_Database,Sellaphora,000309B.png,16158898174115717088
ADIAC_Database,Sellaphora,000130B.png,14922892865691565090
ADIAC_Database,Sellaphora,000125B.png,9299898423381647299
ADIAC_Database,Sellaphora,001853AA.png,13799284927014805304
ADIAC_Database,Sellaphora,000273.png,14453238108054907707
ADIAC_Database,Sellaphora,000110B.png,16329462325369112587
ADIAC_Database,Sellaphora,001863AA.png,13725397613025527717
ADIAC_Database,Sellaphora,000070B.png,15113354034343320075
ADIAC_Database,Sellaphora,001860AA.png,13709442981818569676
ADIAC_Database,Sellaphora,001858AA.png,11415113422404439954
ADIAC_Database,Sellaphora,000252B.png,9312427512594512067
ADIAC_Database,Sellaphora,000277.png,12292454729533152361
ADIAC_Database,Sellaphora,000506AA.png,10940885981094029600
ADIAC_Database,Sellaphora,000080B.png,15212249971260634228
ADIAC_Database,Sellaphora,000163B.png,13951284316574332003
ADIAC_Database,Sellaphora,000435CB.png,15349342909287972328
ADIAC_Database,Sellaphora,000506CA.png,12634238892001013392
ADIAC_Database,Sellaphora,001848AA.png,16954561821454815122
ADIAC_Database,Sellaphora,000273B.png,14420508825188573026
ADIAC_Database,Sellaphora,001852AA.png,13511559923517345682
ADIAC_Database,Sellaphora,000097B.png,18292674365722041347
ADIAC_Database,Sellaphora,000252.png,9229071303126667626
ADIAC_Database,Sellaphora,000506BB.png,12976513012410689888
ADIAC_Database,Sellaphora,001859AA.png,14630704516821061515
ADIAC_Database,Sellaphora,000121B.png,14357474650064621774
ADIAC_Database,Sellaphora,001862AA.png,15503119481522079294
ADIAC_Database,Sellaphora,001854AA.png,10015900580075724348
ADIAC_Database,Sellaphora,000506BA.png,13210700193255205154
ADIAC_Database,Sellaphora,000161B.png,15541291280713070925
ADIAC_Database,Sellaphora,001856AA.png,12267494677404749458
ADIAC_Database,Sellaphora,000112B.png,14059924794833452866
ADIAC_Database,Sellaphora,000435CA.png,15357998404408785196
ADIAC_Database,Sellaphora,000162B.png,14212461279985348931
ADIAC_Database,Sellaphora,000131B.png,13996742624162151722
ADIAC_Database,Sellaphora,000291B.png,13844030343327268834
ADIAC_Database,Sellaphora,001850AA.png,12285157613662870076
ADIAC_Database,Sellaphora,000665BB.png,16792175935256933106
ADIAC_Database,Sellaphora,001861AA.png,13795832443297504824
ADIAC_Database,Sellaphora,000435DA.png,15650802746482572558
ADIAC_Database,Sellaphora,000291.png,10856062389889035566
ADIAC_Database,Sellaphora,002001AA.png,11063129714892111850
ADIAC_Database,Sellaphora,000435AA.png,14207434903418911017
ADIAC_Database,Sellaphora,000115B.png,9466077336943541322
ADIAC_Database,Sellaphora,000309.png,14227779756983614014
ADIAC_Database,Sellaphora,000123B.png,16545546779282757738
ADIAC_Database,Sellaphora,001851AA.png,12275301466936613530
ADIAC_Database,Sellaphora,000435BA.png,15650802609345084776
ADIAC_Database,Sellaphora,001849AA.png,12564111003021069202
ADIAC_Database,Epithemia,000191.png,9572079168044413555
ADIAC_Database,Epithemia,000193.png,15985129793014816818
ADIAC_Database,Epithemia,000438AB.png,13061247370688214962
ADIAC_Database,Epithemia,000438AA.png,13061238574595209138
ADIAC_Database,Epithemia,000439AB.png,17332048311038851058
ADIAC_Database,Epithemia,000440BA.png,17475038631657894787
ADIAC_Database,Epithemia,001950AA.png,17916312297885755334
ADIAC_Database,Epithemia,000192.png,13894483690075993039
ADIAC_Database,Epithemia,001295AA.png,13563860006728136355
ADIAC_Database,Epithemia,000193B.png,13951802956952712291
ADIAC_Database,Epithemia,001951AA.png,18199190472153442290
ADIAC_Database,Epithemia,001952AA.png,17055843225424720846
ADIAC_Database,Epithemia,000192B.png,14164611500897022671
ADIAC_Database,Epithemia,001955AA.png,17642512108088472219
ADIAC_Database,Epithemia,000440BB.png,17294912237679424499
ADIAC_Database,Epithemia,000190B.png,11589885058263037842
ADIAC_Database,Epithemia,001953AA.png,9259646982886356914
ADIAC_Database,Epithemia,000439AA.png,17979440758010230326
ADIAC_Database,Epithemia,001293AA.png,13664152784494408387
ADIAC_Database,Epithemia,001296AA.png,17641324652711391971
ADIAC_Database,Epithemia,001294AA.png,13038707129168442263
ADIAC_Database,Epithemia,001954AA.png,17433877379275567763
ADIAC_Database,Epithemia,001947AA.png,18195319977281598407
ADIAC_Database,Epithemia,000438BA.png,13061247371761973026
ADIAC_Database,Epithemia,000440CA.png,16358145924070011843
ADIAC_Database,Epithemia,001949AA.png,17348652036718211983
ADIAC_Database,Epithemia,001297AA.png,11637802713713833554
ADIAC_Database,Epithemia,001948AA.png,18280325908804940579
ADIAC_Database,Epithemia,000191B.png,9769111651753407075
ADIAC_Database,Epithemia,000440AA.png,17619154369489433379
ADIAC_Database,Epithemia,000190.png,11589885125908789122
ADIAC_Database,Epithemia,000158B.png,11723098032878416231
ADIAC_Database,Synedra,000096B.png,10336091411442548236
ADIAC_Database,Synedra,000934BA.png,9634160321458409077
ADIAC_Database,Synedra,000940AB.png,16069124852031633416
ADIAC_Database,Synedra,000101B.png,14563687905331544371
ADIAC_Database,Synedra,001183AA.png,16510784263064225399
ADIAC_Database,Synedra,000221B.png,15607002624600099406
ADIAC_Database,Synedra,000221.png,15893262693582531150
ADIAC_Database,Synedra,000157B.png,16223534350408007420
ADIAC_Database,Synedra,000217.png,10851747219534761011
ADIAC_Database,Synedra,000940AA.png,15519696764018309180
ADIAC_Database,Synedra,000934AB.png,16068984094145840181
ADIAC_Database,Synedra,000934AA.png,9635211179696922165
ADIAC_Database,Synedra,000217B.png,10384569126943427699
ADIAC_Database,Surirella,000450AB.png,18018871475774163432
ADIAC_Database,Surirella,000892AA.png,13772184741193595929
ADIAC_Database,Surirella,002203AA.png,13804307946203460664
ADIAC_Database,Surirella,002185AA.png,14140111178915722777
ADIAC_Database,Surirella,002184AA.png,17000667291648471100
ADIAC_Database,Surirella,002191AA.png,11485833335558188350
ADIAC_Database,Surirella,002186AA.png,14357107139830887480
ADIAC_Database,Surirella,000229B.png,13888491388882032337
ADIAC_Database,Surirella,000263.png,9965270419077213500
ADIAC_Database,Surirella,000894AA.png,16837434235808737637
ADIAC_Database,Surirella,002198AA.png,12357196506997142588
ADIAC_Database,Surirella,000891AB.png,16145376122386135494
ADIAC_Database,Surirella,002189AA.png,10535721422728377783
ADIAC_Database,Surirella,002192AA.png,15623252022818011261
ADIAC_Database,Surirella,002187AA.png,14832100303041736045
ADIAC_Database,Surirella,000547BA.png,13610937027154427617
ADIAC_Database,Surirella,000323.png,9625754351053408181
ADIAC_Database,Surirella,002197AA.png,9768172111786145008
ADIAC_Database,Surirella,002190AA.png,10039021486234876975
ADIAC_Database,Surirella,002204AA.png,10596531967859011918
ADIAC_Database,Surirella,000229.png,14820525955271004821
ADIAC_Database,Surirella,002205AA.png,14216615940738202685
ADIAC_Database,Surirella,000547BB.png,13558019732071784161
ADIAC_Database,Surirella,002188AA.png,15523772126650379573
ADIAC_Database,Surirella,000311.png,10613771382504909468
ADIAC_Database,Surirella,000230B.png,13277577327167506304
ADIAC_Database,Surirella,000263B.png,9822316348632481760
ADIAC_Database,Surirella,002202AA.png,11200399755681346605
ADIAC_Database,Surirella,002200AA.png,11497549688589706464
ADIAC_Database,Surirella,000547AA.png,13105689453054080003
ADIAC_Database,Surirella,002199AA.png,16136328063754448958
ADIAC_Database,Surirella,000450AA.png,10026602048462481772
ADIAC_Database,Surirella,002196AA.png,14949470832912183356
ADIAC_Database,Surirella,000311B.png,15133211862883708924
ADIAC_Database,Surirella,000323B.png,14992474429460562591
ADIAC_Database,Surirella,002194AA.png,10178052438587290676
ADIAC_Database,Surirella,002201AA.png,11447799234761269300
ADIAC_Database,Surirella,000324.png,12202130811136858789
ADIAC_Database,Surirella,002195AA.png,10320896385063007541
ADIAC_Database,Surirella,000894AB.png,17874487899486104035
ADIAC_Database,Surirella,002193AA.png,0
ADIAC_Database,Surirella,000324B.png,16813812432540883617
ADIAC_Database,Surirella,000891AA.png,15337170351656549535
ADIAC_Database,Surirella,000892AB.png,16723541128433306087
ADIAC_Database,Aulacoseira,000679AA.png,13063493556580553419
ADIAC_Database,Aulacoseira,000674AA.png,13066584456902789314
ADIAC_Database,Aulacoseira,000674BB.png,17678269375826659538
ADIAC_Database,Aulacoseira,000679CA.png,12991700906173766509
ADIAC_Database,Aulacoseira,000674CA.png,13066583353221352106
ADIAC_Database,Aulacoseira,000679BB.png,17586514922988279497
ADIAC_Database,Aulacoseira,000679BA.png,12973422664618513099
ADIAC_Database,Aulacoseira,000674BA.png,13066584456911046786
ADIAC_Database,Cymbella,000436BB.png,13133014500852703607
ADIAC_Database,Cymbella,000668BA.png,11319969445850411999
ADIAC_Database,Cymbella,000656BA.png,18102663190720363824
ADIAC_Database,Cymbella,000326.png,15879919655444034787
ADIAC_Database,Cymbella,000477BB.png,9838069473372022258
ADIAC_Database,Cymbella,001698AA.png,12602695849242355094
ADIAC_Database,Cymbella,000282B.png,15032851794367625072
ADIAC_Database,Cymbella,000476BA.png,12006463902686732770
ADIAC_Database,Cymbella,000485AA.png,11727868052257715379
ADIAC_Database,Cymbella,001709AA.png,11054793775123624135
ADIAC_Database,Cymbella,001530AA.png,17452998088174943346
ADIAC_Database,Cymbella,000198.png,14164981138417548336
ADIAC_Database,Cymbella,001511AA.png,17462357959780934291
ADIAC_Database,Cymbella,000493BA.png,13834073959840297016
ADIAC_Database,Cymbella,000352B.png,15423279967386477922
ADIAC_Database,Cymbella,000213.png,10433515759781294835
ADIAC_Database,Cymbella,001702AA.png,13417566667093324131
ADIAC_Database,Cymbella,001515AA.png,13857821923260331383
ADIAC_Database,Cymbella,000481BB.png,17655183729199429074
ADIAC_Database,Cymbella,000656BB.png,18087006971112533360
ADIAC_Database,Cymbella,000478BB.png,15070972399865590663
ADIAC_Database,Cymbella,001516AA.png,13823096581473788326
ADIAC_Database,Cymbella,002003AA.png,13101973397963043184
ADIAC_Database,Cymbella,001695AA.png,13718462673096631175
ADIAC_Database,Cymbella,001519AA.png,16918566236180198339
ADIAC_Database,Cymbella,000496BA.png,10784584424612524146
ADIAC_Database,Cymbella,000652AB.png,15997900240489031154
ADIAC_Database,Cymbella,000174B.png,15357076333657338563
ADIAC_Database,Cymbella,000214B.png,9299769922594891734
ADIAC_Database,Cymbella,001690AA.png,9511308854311087408
ADIAC_Database,Cymbella,001528AA.png,13704054861659207730
ADIAC_Database,Cymbella,000198B.png,13879789553900338288
ADIAC_Database,Cymbella,000327.png,16322610041946465734
ADIAC_Database,Cymbella,000276B.png,15604919999799506883
ADIAC_Database,Cymbella,001708AA.png,17118961800183050435
ADIAC_Database,Cymbella,001522AA.png,13458321785409069779
ADIAC_Database,Cymbella,001518AA.png,13314560099959254386
ADIAC_Database,Cymbella,000492BA.png,11999519519113782219
ADIAC_Database,Cymbella,000326B.png,15853742482609943779
ADIAC_Database,Cymbella,000237B.png,13951978058264099299
ADIAC_Database,Cymbella,000481BA.png,15367063747913871810
ADIAC_Database,Cymbella,001689AA.png,12992252905735678407
ADIAC_Database,Cymbella,001684AA.png,13532930078108429449
ADIAC_Database,Cymbella,000214.png,9335732746768967574
ADIAC_Database,Cymbella,000197B.png,10428340906989533491
ADIAC_Database,Cymbella,000268.png,10132390585603728324
ADIAC_Database,Cymbella,000209B.png,18411703872275374135
ADIAC_Database,Cymbella,000197.png,10428358482797869363
ADIAC_Database,Cymbella,000237.png,10222716209953255731
ADIAC_Database,Cymbella,001694AA.png,11414058389883746456
ADIAC_Database,Cymbella,000655CA.png,17537158916426985927
ADIAC_Database,Cymbella,000668BB.png,18231376256381760479
ADIAC_Database,Cymbella,000656AA.png,18101591716634897460
ADIAC_Database,Cymbella,000154B.png,11502572615691480176
ADIAC_Database,Cymbella,000505AA.png,13434735106322937897
ADIAC_Database,Cymbella,001517AA.png,13868694655336805074
ADIAC_Database,Cymbella,001525AA.png,12673348472283624147
ADIAC_Database,Cymbella,000479BA.png,14187062712008467574
ADIAC_Database,Cymbella,001510AA.png,18063869171870217378
ADIAC_Database,Cymbella,000482AB.png,12902795757377030115
ADIAC_Database,Cymbella,001529AA.png,13470500741721650627
ADIAC_Database,Cymbella,001705AA.png,15149727881325470086
ADIAC_Database,Cymbella,001682AA.png,15945522588130244641
ADIAC_Database,Cymbella,001681AA.png,13782318358971563209
ADIAC_Database,Cymbella,000268B.png,9808668050350686176
ADIAC_Database,Cymbella,001514AA.png,13129068352649896899
ADIAC_Database,Cymbella,001700AA.png,10031065395740948601
ADIAC_Database,Cymbella,001524AA.png,13749983408534336195
ADIAC_Database,Cymbella,001706AA.png,16867534277153745351
ADIAC_Database,Cymbella,000496AA.png,10784575722744017106
ADIAC_Database,Cymbella,000436CA.png,11772857045179507063
ADIAC_Database,Cymbella,001688AA.png,14500626312072998964
ADIAC_Database,Cymbella,001691AA.png,17174974569915885954
ADIAC_Database,Cymbella,000477AA.png,13621014543129195762
ADIAC_Database,Cymbella,000208B.png,14920433799750955727
ADIAC_Database,Cymbella,000648BB.png,18339770396461114484
ADIAC_Database,Cymbella,001509AA.png,14552766516847977587
ADIAC_Database,Cymbella,000479AA.png,14187062437198181430
ADIAC_Database,Cymbella,001686AA.png,15540502112426010849
ADIAC_Database,Cymbella,001523AA.png,13823470346749113986
ADIAC_Database,Cymbella,000652AA.png,11442122276278658514
ADIAC_Database,Cymbella,001685AA.png,14858700325052902763
ADIAC_Database,Cymbella,001701AA.png,9978781653943021718
ADIAC_Database,Cymbella,000668AA.png,11249037751719326687
ADIAC_Database,Cymbella,000493AA.png,12530002432866611248
ADIAC_Database,Cymbella,000216.png,12323980871914500851
ADIAC_Database,Cymbella,000482AA.png,12902621484736554095
ADIAC_Database,Cymbella,000327B.png,16755587825359988166
ADIAC_Database,Cymbella,000649BB.png,18303737201397869936
ADIAC_Database,Cymbella,001513AA.png,10043243907308074099
ADIAC_Database,Cymbella,000478BA.png,15088423985859556231
ADIAC_Database,Cymbella,000224B.png,10793814985423729783
ADIAC_Database,Cymbella,001711AA.png,12327166505010095555
ADIAC_Database,Cymbella,000479BB.png,15619277697840063730
ADIAC_Database,Cymbella,001697AA.png,13321578218297520323
ADIAC_Database,Cymbella,001707AA.png,11925392171187580977
ADIAC_Database,Cymbella,000481AA.png,15546922959497343186
ADIAC_Database,Cymbella,000209.png,18412828672670588983
ADIAC_Database,Cymbella,001699AA.png,13718459035256631523
ADIAC_Database,Cymbella,000648AA.png,12586598666974688308
ADIAC_Database,Cymbella,000478AA.png,17556397681153438343
ADIAC_Database,Cymbella,000655BB.png,18401941218448122339
ADIAC_Database,Cymbella,001710AA.png,17225589743488345282
ADIAC_Database,Cymbella,001693AA.png,10749799061142665266
ADIAC_Database,Cymbella,000476BB.png,11970523064991491570
ADIAC_Database,Cymbella,000352.png,15503746626320425250
ADIAC_Database,Cymbella,000059B.png,9880549991006157922
ADIAC_Database,Cymbella,000276.png,15750106221785658307
ADIAC_Database,Cymbella,000210B.png,12621268456920921202
ADIAC_Database,Cymbella,000216B.png,12251990348091110386
ADIAC_Database,Cymbella,000649BA.png,17198351530460985380
ADIAC_Database,Cymbella,000492AA.png,11999805387858814602
ADIAC_Database,Cymbella,000313B.png,15675160665817027442
ADIAC_Database,Cymbella,000351B.png,10414558880093714418
ADIAC_Database,Cymbella,000213B.png,10434641384810230515
ADIAC_Database,Cymbella,000496BB.png,10784619334118749296
ADIAC_Database,Cymbella,000655AA.png,15519615552598077667
ADIAC_Database,Cymbella,001521AA.png,16237599449310114451
ADIAC_Database,Cymbella,000208.png,16068892387722748879
ADIAC_Database,Cymbella,000436AA.png,12061087420794872181
ADIAC_Database,Cymbella,000173B.png,17497559992690025942
ADIAC_Database,Cymbella,000224.png,10793814985419812983
ADIAC_Database,Cymbella,000485BA.png,12306583902892930258
ADIAC_Database,Cymbella,000493BB.png,18018885002522003184
ADIAC_Database,Cymbella,001687AA.png,13132637973728165242
ADIAC_Database,Cymbella,000505BA.png,16736085740145424487
ADIAC_Database,Cymbella,001696AA.png,12843571021937926450
ADIAC_Database,Cymbella,001527AA.png,12908022466784606163
ADIAC_Database,Cymbella,001512AA.png,15390440803589448039
ADIAC_Database,Cymbella,000210.png,12621268456904160370
ADIAC_Database,Cymbella,000648BA.png,12145245903761863796
ADIAC_Database,Cymbella,000211.png,9932161066697830578
ADIAC_Database,Cymbella,000436BA.png,12097111819766800759
ADIAC_Database,Cymbella,000476AA.png,12078522045406667122
ADIAC_Database,Cymbella,000492BB.png,11963770822686967771
ADIAC_Database,Cymbella,000477BA.png,9572006900891722962
ADIAC_Database,Cymbella,001692AA.png,13719270847034191205
ADIAC_Database,Cymbella,000248.png,10792141225172155956
ADIAC_Database,Cymbella,000485BB.png,16862555468134360530
ADIAC_Database,Cymbella,000141B.png,18334317421899870501
ADIAC_Database,Cymbella,000649AA.png,11431474628295157799
ADIAC_Database,Cymbella,001526AA.png,11461520624648484211
ADIAC_Database,Cymbella,000248B.png,10506726143185403632
ADIAC_Database,Cymbella,001683AA.png,11394023745930488116
ADIAC_Database,Cymbella,000211B.png,9358132436260959459
ADIAC_Database,Cymbella,001704AA.png,12094583264068269606
ADIAC_Database,Cymbella,001506AA.png,16133248512580395971
ADIAC_Database,Cymbella,000505BB.png,16718456997488898290
ADIAC_Database,Cymbella,000493CA.png,9272861572061675457
ADIAC_Database,Cymbella,001703AA.png,17034744413838451126
ADIAC_Database,Cymbella,000351.png,10792711972909823122
ADIAC_Database,Cymbella,000282.png,13895908388442501939
ADIAC_Database,Cymbella,001520AA.png,16965201624915779826
ADIAC_Database,Cymbella,001507AA.png,17924562977394274451
ADIAC_Database,Cymbella,000655BA.png,16096023733427794403
ADIAC_Database,Cymbella,000313.png,10120448427328923352
ADIAC_Database,Pinnularia,001219BA.png,15408127873506440533
ADIAC_Database,Pinnularia,002123AA.png,9686881287257625637
ADIAC_Database,Pinnularia,001272AA.png,18226281334600642767
ADIAC_Database,Pinnularia,000597AA.png,18061064906539167892
ADIAC_Database,Pinnularia,001243AA.png,11937587603114307719
ADIAC_Database,Pinnularia,000061B.png,13870805921032072991
ADIAC_Database,Pinnularia,000603BA.png,18250767186098467919
ADIAC_Database,Pinnularia,000232.png,9569070775977441483
ADIAC_Database,Pinnularia,000184B.png,15753292609966058859
ADIAC_Database,Pinnularia,000596BB.png,17872519758355707617
ADIAC_Database,Pinnularia,002122AA.png,16407514428155563444
ADIAC_Database,Pinnularia,000092B.png,10986726973262294859
ADIAC_Database,Pinnularia,002129AA.png,15093946609940592764
ADIAC_Database,Pinnularia,000598AA.png,11150284146315239740
ADIAC_Database,Pinnularia,001217BA.png,9259165542630088701
ADIAC_Database,Pinnularia,000600AA.png,11990450446464611123
ADIAC_Database,Pinnularia,001252AA.png,17231252119097915551
ADIAC_Database,Pinnularia,000717BA.png,16071869487573270241
ADIAC_Database,Pinnularia,001216AA.png,15371422619849923698
ADIAC_Database,Pinnularia,002138AA.png,14776919192705997349
ADIAC_Database,Pinnularia,002126AA.png,15233477059098395508
ADIAC_Database,Pinnularia,001248BA.png,15580683605158407651
ADIAC_Database,Pinnularia,000604BA.png,16457993923090297770
ADIAC_Database,Pinnularia,000598BA.png,11145780546687870237
ADIAC_Database,Pinnularia,000602AA.png,10335079929915126799
ADIAC_Database,Pinnularia,000262B.png,16149873507245768515
ADIAC_Database,Pinnularia,001251AA.png,13528203608123783316
ADIAC_Database,Pinnularia,000773BA.png,9856817817241288375
ADIAC_Database,Pinnularia,000599BA.png,12677808735732117534
ADIAC_Database,Pinnularia,002136AA.png,13958262427651227766
ADIAC_Database,Pinnularia,002124AA.png,13997237085505788192
ADIAC_Database,Pinnularia,001245AA.png,15975887712572960899
ADIAC_Database,Pinnularia,000599AA.png,17284982427158589470
ADIAC_Database,Pinnularia,001215AA.png,15578991466872593959
ADIAC_Database,Pinnularia,000663AA.png,16161410216427876984
ADIAC_Database,Pinnularia,001217AA.png,9259253503056969653
ADIAC_Database,Pinnularia,002131AA.png,14142753771004050743
ADIAC_Database,Pinnularia,002121AA.png,9503272963088382686
ADIAC_Database,Pinnularia,000602BA.png,10263374183889386883
ADIAC_Database,Pinnularia,000601BB.png,15136311946388018947
ADIAC_Database,Pinnularia,000601CA.png,9964921870556282847
ADIAC_Database,Pinnularia,002130AA.png,12261741979200734842
ADIAC_Database,Pinnularia,002118AA.png,10046937296807301987
ADIAC_Database,Pinnularia,001244AA.png,13316817407065534870
ADIAC_Database,Pinnularia,002134AA.png,13853282731541538607
ADIAC_Database,Pinnularia,000205B.png,14077339687690386529
ADIAC_Database,Pinnularia,000601AA.png,9390761167610509059
ADIAC_Database,Pinnularia,001249AA.png,13464285732943461842
ADIAC_Database,Pinnularia,001219AA.png,15408127875651826775
ADIAC_Database,Pinnularia,000600BB.png,17728123229101496041
ADIAC_Database,Pinnularia,000600CA.png,9684664608742582869
ADIAC_Database,Pinnularia,000604BB.png,16431095198981882874
ADIAC_Database,Pinnularia,000717BB.png,16069111774971854561
ADIAC_Database,Pinnularia,000654AB.png,18026428908305542037
ADIAC_Database,Pinnularia,001246AA.png,17938279647148386010
ADIAC_Database,Pinnularia,000599BB.png,17221940759753667646
ADIAC_Database,Pinnularia,000602BB.png,11386212569329708530
ADIAC_Database,Pinnularia,001249BA.png,13462033933213662418
ADIAC_Database,Pinnularia,000717CA.png,10341623903004032736
ADIAC_Database,Pinnularia,000596BA.png,12133425716991309409
ADIAC_Database,Pinnularia,002132AA.png,14409274841525866503
ADIAC_Database,Pinnularia,002120AA.png,15942519139852824624
ADIAC_Database,Pinnularia,000663BA.png,11531991274467719786
ADIAC_Database,Pinnularia,001248AA.png,15580683605156379001
ADIAC_Database,Pinnularia,002119AA.png,11988983777127054646
ADIAC_Database,Pinnularia,001273AA.png,18374898610428127175
ADIAC_Database,Pinnularia,002128AA.png,14585532182394512233
ADIAC_Database,Pinnularia,000603BB.png,18160747970094445775
ADIAC_Database,Pinnularia,000773BB.png,12394609401404140471
ADIAC_Database,Pinnularia,000596CA.png,12426792921808991834
ADIAC_Database,Pinnularia,000596AA.png,18401943691515802225
ADIAC_Database,Pinnularia,000232B.png,9267672922579811786
ADIAC_Database,Pinnularia,000598BB.png,13442616356646823197
ADIAC_Database,Pinnularia,000175B.png,10653335563498650735
ADIAC_Database,Pinnularia,000236B.png,9232355371624996494
ADIAC_Database,Pinnularia,000654AA.png,14572163596132970389
ADIAC_Database,Pinnularia,002137AA.png,10753092043884615798
ADIAC_Database,Pinnularia,000603AA.png,18430348186880128061
ADIAC_Database,Pinnularia,001250BA.png,10314809451716312211
ADIAC_Database,Pinnularia,001250AA.png,10314527974593166547
ADIAC_Database,Pinnularia,000600BA.png,11990453740704822156
ADIAC_Database,Pinnularia,000663BB.png,16573524749524611194
ADIAC_Database,Pinnularia,000773AA.png,9854564918234807701
ADIAC_Database,Pinnularia,000262.png,13027852916006072651
ADIAC_Database,Pinnularia,000773CA.png,9244262477542817701
ADIAC_Database,Pinnularia,000597BB.png,18016063538441373140
ADIAC_Database,Pinnularia,002135AA.png,13920064872533750110
ADIAC_Database,Pinnularia,000236.png,9560661916203930310
ADIAC_Database,Pinnularia,000597BA.png,15719122725189086484
ADIAC_Database,Pinnularia,000604CA.png,17682411205667795336
ADIAC_Database,Pinnularia,000604AA.png,16458020861670687538
ADIAC_Database,Pinnularia,000601BA.png,9388509359073261315
ADIAC_Database,Pinnularia,000205.png,14648737154588423284
ADIAC_Database,Pinnularia,002140AA.png,15357559515915452287
ADIAC_Database,Pinnularia,000717AA.png,16109587005670457057
ADIAC_Database,Pinnularia,002133AA.png,14327137597590439727
ADIAC_Database,Pinnularia,001247AA.png,10064617466247593366
ADIAC_Database,Pinnularia,000231B.png,13843624672512949954
ADIAC_Database,Pinnularia,000063B.png,10416661130380320453
ADIAC_Database,Pinnularia,002125AA.png,13966818256070433645
ADIAC_Database,Craticula,000087B.png,18280608796718504589
ADIAC_Database,Craticula,000124B.png,10992113864947117517
ADIAC_Database,Craticula,000155B.png,14669542688631644275
ADIAC_Database,Craticula,000076B.png,15313786873614253951
ADIAC_Database,Frustulia,001241AA.png,9223637019157006472
ADIAC_Database,Frustulia,000261B.png,16149743812102590304
ADIAC_Database,Frustulia,000633AA.png,15156501336262560338
ADIAC_Database,Frustulia,000635BB.png,18338798420256088063
ADIAC_Database,Frustulia,000569AB.png,14051654452150860024
ADIAC_Database,Frustulia,000634AB.png,18303462319171079416
ADIAC_Database,Frustulia,000569AA.png,14069668833480472824
ADIAC_Database,Frustulia,000634AA.png,12605246001970251914
ADIAC_Database,Frustulia,001214AA.png,13170359540905515342
ADIAC_Database,Frustulia,001237AA.png,16307469962627395459
ADIAC_Database,Frustulia,001242AA.png,16872943606017637826
ADIAC_Database,Frustulia,000646AB.png,13691221043849365758
ADIAC_Database,Frustulia,000635AA.png,17636236878923169279
ADIAC_Database,Frustulia,001240AA.png,14395349091202710820
ADIAC_Database,Frustulia,001238AA.png,15547602122821954826
ADIAC_Database,Frustulia,000633AB.png,15155947182402161234
ADIAC_Database,Frustulia,000635BA.png,18365820017982570367
ADIAC_Database,Frustulia,000261.png,16472595335505847403
ADIAC_Database,Frustulia,000646AA.png,13033911712543312078
ADIAC_Database,Frustulia,001239AA.png,16040595920500239656
ADIAC_Database,Caloneis,001943AA.png,16858281276593905408
ADIAC_Database,Caloneis,000721AA.png,18433444761557286800
ADIAC_Database,Caloneis,000758CA.png,14608956519623793189
ADIAC_Database,Caloneis,001940AA.png,13697399519504403445
ADIAC_Database,Caloneis,000815AA.png,16870195863917416240
ADIAC_Database,Caloneis,000664AA.png,10022714542140305213
ADIAC_Database,Caloneis,000266B.png,13875356837868506936
ADIAC_Database,Caloneis,001941AA.png,11337236100393000533
ADIAC_Database,Caloneis,000721BB.png,18410931092881686420
ADIAC_Database,Caloneis,000723BA.png,12276994238222858301
ADIAC_Database,Caloneis,001322AA.png,14619495103139008117
ADIAC_Database,Caloneis,000239.png,15046569714823488410
ADIAC_Database,Caloneis,001945AA.png,10206957320931040800
ADIAC_Database,Caloneis,000535AB.png,14813162239479618157
ADIAC_Database,Caloneis,001325AA.png,11108750610188324212
ADIAC_Database,Caloneis,000307.png,9353197538850412131
ADIAC_Database,Caloneis,001323AA.png,14048263369363787574
ADIAC_Database,Caloneis,001324AA.png,11458833515004135796
ADIAC_Database,Caloneis,000721DA.png,16132109649198545815
ADIAC_Database,Caloneis,001321AA.png,12132452030067075485
ADIAC_Database,Caloneis,000536AB.png,16109011961471642736
ADIAC_Database,Caloneis,001327AA.png,11183828313616605018
ADIAC_Database,Caloneis,000721CA.png,16132109685709880213
ADIAC_Database,Caloneis,000535AA.png,14813154542898223725
ADIAC_Database,Caloneis,000758BA.png,14032497966328945196
ADIAC_Database,Caloneis,000723CA.png,12276994229649635390
ADIAC_Database,Caloneis,001946AA.png,16762667603625287287
ADIAC_Database,Caloneis,000758CB.png,16901429467426888676
ADIAC_Database,Caloneis,000723AA.png,12278085494917200029
ADIAC_Database,Caloneis,000081B.png,15154543228528651071
ADIAC_Database,Caloneis,000721BA.png,18442451892092551056
ADIAC_Database,Caloneis,000723DA.png,12278120421613725758
ADIAC_Database,Caloneis,001320AA.png,10177187372458315120
ADIAC_Database,Caloneis,000815CA.png,17014284659421213564
ADIAC_Database,Caloneis,001319AA.png,11466570211141717364
ADIAC_Database,Caloneis,000153B.png,15306490811425762619
ADIAC_Database,Caloneis,001938AA.png,16993964603392711456
ADIAC_Database,Caloneis,000758AA.png,14032495767322466860
ADIAC_Database,Caloneis,001939AA.png,14605989233875983905
ADIAC_Database,Caloneis,000239B.png,14059221461862727363
ADIAC_Database,Caloneis,000815BA.png,16867917813264665404
ADIAC_Database,Caloneis,000815AB.png,18303470019818393592
ADIAC_Database,Caloneis,000185B.png,10961585839926190030
ADIAC_Database,Caloneis,000813AA.png,17739643956276451900
ADIAC_Database,Caloneis,000813AB.png,18307097509325134396
ADIAC_Database,Caloneis,000664BA.png,11463866148004179869
ADIAC_Database,Caloneis,000813CA.png,17739081006457232015
ADIAC_Database,Caloneis,000307B.png,9263758830845599330
ADIAC_Database,Caloneis,000266.png,9279719291158315839
ADIAC_Database,Caloneis,000167B.png,18023388257257164747
ADIAC_Database,Caloneis,001326AA.png,10011204883423792595
ADIAC_Database,Caloneis,000536AA.png,10344404472532118576
ADIAC_Database,Caloneis,000813BA.png,17739643956276451885
ADIAC_Database,Caloneis,001944AA.png,11233578749419704100
ADIAC_Database,Caloneis,000664BB.png,11458273457560235965
ADIAC_Database,Caloneis,001942AA.png,9796847785916682080
ADIAC_Database,Diatoma,000371.png,14827592041291658033
ADIAC_Database,Diatoma,000703BB.png,18384485333923081596
ADIAC_Database,Diatoma,001727AA.png,11634370373647821256
ADIAC_Database,Diatoma,001731AA.png,17639926369417782374
ADIAC_Database,Diatoma,001721AA.png,17592963509993524425
ADIAC_Database,Diatoma,000830BB.png,15568800979183665388
ADIAC_Database,Diatoma,001433AA.png,15566293188928955595
ADIAC_Database,Diatoma,001726AA.png,12702056462203476698
ADIAC_Database,Diatoma,001966AA.png,18412281523198046400
ADIAC_Database,Diatoma,001435AA.png,10063522474537088138
ADIAC_Database,Diatoma,001965AA.png,12491508164922171840
ADIAC_Database,Diatoma,000370.png,9826330417434489716
ADIAC_Database,Diatoma,001725AA.png,16216783441234000227
ADIAC_Database,Diatoma,001972AA.png,12912861958022705971
ADIAC_Database,Diatoma,001728AA.png,13033843068021390529
ADIAC_Database,Diatoma,001434AA.png,14771405877893427400
ADIAC_Database,Diatoma,001729AA.png,11635496205919341667
ADIAC_Database,Diatoma,001715AA.png,12419731926820429528
ADIAC_Database,Diatoma,000367B.png,16864830834389432052
ADIAC_Database,Diatoma,001973AA.png,13229469088983563479
ADIAC_Database,Diatoma,000693BB.png,15889818946340399771
ADIAC_Database,Diatoma,001971AA.png,18195545700906103246
ADIAC_Database,Diatoma,000703BA.png,17233745586803271980
ADIAC_Database,Diatoma,001719AA.png,12200135347351476251
ADIAC_Database,Diatoma,001720AA.png,12233613440735287397
ADIAC_Database,Diatoma,001723AA.png,11865181151630617049
ADIAC_Database,Diatoma,000610BB.png,13330866012912394238
ADIAC_Database,Diatoma,000371B.png,14492425436824878945
ADIAC_Database,Diatoma,001432AA.png,10143184308490417347
ADIAC_Database,Diatoma,001718AA.png,11649073588655708513
ADIAC_Database,Diatoma,001713AA.png,13014491306689219640
ADIAC_Database,Diatoma,001427AA.png,10327827118278783126
ADIAC_Database,Diatoma,000370B.png,14420493260294992752
ADIAC_Database,Diatoma,000830AA.png,9295286698256564425
ADIAC_Database,Diatoma,001430AA.png,10338176121083078105
ADIAC_Database,Diatoma,001722AA.png,12511236811031136608
ADIAC_Database,Diatoma,001431AA.png,17997654103757631950
ADIAC_Database,Diatoma,000367.png,16927423969766045364
ADIAC_Database,Diatoma,000182B.png,13879632710292551993
ADIAC_Database,Diatoma,001967AA.png,12547474096980850064
ADIAC_Database,Diatoma,001970AA.png,12129270687492892569
ADIAC_Database,Diatoma,001734AA.png,11866355838951890033
ADIAC_Database,Diatoma,001730AA.png,12422215745462737113
ADIAC_Database,Diatoma,001974AA.png,12369633386895783299
ADIAC_Database,Diatoma,001717AA.png,13595471588636151707
ADIAC_Database,Diatoma,000066B.png,14639319890437748832
ADIAC_Database,Diatoma,000703AA.png,17663839419936106814
ADIAC_Database,Diatoma,000693AA.png,15313340911080204955
ADIAC_Database,Diatoma,000608BA.png,16681245403494539331
ADIAC_Database,Diatoma,000610BA.png,9295640815508307439
ADIAC_Database,Diatoma,000608BB.png,16648669003421352187
ADIAC_Database,Diatoma,000693BA.png,15313340979797584539
ADIAC_Database,Diatoma,001714AA.png,13350572118886619493
ADIAC_Database,Diatoma,001969AA.png,12584395663144478087
ADIAC_Database,Diatoma,000830BA.png,9295286698667607168
ADIAC_Database,Diatoma,000608AA.png,16104802449532829920
ADIAC_Database,Diatoma,001712AA.png,11631274587050830183
ADIAC_Database,Diatoma,000166B.png,15868476685801291528
ADIAC_Database,Diatoma,001428AA.png,15884408363132477579
ADIAC_Database,Diatoma,001716AA.png,12411594664910924850
ADIAC_Database,Diatoma,001732AA.png,12159581552975022179
ADIAC_Database,Diatoma,001429AA.png,15972813405817938645
ADIAC_Database,Diatoma,001968AA.png,9944185469590053318
ADIAC_Database,Diatoma,001724AA.png,16441396526329916515
ADIAC_Database,Diatoma,001436AA.png,10019542096445534675
ADIAC_Database,Diatoma,000610AA.png,10448846578230146095
ADIAC_Database,Diatoma,001733AA.png,12982685403247635553
ADIAC_Database,Pseudostaurosira,000560BB.png,12828495107811509977
ADIAC_Database,Pseudostaurosira,000116B.png,10320217860987042177
ADIAC_Database,Pseudostaurosira,000088B.png,14067208675136412979
ADIAC_Database,Pseudostaurosira,000137B.png,14068199408093742701
ADIAC_Database,Pseudostaurosira,000560CA.png,12799961824327067289
ADIAC_Database,Pseudostaurosira,001185AA.png,9609964030062573106
ADIAC_Database,Pseudostaurosira,000560AA.png,12864979688394888038
ADIAC_Database,Pseudostaurosira,000560BA.png,12872021647922636441
ADIAC_Database,Pseudostaurosira,000138B.png,14643701334718062151
ADIAC_Database,Stephanodiscus,000907BA.png,13872435398975337730
ADIAC_Database,Stephanodiscus,001210BA.png,12758299873583127876
ADIAC_Database,Stephanodiscus,000840CB.png,17657173913268431700
ADIAC_Database,Stephanodiscus,000917CA.png,12711232311748224572
ADIAC_Database,Stephanodiscus,000917BB.png,16145393766850632930
ADIAC_Database,Stephanodiscus,000675AA.png,16421126021856785096
ADIAC_Database,Stephanodiscus,000907BB.png,13835596949089826242
ADIAC_Database,Stephanodiscus,000271B.png,12928870574039067795
ADIAC_Database,Stephanodiscus,000675BA.png,16169838064022533903
ADIAC_Database,Stephanodiscus,001210AA.png,11749777239482685132
ADIAC_Database,Stephanodiscus,001211AA.png,11664498218780501910
ADIAC_Database,Stephanodiscus,001204BA.png,11911972020860102876
ADIAC_Database,Stephanodiscus,000840BA.png,18230723571098364501
ADIAC_Database,Stephanodiscus,000840AA.png,18374838759174220372
ADIAC_Database,Stephanodiscus,000907AA.png,13871450786304533762
ADIAC_Database,Stephanodiscus,000917BA.png,11561899638864243774
ADIAC_Database,Stephanodiscus,000907CA.png,15182982738990568714
ADIAC_Database,Stephanodiscus,001204AA.png,12054966740599367385
ADIAC_Database,Stephanodiscus,000135B.png,14460927111383394138
ADIAC_Database,Stephanodiscus,001208BA.png,11631331218541985055
ADIAC_Database,Stephanodiscus,000917AA.png,12134701216570565859
ADIAC_Database,Stephanodiscus,000271.png,12768017012584102268
ADIAC_Database,Stephanodiscus,001211BA.png,11594972817456346698
ADIAC_Database,Stephanodiscus,000840DA.png,12141376574383261168
ADIAC_Database,Stephanodiscus,001208AA.png,12711350709783048591
ADIAC_Database,Stephanodiscus,000675AB.png,16289465002008785868
ADIAC_Database,Stephanodiscus,000840CA.png,13637051951180458581
ADIAC_Database,Tabellaria,001277AA.png,16444269392590746524
ADIAC_Database,Tabellaria,001876AA.png,10838342178731354774
ADIAC_Database,Tabellaria,001331AA.png,18437880035855737741
ADIAC_Database,Tabellaria,001253AA.png,15242104293515473629
ADIAC_Database,Tabellaria,000623BB.png,18375526507359515608
ADIAC_Database,Tabellaria,000624BA.png,12075771677543707592
ADIAC_Database,Tabellaria,001334AA.png,18386385687326122905
ADIAC_Database,Tabellaria,001333AA.png,13833018873742766989
ADIAC_Database,Tabellaria,000228.png,9283114270975023308
ADIAC_Database,Tabellaria,000296.png,14034462651677068749
ADIAC_Database,Tabellaria,001873AA.png,10563142162909436627
ADIAC_Database,Tabellaria,001330AA.png,18403279971447105488
ADIAC_Database,Tabellaria,001332AA.png,18397351859827471260
ADIAC_Database,Tabellaria,000641BB.png,16034220798436212736
ADIAC_Database,Tabellaria,001875AA.png,12862830070886713523
ADIAC_Database,Tabellaria,000624BB.png,18376885524619081720
ADIAC_Database,Tabellaria,001867AA.png,12863854816508664499
ADIAC_Database,Tabellaria,001199BA.png,15544399454454268716
ADIAC_Database,Tabellaria,000228B.png,9240382850015116492
ADIAC_Database,Tabellaria,001882AA.png,13144498313345448520
ADIAC_Database,Tabellaria,000622AA.png,13500032938556961608
ADIAC_Database,Tabellaria,001868AA.png,13219897408248903737
ADIAC_Database,Tabellaria,000623BA.png,13248064567497765833
ADIAC_Database,Tabellaria,000279B.png,13844030652635688674
ADIAC_Database,Tabellaria,000286.png,9533344416933297757
ADIAC_Database,Tabellaria,000296B.png,13897941790702575048
ADIAC_Database,Tabellaria,001894AA.png,18398757826220078697
ADIAC_Database,Tabellaria,000622BB.png,18014921925048959996
ADIAC_Database,Tabellaria,001866AA.png,14037640678480562725
ADIAC_Database,Tabellaria,001328AA.png,17526186266014676882
ADIAC_Database,Tabellaria,001879AA.png,12909801303174294829
ADIAC_Database,Tabellaria,001870AA.png,12921921218790890008
ADIAC_Database,Tabellaria,000641BA.png,15894398249784082432
ADIAC_Database,Tabellaria,001874AA.png,16004352589219834398
ADIAC_Database,Tabellaria,000279.png,9258353788913804902
ADIAC_Database,Tabellaria,001881AA.png,12851731562921550442
ADIAC_Database,Tabellaria,001892AA.png,12597923212634043340
ADIAC_Database,Tabellaria,001329AA.png,16365189536495596377
ADIAC_Database,Tabellaria,001199AA.png,15544399455974138662
ADIAC_Database,Tabellaria,000641AA.png,9659830867622162432
ADIAC_Database,Tabellaria,001880AA.png,13704104650830854762
ADIAC_Database,Tabellaria,001864AA.png,13164236766470564456
ADIAC_Database,Tabellaria,001893AA.png,11753763123350565841
ADIAC_Database,Tabellaria,001865AA.png,11708186498853335650
ADIAC_Database,Tabellaria,001878AA.png,16011059533110399562
ADIAC_Database,Tabellaria,000286B.png,13843847811463986793
ADIAC_Database,Tabellaria,000622BA.png,12849290263005279192
ADIAC_Database,Tabellaria,001869AA.png,10894987824588405274
ADIAC_Database,Tabellaria,000624AA.png,12943277624482214857
ADIAC_Database,Tabellaria,000623AA.png,16983022072922288776
ADIAC_Database,Tabellaria,001883AA.png,11485518571046055831
ADIAC_Database,Tabellaria,001871AA.png,10548828342514031042
ADIAC_Database,Tabellaria,001877AA.png,10624768835364678248
ADIAC_Database,Tabellaria,001885AA.png,13142299443885059146
ADIAC_Database,Tabellaria,001872AA.png,12928411572283715176
ADIAC_Database,Tabellaria,001884AA.png,10620881383955304386
ADIAC_Database,Achnanthes,000690BA.png,12710793437577884559
ADIAC_Database,Achnanthes,000690CA.png,17340212722334315404
ADIAC_Database,Achnanthes,000922AB.png,15424794390209894607
ADIAC_Database,Achnanthes,000474CA.png,16745443125470835407
ADIAC_Database,Achnanthes,000677AA.png,9259119391075664636
ADIAC_Database,Achnanthes,000452AA.png,13848440215582247423
ADIAC_Database,Achnanthes,000474BA.png,17307553129333534943
ADIAC_Database,Achnanthes,000764BB.png,17298276033809629152
ADIAC_Database,Achnanthes,000765AA.png,13781164017751171838
ADIAC_Database,Achnanthes,000614AA.png,15068753971181630220
ADIAC_Database,Achnanthes,000341B.png,16145387242657955776
ADIAC_Database,Achnanthes,000616BA.png,17011949405590479383
ADIAC_Database,Achnanthes,000676AA.png,17599187649099281372
ADIAC_Database,Achnanthes,001230AA.png,12795790262116574284
ADIAC_Database,Achnanthes,000337B.png,12258782672614332702
ADIAC_Database,Achnanthes,000825BA.png,9732013877122502415
ADIAC_Database,Achnanthes,000613AB.png,18302908195695165888
ADIAC_Database,Achnanthes,000473BA.png,14252440976933335409
ADIAC_Database,Achnanthes,000842CA.png,17082836811706437996
ADIAC_Database,Achnanthes,000942BB.png,18231965487589689587
ADIAC_Database,Achnanthes,000690AA.png,17304395238508082115
ADIAC_Database,Achnanthes,000471AA.png,15119856588040380530
ADIAC_Database,Achnanthes,000677CA.png,9259320986086543257
ADIAC_Database,Achnanthes,000738CB.png,17298317401073520354
ADIAC_Database,Achnanthes,000916AA.png,16819139854805331810
ADIAC_Database,Achnanthes,000677BB.png,9232364963931227128
ADIAC_Database,Achnanthes,000616AA.png,15354347737716905799
ADIAC_Database,Achnanthes,000676BA.png,16295673304238513548
ADIAC_Database,Achnanthes,001236AA.png,17276616313722271624
ADIAC_Database,Achnanthes,000454BB.png,11682287723915385714
ADIAC_Database,Achnanthes,000474AA.png,11556482930897330431
ADIAC_Database,Achnanthes,000765BA.png,18393411070604622306
ADIAC_Database,Achnanthes,000515BB.png,9224496010602551491
ADIAC_Database,Achnanthes,000132B.png,10321662980713988553
ADIAC_Database,Achnanthes,001223AA.png,18403823658571934780
ADIAC_Database,Achnanthes,000334B.png,13986995140015723414
ADIAC_Database,Achnanthes,000825BB.png,14343691099456868111
ADIAC_Database,Achnanthes,000762CB.png,18018871424174793939
ADIAC_Database,Achnanthes,000691AB.png,18237256468587361515
ADIAC_Database,Achnanthes,000895AA.png,12991440428016033871
ADIAC_Database,Achnanthes,000455BB.png,16293390838575415264
ADIAC_Database,Achnanthes,000761CA.png,10364124197682506130
ADIAC_Database,Achnanthes,000922AA.png,15510330884922185992
ADIAC_Database,Achnanthes,001254AA.png,14042106566083703605
ADIAC_Database,Achnanthes,000842BB.png,17082977548124165608
ADIAC_Database,Achnanthes,000691AA.png,18254989392120132719
ADIAC_Database,Achnanthes,000895AB.png,16432493799213380047
ADIAC_Database,Achnanthes,000615AB.png,15372427827775345749
ADIAC_Database,Achnanthes,000452BA.png,9563253932205671167
ADIAC_Database,Achnanthes,000714CA.png,11948837255949882156
ADIAC_Database,Achnanthes,000689BB.png,16289462760237971683
ADIAC_Database,Achnanthes,000714BA.png,12062272762569831216
ADIAC_Database,Achnanthes,000953AA.png,11518013712972224588
ADIAC_Database,Achnanthes,000946BA.png,14641032636739930932
ADIAC_Database,Achnanthes,000107B.png,14961128155346548077
ADIAC_Database,Achnanthes,000612AA.png,14224036044791636301
ADIAC_Database,Achnanthes,000690BB.png,17296020533589062648
ADIAC_Database,Achnanthes,000715BA.png,15017758115092653017
ADIAC_Database,Achnanthes,000762AA.png,18121504349227345043
ADIAC_Database,Achnanthes,000688BA.png,13883346729769071305
ADIAC_Database,Achnanthes,000916BA.png,16819139857372244263
ADIAC_Database,Achnanthes,000616AB.png,18304302247990989255
ADIAC_Database,Achnanthes,000825CA.png,9732013877122502415
ADIAC_Database,Achnanthes,000764BA.png,11584343965510873794
ADIAC_Database,Achnanthes,000763CA.png,17334583022543335641
ADIAC_Database,Achnanthes,001229AA.png,13646683214452698225
ADIAC_Database,Achnanthes,000341.png,13835611530379132680
ADIAC_Database,Achnanthes,000335B.png,16726316962052881834
ADIAC_Database,Achnanthes,001255AA.png,12653074427101114511
ADIAC_Database,Achnanthes,000825AA.png,16073082148114341659
ADIAC_Database,Achnanthes,000333.png,16783265653063043437
ADIAC_Database,Achnanthes,000316.png,10127314874882301068
ADIAC_Database,Achnanthes,000765CA.png,18393410967458839970
ADIAC_Database,Achnanthes,001254BA.png,14042106571007930657
ADIAC_Database,Achnanthes,001227AA.png,13507632817679395267
ADIAC_Database,Achnanthes,000842AA.png,17082836811969631337
ADIAC_Database,Achnanthes,000763CB.png,17298258203504686283
ADIAC_Database,Achnanthes,001234AA.png,17892122466035773998
ADIAC_Database,Achnanthes,000689AA.png,16403953140616448883
ADIAC_Database,Achnanthes,000473BB.png,15099396964588270577
ADIAC_Database,Achnanthes,000738AA.png,10551524557267300454
ADIAC_Database,Achnanthes,000714AA.png,12891429152146403939
ADIAC_Database,Achnanthes,000454BA.png,13729885895943410258
ADIAC_Database,Achnanthes,000338B.png,16735341993877607231
ADIAC_Database,Achnanthes,000946BB.png,17874774846017703665
ADIAC_Database,Achnanthes,000615AA.png,15372287090283337044
ADIAC_Database,Achnanthes,000314.png,11945735671160008899
ADIAC_Database,Achnanthes,000944AB.png,15718786061313514751
ADIAC_Database,Achnanthes,000944AA.png,15718768540728457471
ADIAC_Database,Achnanthes,000945AB.png,18374959206284606599
ADIAC_Database,Achnanthes,000678BA.png,17999139114213266772
ADIAC_Database,Achnanthes,000336B.png,16158845739038949348
ADIAC_Database,Achnanthes,000916BB.png,16793349709923682791
ADIAC_Database,Achnanthes,000340.png,17078073094687359231
ADIAC_Database,Achnanthes,000515AA.png,9260526166979065858
ADIAC_Database,Achnanthes,000333B.png,16735341261216562656
ADIAC_Database,Achnanthes,000452BB.png,9277345173914787583
ADIAC_Database,Achnanthes,000119B.png,9725746760327953529
ADIAC_Database,Achnanthes,001235AA.png,17880838907357176063
ADIAC_Database,Achnanthes,000338.png,13618032533190013663
ADIAC_Database,Achnanthes,000715BB.png,17442398489491482337
ADIAC_Database,Achnanthes,000474BB.png,17296025574533247727
ADIAC_Database,Achnanthes,000677BA.png,9259056828467119096
ADIAC_Database,Achnanthes,000475BB.png,12402898393901579203
ADIAC_Database,Achnanthes,000614AB.png,15136584080463960803
ADIAC_Database,Achnanthes,000339B.png,17567473198602161203
ADIAC_Database,Achnanthes,000688BB.png,16289473720659358409
ADIAC_Database,Achnanthes,000614BA.png,10671001317677164093
ADIAC_Database,Achnanthes,000472BB.png,18018884547506085601
ADIAC_Database,Achnanthes,000122B.png,9473508459342321453
ADIAC_Database,Achnanthes,001224AA.png,13664716323159486486
ADIAC_Database,Achnanthes,000942BA.png,17082351451323179263
ADIAC_Database,Achnanthes,000943AA.png,13870947716818926595
ADIAC_Database,Achnanthes,000454AA.png,11402725967739929154
ADIAC_Database,Achnanthes,001232AA.png,16747627222114444349
ADIAC_Database,Achnanthes,000334.png,15247949443040858502
ADIAC_Database,Achnanthes,000314B.png,11945735671160008899
ADIAC_Database,Achnanthes,000761BA.png,10085182491458890134
ADIAC_Database,Achnanthes,000455BA.png,10548655889716717373
ADIAC_Database,Achnanthes,000475BA.png,12445336326445724161
ADIAC_Database,Achnanthes,000942AA.png,17092730842257895631
ADIAC_Database,Achnanthes,001256AA.png,16903639518447235892
ADIAC_Database,Achnanthes,000715AA.png,12999864432241996659
ADIAC_Database,Achnanthes,000682AA.png,12291874646282626354
ADIAC_Database,Achnanthes,001225AA.png,18381334247739501600
ADIAC_Database,Achnanthes,000732AA.png,17063173839628412057
ADIAC_Database,Achnanthes,000471BB.png,16149276590444720330
ADIAC_Database,Achnanthes,000762CA.png,18115875408038880403
ADIAC_Database,Achnanthes,000732BA.png,17135233632682648731
ADIAC_Database,Achnanthes,000339.png,17567473198590643761
ADIAC_Database,Achnanthes,000943BA.png,13870668440865406467
ADIAC_Database,Achnanthes,000943BB.png,16721855541751610883
ADIAC_Database,Achnanthes,000337.png,13703390579334240716
ADIAC_Database,Achnanthes,000761AA.png,10373131667511781782
ADIAC_Database,Achnanthes,000475CA.png,12444773378236576545
ADIAC_Database,Achnanthes,000682AB.png,12255915668254106994
ADIAC_Database,Achnanthes,001226AA.png,17088506881435988121
ADIAC_Database,Achnanthes,000761CB.png,18016637152115305970
ADIAC_Database,Achnanthes,000691BA.png,15949146489206875331
ADIAC_Database,Achnanthes,000714BB.png,17440133529628521187
ADIAC_Database,Achnanthes,000475AA.png,17056991274276871810
ADIAC_Database,Achnanthes,000738BA.png,10407479737801400430
ADIAC_Database,Achnanthes,000611AA.png,9754541781329978332
ADIAC_Database,Achnanthes,000688AA.png,11568487718012057305
ADIAC_Database,Achnanthes,000738CA.png,10407690844033917550
ADIAC_Database,Achnanthes,000515BA.png,9278540578373312513
ADIAC_Database,Achnanthes,000763AA.png,17334582743370461403
ADIAC_Database,Achnanthes,000732CA.png,16847005444789921433
ADIAC_Database,Achnanthes,000340B.png,16149838990521860327
ADIAC_Database,Achnanthes,000612BA.png,12494513048245526877
ADIAC_Database,Achnanthes,000612AB.png,15926396695326755053
ADIAC_Database,Achnanthes,000764AA.png,11583780946859274439
ADIAC_Database,Achnanthes,000842DA.png,17082836811704602988
ADIAC_Database,Achnanthes,000472BA.png,13773635372352965737
ADIAC_Database,Achnanthes,000762BA.png,18408609942146933891
ADIAC_Database,Achnanthes,000895BA.png,12775197277258866951
ADIAC_Database,Achnanthes,000763BA.png,17631811544098435288
ADIAC_Database,Achnanthes,001228AA.png,16811891231046006239
ADIAC_Database,Achnanthes,000316B.png,12430904984770682060
ADIAC_Database,Achnanthes,000765CB.png,18375517721458130402
ADIAC_Database,Achnanthes,000611AB.png,9732270012561032174
ADIAC_Database,Achnanthes,000336.png,17663353663681826149
ADIAC_Database,Achnanthes,000335.png,12543462474840976810
ADIAC_Database,Achnanthes,000943CA.png,13870668440328535811
ADIAC_Database,Achnanthes,000471BA.png,13867873525693358170
ADIAC_Database,Achnanthes,001236BA.png,17258039102637765263
ADIAC_Database,Achnanthes,000676BB.png,17440145628921535971
ADIAC_Database,Achnanthes,000678AA.png,14540374600397968724
ADIAC_Database,Achnanthes,000732CB.png,16721814871538284265
ADIAC_Database,Achnanthes,000472AA.png,10923353503814290761
ADIAC_Database,Achnanthes,000946AA.png,14639906872640129341
ADIAC_Database,Achnanthes,000615BA.png,15300229496245671265
ADIAC_Database,Achnanthes,000689BA.png,16404023487604748406
ADIAC_Database,Achnanthes,000953AB.png,18309934041757784526
ADIAC_Database,Achnanthes,001255BA.png,12650827008690942095
ADIAC_Database,Achnanthes,000473AA.png,14252441080046039857
ADIAC_Database,Achnanthes,001233AA.png,15979038263256687928
ADIAC_Database,Achnanthes,001256BA.png,16903639509859251316
ADIAC_Database,Achnanthes,000678BB.png,17999138566609114564
ADIAC_Database,Achnanthes,000455AA.png,10567092608115019842
ADIAC_Database,Achnanthes,000842BA.png,17082836811705390444
ADIAC_Database,Achnanthes,000945AA.png,10296236087851888513
ADIAC_Database,Achnanthes,000126B.png,10317966421816981609
ADIAC_Database,Achnanthes,000929AA.png,9451771412023790969
ADIAC_Database,Achnanthes,000613AA.png,11439527916698796512
ADIAC_Database,Achnanthes,000929AB.png,17514481384811797731
ADIAC_Database,Achnanthes,000688CA.png,11939820856361300172
ADIAC_Database,Diploneis,000712BA.png,12550917180339031091
ADIAC_Database,Diploneis,000686AA.png,18194193552272220244
ADIAC_Database,Diploneis,000686CA.png,18184904938250332385
ADIAC_Database,Diploneis,000685BA.png,17636873978920662170
ADIAC_Database,Diploneis,000685AA.png,12513400516761368026
ADIAC_Database,Diploneis,000712AA.png,13703838135190064211
ADIAC_Database,Diploneis,000251B.png,14564485212942639050
ADIAC_Database,Diploneis,000295B.png,14483400615337697218
ADIAC_Database,Diploneis,000712BB.png,13694830807086304497
ADIAC_Database,Diploneis,000251.png,14955665397506149518
ADIAC_Database,Diploneis,000317.png,15445835587542542648
ADIAC_Database,Diploneis,000712CA.png,12550916630566440761
ADIAC_Database,Diploneis,000317B.png,15734347438670948664
ADIAC_Database,Diploneis,000685BB.png,17295743557077906683
ADIAC_Database,Diploneis,000686BB.png,17879239975537680625
ADIAC_Database,Diploneis,000686BA.png,18185186344461099093
ADIAC_Database,Diploneis,000295.png,15996635528949697410
ADIAC_Database,Diploneis,000315B.png,15771390560469847416
ADIAC_Database,Diploneis,000315.png,15850766817434996028
ADIAC_Database,Fallacia,002218AA.png,15339260335848669143
ADIAC_Database,Fallacia,000746BA.png,9728040173379318015
ADIAC_Database,Fallacia,002207AA.png,10778617950708941321
ADIAC_Database,Fallacia,002176AA.png,14590187636138859098
ADIAC_Database,Fallacia,002222AA.png,15409742274252316446
ADIAC_Database,Fallacia,000443BB.png,17298275686722608880
ADIAC_Database,Fallacia,002167AA.png,14716532997099056942
ADIAC_Database,Fallacia,002216AA.png,9850205657715745734
ADIAC_Database,Fallacia,000911BA.png,13352490259707882959
ADIAC_Database,Fallacia,002180AA.png,11161662354284486339
ADIAC_Database,Fallacia,000911AA.png,12199568755134590415
ADIAC_Database,Fallacia,000798BB.png,16793315163786324181
ADIAC_Database,Fallacia,002166AA.png,14386718502673669699
ADIAC_Database,Fallacia,002217AA.png,14727787697634614979
ADIAC_Database,Fallacia,002178AA.png,14604524648464734885
ADIAC_Database,Fallacia,000904AA.png,16164785020556946091
ADIAC_Database,Fallacia,000807DA.png,17035085355929983573
ADIAC_Database,Fallacia,002215AA.png,9311143430576212958
ADIAC_Database,Fallacia,000911AB.png,13260833734844747249
ADIAC_Database,Fallacia,002225AA.png,15104750602726759987
ADIAC_Database,Fallacia,002214AA.png,15457308272518570506
ADIAC_Database,Fallacia,000951BA.png,15396212466189489322
ADIAC_Database,Fallacia,000722AA.png,15363384461103537236
ADIAC_Database,Fallacia,002210AA.png,14788066412833158968
ADIAC_Database,Fallacia,000443AA.png,15333580366494183484
ADIAC_Database,Fallacia,000904AB.png,16149292554887511022
ADIAC_Database,Fallacia,002174AA.png,9961543436725774895
ADIAC_Database,Fallacia,000911CA.png,13352490259699494863
ADIAC_Database,Fallacia,002213AA.png,15024055440486915712
ADIAC_Database,Fallacia,002181AA.png,11488828726567543182
ADIAC_Database,Fallacia,002208AA.png,15357493534279137087
ADIAC_Database,Fallacia,000759BB.png,18234690428646067669
ADIAC_Database,Fallacia,000447AA.png,9224109772614104096
ADIAC_Database,Fallacia,000904BA.png,16311136554884933340
ADIAC_Database,Fallacia,002169AA.png,10236125660766436604
ADIAC_Database,Fallacia,000443BA.png,14189948343247752348
ADIAC_Database,Fallacia,002163AA.png,15953372360601174835
ADIAC_Database,Fallacia,002209AA.png,15646193177425011797
ADIAC_Database,Fallacia,000447BB.png,17302777572154679264
ADIAC_Database,Fallacia,000722BB.png,15354442970553453936
ADIAC_Database,Fallacia,000951AA.png,15107982090037843114
ADIAC_Database,Fallacia,002221AA.png,15935132481710998247
ADIAC_Database,Fallacia,000807BA.png,16888891955451910494
ADIAC_Database,Fallacia,000914AB.png,16149857747316382694
ADIAC_Database,Fallacia,000796AA.png,11567669637379196867
ADIAC_Database,Fallacia,002168AA.png,16002681883392711001
ADIAC_Database,Fallacia,000722BA.png,15363380075933539664
ADIAC_Database,Fallacia,000951AB.png,15072093480751420842
ADIAC_Database,Fallacia,002172AA.png,14212774261073136535
ADIAC_Database,Fallacia,002224AA.png,15576763734466794999
ADIAC_Database,Fallacia,000914BA.png,11958695347981895309
ADIAC_Database,Fallacia,000796BA.png,11565417840794601347
ADIAC_Database,Fallacia,002223AA.png,15212300630681160817
ADIAC_Database,Fallacia,002183AA.png,15301515038524316774
ADIAC_Database,Fallacia,000759BA.png,14805727078001602901
ADIAC_Database,Fallacia,002220AA.png,9630370192129803982
ADIAC_Database,Fallacia,002164AA.png,11485464616088136991
ADIAC_Database,Fallacia,000798CA.png,12224395749632944725
ADIAC_Database,Fallacia,002177AA.png,17598911284754291565
ADIAC_Database,Fallacia,002165AA.png,16102307554220232771
ADIAC_Database,Fallacia,002182AA.png,14727831631664814987
ADIAC_Database,Fallacia,000798AA.png,12226665141632639317
ADIAC_Database,Fallacia,000447CA.png,9336976841770627110
ADIAC_Database,Fallacia,002211AA.png,14996969851470200863
ADIAC_Database,Fallacia,002212AA.png,10795254227280952919
ADIAC_Database,Fallacia,002175AA.png,14140095446342974235
ADIAC_Database,Fallacia,000807AA.png,18044065259863919002
ADIAC_Database,Fallacia,002206AA.png,11310738246402384783
ADIAC_Database,Fallacia,000807CA.png,17176981594249615444
ADIAC_Database,Fallacia,000746CB.png,9728048969338122495
ADIAC_Database,Fallacia,000798BA.png,12226647549446597205
ADIAC_Database,Fallacia,000795AA.png,13301619235411754703
ADIAC_Database,Fallacia,002170AA.png,18368654031825627947
ADIAC_Database,Fallacia,000759AA.png,14265866868713235797
ADIAC_Database,Fallacia,000914AA.png,11958686551888873101
ADIAC_Database,Fallacia,000447BA.png,12770188424042738720
ADIAC_Database,Fallacia,000722CA.png,15363345988925594968
ADIAC_Database,Fallacia,000796BB.png,16141180611565388739
ADIAC_Database,Fallacia,000746AA.png,9728040173379318015
ADIAC_Database,Fallacia,002179AA.png,12146355174894415454
ADIAC_Database,Fallacia,002171AA.png,15356403376293964302
ADIAC_Database,Fallacia,002173AA.png,10242246128193102143
ADIAC_Database,Fallacia,000807BB.png,18015494746581617136
ADIAC_Database,Fallacia,000746CA.png,9728048969338122495
ADIAC_Database,Fallacia,002219AA.png,14081546448533655327
ADIAC_Database,Gomphonema,001566AA.png,12248267257840821402
ADIAC_Database,Gomphonema,001600AA.png,12525304863848294041
ADIAC_Database,Gomphonema,001581AA.png,14613219246866784662
ADIAC_Database,Gomphonema,000508BA.png,15376085875873752357
ADIAC_Database,Gomphonema,001570AA.png,11930759133850461854
ADIAC_Database,Gomphonema,001303AA.png,9993423365830032228
ADIAC_Database,Gomphonema,001299AA.png,15155270762290832805
ADIAC_Database,Gomphonema,001905AA.png,18358590225622774930
ADIAC_Database,Gomphonema,001585AA.png,9529069517689743001
ADIAC_Database,Gomphonema,000662BA.png,16226052546806789218
ADIAC_Database,Gomphonema,000202B.png,15136375796254533993
ADIAC_Database,Gomphonema,001308AA.png,15896787615680117089
ADIAC_Database,Gomphonema,001589AA.png,11326155151756060062
ADIAC_Database,Gomphonema,000178B.png,15102604927214872905
ADIAC_Database,Gomphonema,000636BB.png,13044080752863819888
ADIAC_Database,Gomphonema,000636AA.png,17919122347203047464
ADIAC_Database,Gomphonema,000437BA.png,15682717831086499187
ADIAC_Database,Gomphonema,000194.png,9500408546089944937
ADIAC_Database,Gomphonema,000257B.png,13987724616102223258
ADIAC_Database,Gomphonema,000207B.png,10398802811704249539
ADIAC_Database,Gomphonema,000071B.png,15966084831978220946
ADIAC_Database,Gomphonema,000207.png,13883662678500397417
ADIAC_Database,Gomphonema,000218B.png,9232207625838472672
ADIAC_Database,Gomphonema,000637AA.png,15372427943481600363
ADIAC_Database,Gomphonema,001603AA.png,17121144686615226009
ADIAC_Database,Gomphonema,000508AA.png,15304028281835840805
ADIAC_Database,Gomphonema,001904AA.png,11506895478654521295
ADIAC_Database,Gomphonema,001571AA.png,17136920255099330718
ADIAC_Database,Gomphonema,000708BB.png,18230802226785756891
ADIAC_Database,Gomphonema,000698BB.png,17406349321122625248
ADIAC_Database,Gomphonema,001305AA.png,11053355680475527762
ADIAC_Database,Gomphonema,000578BB.png,16221635037949265857
ADIAC_Database,Gomphonema,001908AA.png,13765745159212461115
ADIAC_Database,Gomphonema,001596AA.png,16519997749167810203
ADIAC_Database,Gomphonema,001301AA.png,11047973456027286181
ADIAC_Database,Gomphonema,001906AA.png,16960227410926838162
ADIAC_Database,Gomphonema,000204B.png,13978081434233487205
ADIAC_Database,Gomphonema,001569AA.png,18424390041514304922
ADIAC_Database,Gomphonema,000708AA.png,11898675970279696027
ADIAC_Database,Gomphonema,001574AA.png,16867270514092369306
ADIAC_Database,Gomphonema,000577BA.png,16069672567932334797
ADIAC_Database,Gomphonema,000278B.png,11538187712104767460
ADIAC_Database,Gomphonema,000241.png,9624569117783907161
ADIAC_Database,Gomphonema,000577BB.png,18307114955568198369
ADIAC_Database,Gomphonema,001265AA.png,13090505951642132693
ADIAC_Database,Gomphonema,001298AA.png,12377445500203905895
ADIAC_Database,Gomphonema,000278.png,11669267224494423653
ADIAC_Database,Gomphonema,001306AA.png,12300704579277175608
ADIAC_Database,Gomphonema,000294B.png,14992319276800743758
ADIAC_Database,Gomphonema,000260.png,15240230813622869915
ADIAC_Database,Gomphonema,000283.png,13872632201983711958
ADIAC_Database,Gomphonema,000708BA.png,13051593109052286619
ADIAC_Database,Gomphonema,000254B.png,15136448981614399217
ADIAC_Database,Gomphonema,000194B.png,9339114571362914153
ADIAC_Database,Gomphonema,001577AA.png,16972541326201742490
ADIAC_Database,Gomphonema,001578AA.png,12377180588793488790
ADIAC_Database,Gomphonema,001601AA.png,11607909826390353310
ADIAC_Database,Gomphonema,000437AA.png,13774739700379574579
ADIAC_Database,Gomphonema,000330.png,12924020797148440684
ADIAC_Database,Gomphonema,001598AA.png,16257597082995942810
ADIAC_Database,Gomphonema,001591AA.png,15276495028905534943
ADIAC_Database,Gomphonema,001575AA.png,16762279526974648710
ADIAC_Database,Gomphonema,001307AA.png,14845225503087951358
ADIAC_Database,Gomphonema,001576AA.png,12384780293665727643
ADIAC_Database,Gomphonema,001304AA.png,18276346527262325349
ADIAC_Database,Gomphonema,000289B.png,16149751480497250266
ADIAC_Database,Gomphonema,000577AA.png,17614303129583694472
ADIAC_Database,Gomphonema,000202.png,15712519881693489513
ADIAC_Database,Gomphonema,001573AA.png,12251362645623793054
ADIAC_Database,Gomphonema,000223.png,9894292477791858025
ADIAC_Database,Gomphonema,001590AA.png,17117283248826099350
ADIAC_Database,Gomphonema,001587AA.png,17047053339153675930
ADIAC_Database,Gomphonema,001193AA.png,14155085264732984171
ADIAC_Database,Gomphonema,000287.png,10579655064360688239
ADIAC_Database,Gomphonema,000636BA.png,10751748543602833460
ADIAC_Database,Gomphonema,000303B.png,15349532943491108495
ADIAC_Database,Gomphonema,000294.png,14755550752330047886
ADIAC_Database,Gomphonema,001568AA.png,16263789542152364442
ADIAC_Database,Gomphonema,000637BB.png,18182673543762962922
ADIAC_Database,Gomphonema,000203.png,15369424610345172542
ADIAC_Database,Gomphonema,001563AA.png,16903299589202076054
ADIAC_Database,Gomphonema,000698BA.png,16162253383210054604
ADIAC_Database,Gomphonema,001567AA.png,16904144002040030362
ADIAC_Database,Gomphonema,000638AA.png,17107461314382686564
ADIAC_Database,Gomphonema,001302AA.png,9678139209773578901
ADIAC_Database,Gomphonema,001300AA.png,12202456850249359718
ADIAC_Database,Gomphonema,001582AA.png,17136357305892627610
ADIAC_Database,Gomphonema,001597AA.png,17482524728081592774
ADIAC_Database,Gomphonema,001588AA.png,13907564250049553562
ADIAC_Database,Gomphonema,000128B.png,17693493207851472159
ADIAC_Database,Gomphonema,000285.png,15466330034289271667
ADIAC_Database,Gomphonema,001584AA.png,12147782057231476122
ADIAC_Database,Gomphonema,001579AA.png,16562711561041766041
ADIAC_Database,Gomphonema,001586AA.png,12462465454803543450
ADIAC_Database,Gomphonema,001580AA.png,14581972496382258055
ADIAC_Database,Gomphonema,000578AA.png,9366509892254266883
ADIAC_Database,Gomphonema,000203B.png,9809262109751454132
ADIAC_Database,Gomphonema,001604AA.png,16542445361921681051
ADIAC_Database,Gomphonema,000254.png,14042854128882830299
ADIAC_Database,Gomphonema,000662AA.png,16981531311182570738
ADIAC_Database,Gomphonema,001193BA.png,14155643816703857465
ADIAC_Database,Gomphonema,001595AA.png,16832368987049714842
ADIAC_Database,Gomphonema,000662BB.png,18088694713756976880
ADIAC_Database,Gomphonema,000181B.png,10129526450959921231
ADIAC_Database,Gomphonema,000330B.png,16636584935001505158
ADIAC_Database,Gomphonema,000189.png,10492048359506388339
ADIAC_Database,Gomphonema,000508BB.png,18168317643511571956
ADIAC_Database,Gomphonema,000152B.png,13981164420143278441
ADIAC_Database,Gomphonema,000638BA.png,14513387931165812844
ADIAC_Database,Gomphonema,001592AA.png,11305051843394221257
ADIAC_Database,Gomphonema,000260B.png,14068367175421476547
ADIAC_Database,Gomphonema,000289.png,9408713881110762139
ADIAC_Database,Gomphonema,000577CA.png,14938703895850461558
ADIAC_Database,Gomphonema,000637BA.png,18290759522498799946
ADIAC_Database,Gomphonema,001572AA.png,12382247413512168602
ADIAC_Database,Gomphonema,000638BB.png,16810223466246859116
ADIAC_Database,Gomphonema,000189B.png,10457145462398465377
ADIAC_Database,Gomphonema,001594AA.png,16218480858668361369
ADIAC_Database,Gomphonema,000578BA.png,9366510579449012995
ADIAC_Database,Gomphonema,000120B.png,9455561976966233818
ADIAC_Database,Gomphonema,000204.png,13906305323753840485
ADIAC_Database,Gomphonema,000303.png,13906692395403074203
ADIAC_Database,Gomphonema,000285B.png,15781510929536386809
ADIAC_Database,Gomphonema,001309AA.png,13496341732658853997
ADIAC_Database,Gomphonema,001599AA.png,16489818062225565337
ADIAC_Database,Gomphonema,001562AA.png,16974230176322052510
ADIAC_Database,Gomphonema,001907AA.png,16780571433791417395
ADIAC_Database,Gomphonema,000698AA.png,17696840037088896611
ADIAC_Database,Gomphonema,000287B.png,15140943866919657444
ADIAC_Database,Gomphonema,000437BB.png,15638596083030435185
ADIAC_Database,Gomphonema,001602AA.png,12219275593474402202
ADIAC_Database,Gomphonema,001564AA.png,12125262989910828749
ADIAC_Database,Gomphonema,000283B.png,13839418153658097366
ADIAC_Database,Gomphonema,000223B.png,9880781678909746537
ADIAC_Database,Gomphonema,001583AA.png,11910493146240673435
ADIAC_Database,Gomphonema,001593AA.png,16843132993838278042
ADIAC_Database,Gomphonema,001565AA.png,12367894106299852186
ADIAC_Database,Gomphonema,000241B.png,14202508908188162905
ADIAC_Database,Stauroneis,001407AA.png,18112514868654780618
ADIAC_Database,Stauroneis,000671AA.png,17034272013610021998
ADIAC_Database,Stauroneis,000653BB.png,14634153436086611448
ADIAC_Database,Stauroneis,000233.png,15932317822236661797
ADIAC_Database,Stauroneis,000653AA.png,14095938817799302408
ADIAC_Database,Stauroneis,000227.png,10168784721069945900
ADIAC_Database,Stauroneis,001935AA.png,17702196215164182615
ADIAC_Database,Stauroneis,000165B.png,14996840945773758236
ADIAC_Database,Stauroneis,000233B.png,15573430881868619553
ADIAC_Database,Stauroneis,001931AA.png,17855300734093176978
ADIAC_Database,Stauroneis,001409AA.png,18435080640374517906
ADIAC_Database,Stauroneis,000250.png,9847440747907607122
ADIAC_Database,Stauroneis,000647AA.png,16105369311423625254
ADIAC_Database,Stauroneis,001414AA.png,17205373569792816323
ADIAC_Database,Stauroneis,001937AA.png,12656474403662671250
ADIAC_Database,Stauroneis,001413AA.png,16997641494705747154
ADIAC_Database,Stauroneis,000653BA.png,14095938268042575136
ADIAC_Database,Stauroneis,000156B.png,15874709186211595801
ADIAC_Database,Stauroneis,001415AA.png,17381228079744299635
ADIAC_Database,Stauroneis,000065B.png,9779927046331134064
ADIAC_Database,Stauroneis,000187B.png,14576589264001508729
ADIAC_Database,Stauroneis,000250B.png,9263730915478085602
ADIAC_Database,Stauroneis,001930AA.png,11816482573468906706
ADIAC_Database,Stauroneis,000281B.png,15046362729902251482
ADIAC_Database,Stauroneis,000235.png,14796593118696561282
ADIAC_Database,Stauroneis,001936AA.png,13234625052711135618
ADIAC_Database,Stauroneis,000671BB.png,15854355143842215164
ADIAC_Database,Stauroneis,001933AA.png,16307774951646898230
ADIAC_Database,Stauroneis,000227B.png,14068334421934552164
ADIAC_Database,Stauroneis,000281.png,15336567897448331547
ADIAC_Database,Stauroneis,000169C.png,15102930091405424880
ADIAC_Database,Stauroneis,000169B.png,15103070820303845616
ADIAC_Database,Stauroneis,001410AA.png,16407387819937526998
ADIAC_Database,Stauroneis,001932AA.png,17845677718086755754
ADIAC_Database,Stauroneis,000164B.png,15589063096112156520
ADIAC_Database,Stauroneis,000647AB.png,16105932261293402470
ADIAC_Database,Stauroneis,000671BA.png,15865588180907144300
ADIAC_Database,Stauroneis,000235B.png,13844030189314547650
ADIAC_Database,Stauroneis,000650AA.png,13518896335520546296
ADIAC_Database,Stauroneis,000650AB.png,13475038399399734776
ADIAC_Database,Stauroneis,001408AA.png,13428841605534937434
ADIAC_Database,Stauroneis,001411AA.png,14074263922595558806
ADIAC_Database,Stauroneis,001934AA.png,18146344628442706322
ADIAC_Database,Stauroneis,001412AA.png,16614839622604960199
ADIAC_Database,Pleurosigma,000718BB.png,12671040336696578471
ADIAC_Database,Pleurosigma,000806BA.png,16624643652140754102
ADIAC_Database,Pleurosigma,000719BB.png,12087933030143887719
ADIAC_Database,Pleurosigma,000806AB.png,17726413334553387254
ADIAC_Database,Pleurosigma,000806AA.png,16624642553702870166
ADIAC_Database,Pleurosigma,000719AA.png,11811975420028387815
ADIAC_Database,Pleurosigma,000790BB.png,13042705171392309502
ADIAC_Database,Pleurosigma,000719BA.png,11728658964302277991
ADIAC_Database,Pleurosigma,000718AA.png,11986494292847908263
ADIAC_Database,Pleurosigma,000790AA.png,9561288016516742998
ADIAC_Database,Pleurosigma,000806CA.png,16624069640207556658
ADIAC_Database,Pleurosigma,000718BA.png,12383372910498284967
ADIAC_Database,Pleurosigma,000790BA.png,9245771512606293929
ADIAC_Database,Fragilaria,001192AA.png,15361545096697779759
ADIAC_Database,Fragilaria,000630AA.png,13076912061233205805
ADIAC_Database,Fragilaria,000322B.png,12262853320261017538
ADIAC_Database,Fragilaria,000632AA.png,12138542156166738786
ADIAC_Database,Fragilaria,000388.png,9441565093958852126
ADIAC_Database,Fragilaria,000704BA.png,10224830979048109133
ADIAC_Database,Fragilaria,000325.png,14140679680658098319
ADIAC_Database,Fragilaria,000630BB.png,18016646323816695529
ADIAC_Database,Fragilaria,000299B.png,18307115718243519893
ADIAC_Database,Fragilaria,000386B.png,16141315393933872631
ADIAC_Database,Fragilaria,000631BB.png,17872524221077329635
ADIAC_Database,Fragilaria,000631CA.png,14223148809489904885
ADIAC_Database,Fragilaria,000388B.png,9443882845155368478
ADIAC_Database,Fragilaria,000386.png,15373667891534830605
ADIAC_Database,Fragilaria,000632CA.png,17791686671937113139
ADIAC_Database,Fragilaria,000705BB.png,13835199617941078014
ADIAC_Database,Fragilaria,000705CA.png,13835201292340820590
ADIAC_Database,Fragilaria,000704AA.png,16532086076376036461
ADIAC_Database,Fragilaria,001192BA.png,15361545096681068079
ADIAC_Database,Fragilaria,000630CA.png,9613995776785087623
ADIAC_Database,Fragilaria,001198AA.png,14078039183863221750
ADIAC_Database,Fragilaria,000387B.png,16939859417208732905
ADIAC_Database,Fragilaria,000704BB.png,14737454848109716973
ADIAC_Database,Fragilaria,000631BA.png,14206471288820388387
ADIAC_Database,Fragilaria,000385B.png,17419778350018332034
ADIAC_Database,Fragilaria,000385.png,17418584281527746826
ADIAC_Database,Fragilaria,000179B.png,14703044852193060521
ADIAC_Database,Fragilaria,001198BA.png,14078039733692485012
ADIAC_Database,Fragilaria,000325B.png,10421321384105938401
ADIAC_Database,Fragilaria,000632BA.png,14184302012014604898
ADIAC_Database,Fragilaria,000322.png,12297779440159607435
ADIAC_Database,Fragilaria,000630BA.png,11848625563169421005
ADIAC_Database,Fragilaria,000704CA.png,16748258347776511894
ADIAC_Database,Fragilaria,000632BB.png,18015509048923850467
ADIAC_Database,Fragilaria,000387.png,10058293215890154857
ADIAC_Database,Fragilaria,000631AA.png,14227590669499486890
ADIAC_Database,Fragilaria,000117B.png,9481884021163135699
ADIAC_Database,Fragilaria,000705BA.png,10784526173281298518
ADIAC_Database,Fragilaria,000299.png,13803480700028792213
ADIAC_Database,Fragilaria,000705AA.png,13907537898275567071
ADIAC_Database,Navicula,000249.png,14234310787337378394
ADIAC_Database,Navicula,000579CA.png,9518075398962181645
ADIAC_Database,Navicula,000811AA.png,11569367774514865205
ADIAC_Database,Navicula,000102B.png,11610213211949602937
ADIAC_Database,Navicula,000566AA.png,12955787180228822681
ADIAC_Database,Navicula,000913AB.png,12758121072451853537
ADIAC_Database,Navicula,000565AA.png,11044467951113894932
ADIAC_Database,Navicula,001421AA.png,17481162012974593690
ADIAC_Database,Navicula,000885AA.png,15155321577533176402
ADIAC_Database,Navicula,000552AA.png,18394342046569213228
ADIAC_Database,Navicula,001999AA.png,9255092790928702526
ADIAC_Database,Navicula,002025AA.png,11750116310069793941
ADIAC_Database,Navicula,001805AA.png,18193575616012254283
ADIAC_Database,Navicula,001425AA.png,13148472670932988876
ADIAC_Database,Navicula,000552BA.png,11292165712317656365
ADIAC_Database,Navicula,000947AB.png,16214918050999384262
ADIAC_Database,Navicula,001200BA.png,15454426036558309065
ADIAC_Database,Navicula,000824CA.png,9510711875300652175
ADIAC_Database,Navicula,000777BA.png,14566213817011419573
ADIAC_Database,Navicula,000931BA.png,18289634146458938018
ADIAC_Database,Navicula,000200.png,12141706646229341856
ADIAC_Database,Navicula,001173AA.png,12789839473254493187
ADIAC_Database,Navicula,001802AA.png,14730400701239946202
ADIAC_Database,Navicula,000710BA.png,13786873932994587696
ADIAC_Database,Navicula,000777AA.png,14566213885496012197
ADIAC_Database,Navicula,002036AA.png,12838286792207558008
ADIAC_Database,Navicula,000877AB.png,17294627777205703925
ADIAC_Database,Navicula,001778AA.png,12351883547765820873
ADIAC_Database,Navicula,001830AA.png,13504313553437838234
ADIAC_Database,Navicula,000810AA.png,12738021657518445177
ADIAC_Database,Navicula,000667AA.png,14661629447277876809
ADIAC_Database,Navicula,000103B.png,14095325302175774792
ADIAC_Database,Navicula,000920AA.png,15519315389093261360
ADIAC_Database,Navicula,000933AB.png,18303737206506786801
ADIAC_Database,Navicula,000480BA.png,12514001798088519765
ADIAC_Database,Navicula,001316AA.png,13674267861952249042
ADIAC_Database,Navicula,000787BA.png,14924879058189707504
ADIAC_Database,Navicula,001829AA.png,13435069528085368786
ADIAC_Database,Navicula,000509AA.png,18104705130901417295
ADIAC_Database,Navicula,001777AA.png,10306352531130342617
ADIAC_Database,Navicula,000666BA.png,18166255149033316551
ADIAC_Database,Navicula,000707CA.png,11337202196064905898
ADIAC_Database,Navicula,000751AA.png,12254848738895400054
ADIAC_Database,Navicula,000810AB.png,16145371696992754415
ADIAC_Database,Navicula,000707AA.png,18398882081349970080
ADIAC_Database,Navicula,001844AA.png,9943562042219618080
ADIAC_Database,Navicula,000497BA.png,12308768575938389139
ADIAC_Database,Navicula,000553CA.png,10929005197738994373
ADIAC_Database,Navicula,000111B.png,17121178810650405149
ADIAC_Database,Navicula,000680BA.png,9775992051359482773
ADIAC_Database,Navicula,002069AA.png,15972158626006294825
ADIAC_Database,Navicula,002031AA.png,14784902580729275760
ADIAC_Database,Navicula,000751BB.png,13403263894003126264
ADIAC_Database,Navicula,002032AA.png,15095170691242029176
ADIAC_Database,Navicula,000713BB.png,17281666372095905625
ADIAC_Database,Navicula,000545AA.png,13714188696881352965
ADIAC_Database,Navicula,000716AA.png,11515375665522260304
ADIAC_Database,Navicula,000290.png,15387149833656630030
ADIAC_Database,Navicula,000800AA.png,17304746870908773326
ADIAC_Database,Navicula,000544AA.png,16503675014353420542
ADIAC_Database,Navicula,001837AA.png,10623042288184823710
ADIAC_Database,Navicula,001818AA.png,11204657221273620382
ADIAC_Database,Navicula,001847AA.png,13509585985520111510
ADIAC_Database,Navicula,001826AA.png,13793031996065893064
ADIAC_Database,Navicula,000809AB.png,17298310801588293091
ADIAC_Database,Navicula,000566BB.png,17549458800092128921
ADIAC_Database,Navicula,000757AA.png,11466112840572604191
ADIAC_Database,Navicula,000931AA.png,18433709468916214414
ADIAC_Database,Navicula,000791BA.png,17385465166049590685
ADIAC_Database,Navicula,000247B.png,9457396151960673984
ADIAC_Database,Navicula,000226.png,15928109709557312043
ADIAC_Database,Navicula,000884BA.png,16903682710517483136
ADIAC_Database,Navicula,000549BA.png,17670666736523177009
ADIAC_Database,Navicula,000786BA.png,13217005452896505188
ADIAC_Database,Navicula,000711AA.png,10343629535930126181
ADIAC_Database,Navicula,000739DA.png,18225371816503091207
ADIAC_Database,Navicula,000799BB.png,17657752171680251107
ADIAC_Database,Navicula,000564BB.png,18376885519292311024
ADIAC_Database,Navicula,001806AA.png,11125848919211931033
ADIAC_Database,Navicula,001782AA.png,18386197880388487713
ADIAC_Database,Navicula,000272.png,9617118972359618997
ADIAC_Database,Navicula,000885AB.png,18015239247417117266
ADIAC_Database,Navicula,001314AA.png,17159542550372367542
ADIAC_Database,Navicula,000491BA.png,16867549010791392668
ADIAC_Database,Navicula,001286AA.png,12552887081051716658
ADIAC_Database,Navicula,000786CA.png,13070638465008807269
ADIAC_Database,Navicula,000724AA.png,15651838820917520607
ADIAC_Database,Navicula,000099B.png,18226568442421480462
ADIAC_Database,Navicula,000739DB.png,17298255901452418275
ADIAC_Database,Navicula,000728BA.png,11903162314936693469
ADIAC_Database,Navicula,000881AB.png,17871403526370495083
ADIAC_Database,Navicula,000509BB.png,18374920077772340554
ADIAC_Database,Navicula,001834AA.png,11125493611440163531
ADIAC_Database,Navicula,000516BA.png,9289483469459570815
ADIAC_Database,Navicula,000919AA.png,16382625342458193097
ADIAC_Database,Navicula,000666AA.png,18376868040533733768
ADIAC_Database,Navicula,000739CA.png,17900831152952930815
ADIAC_Database,Navicula,001787AA.png,12322117753660820784
ADIAC_Database,Navicula,001800AA.png,10551048413624612220
ADIAC_Database,Navicula,000800CA.png,17297991196593603532
ADIAC_Database,Navicula,000658DA.png,11601137392913774400
ADIAC_Database,Navicula,000812BA.png,16510704098602500668
ADIAC_Database,Navicula,001775AA.png,13426815291839584293
ADIAC_Database,Navicula,000725CA.png,18159235963129396281
ADIAC_Database,Navicula,000799CA.png,12505390519517918358
ADIAC_Database,Navicula,002039AA.png,15433785141084728492
ADIAC_Database,Navicula,001979AA.png,13630923093864447122
ADIAC_Database,Navicula,000706BA.png,15805875816177347939
ADIAC_Database,Navicula,000711BA.png,10345881370103565153
ADIAC_Database,Navicula,001280AA.png,18057043390341937362
ADIAC_Database,Navicula,001997AA.png,9558394696800635243
ADIAC_Database,Navicula,001839AA.png,16084307005551925808
ADIAC_Database,Navicula,001977AA.png,12655836575251065906
ADIAC_Database,Navicula,001417AA.png,16364902664933684377
ADIAC_Database,Navicula,000709BA.png,12022859315794948550
ADIAC_Database,Navicula,000877AA.png,17501643823248273557
ADIAC_Database,Navicula,000583AA.png,13288059600814618417
ADIAC_Database,Navicula,000098B.png,13853004217746406761
ADIAC_Database,Navicula,001313AA.png,16903645521249647766
ADIAC_Database,Navicula,000716BB.png,11244350320357419506
ADIAC_Database,Navicula,000752BA.png,17327694426446386131
ADIAC_Database,Navicula,000745DA.png,12293666765150054437
ADIAC_Database,Navicula,001828AA.png,11211355892789661492
ADIAC_Database,Navicula,000783AB.png,17294018282158295288
ADIAC_Database,Navicula,000486AA.png,15149194384736465127
ADIAC_Database,Navicula,000899AA.png,10378436625034692415
ADIAC_Database,Navicula,000900AA.png,9378009857477491965
ADIAC_Database,Navicula,001207AA.png,13640082356694971105
ADIAC_Database,Navicula,000242B.png,15604817061638836080
ADIAC_Database,Navicula,000503BB.png,14377606585146184826
ADIAC_Database,Navicula,000113B.png,15582279283027075103
ADIAC_Database,Navicula,000680BB.png,14342817995239392149
ADIAC_Database,Navicula,000912BA.png,17112221153034920474
ADIAC_Database,Navicula,001318AA.png,12362526987958107446
ADIAC_Database,Navicula,000724CA.png,15651930761481715586
ADIAC_Database,Navicula,000580AA.png,15155402941667019266
ADIAC_Database,Navicula,000797AA.png,14525737627005367446
ADIAC_Database,Navicula,000548AA.png,15465590186755896824
ADIAC_Database,Navicula,000770AA.png,14526010307369318043
ADIAC_Database,Navicula,000658BB.png,16212823410250906944
ADIAC_Database,Navicula,000745CA.png,12437750938223326645
ADIAC_Database,Navicula,000586AA.png,17520025262828734188
ADIAC_Database,Navicula,001781AA.png,14927937590040907722
ADIAC_Database,Navicula,001173BA.png,13293115566673891289
ADIAC_Database,Navicula,000800BB.png,17298267904158144487
ADIAC_Database,Navicula,000667CA.png,11779319086275573331
ADIAC_Database,Navicula,000544BA.png,16800921385819021564
ADIAC_Database,Navicula,000883BA.png,11802074015106420585
ADIAC_Database,Navicula,001823AA.png,11415113698359938950
ADIAC_Database,Navicula,000580CA.png,15155368856527913376
ADIAC_Database,Navicula,001426AA.png,17781357904070207195
ADIAC_Database,Navicula,000897AA.png,11122283921728169327
ADIAC_Database,Navicula,000556BB.png,13549031362894243312
ADIAC_Database,Navicula,000728AA.png,11615213414235453081
ADIAC_Database,Navicula,000802CA.png,14035779088601200204
ADIAC_Database,Navicula,000947BA.png,9302619872575519437
ADIAC_Database,Navicula,000502BA.png,13021245912803930298
ADIAC_Database,Navicula,000583CA.png,9883622093962519393
ADIAC_Database,Navicula,000915AA.png,16523579146821465143
ADIAC_Database,Navicula,000300B.png,13843891993907862891
ADIAC_Database,Navicula,000585AA.png,17678272318765968003
ADIAC_Database,Navicula,001807AA.png,14615866894048009848
ADIAC_Database,Navicula,000553BA.png,10892976417900163213
ADIAC_Database,Navicula,001419AA.png,15516262368214659482
ADIAC_Database,Navicula,000516BB.png,11532311267200995057
ADIAC_Database,Navicula,000913AA.png,13108174789672923297
ADIAC_Database,Navicula,000713CA.png,17290656116336955256
ADIAC_Database,Navicula,000770CB.png,16791373292767885048
ADIAC_Database,Navicula,000451CA.png,18374829391366947708
ADIAC_Database,Navicula,001287AA.png,13470479787670451330
ADIAC_Database,Navicula,000797AB.png,17944550285526435542
ADIAC_Database,Navicula,000757BB.png,12619069529551544071
ADIAC_Database,Navicula,000915AB.png,17296066333283190519
ADIAC_Database,Navicula,000809BA.png,11835418728258397961
ADIAC_Database,Navicula,000695BB.png,15889812206430981234
ADIAC_Database,Navicula,001897AA.png,18437971895574951120
ADIAC_Database,Navicula,000586BA.png,13196292818634861708
ADIAC_Database,Navicula,000581AA.png,12794288727166920243
ADIAC_Database,Navicula,001790AA.png,11409554278888151258
ADIAC_Database,Navicula,000755CB.png,18303178644709388277
ADIAC_Database,Navicula,000885BA.png,15155353463370373714
ADIAC_Database,Navicula,000565BA.png,14719405504611056724
ADIAC_Database,Navicula,000585AB.png,17374306883252914915
ADIAC_Database,Navicula,001783AA.png,13871000131937439390
ADIAC_Database,Navicula,000745BA.png,12437786144035384757
ADIAC_Database,Navicula,000451BA.png,18176404268590867396
ADIAC_Database,Navicula,000725BA.png,17946441838731082062
ADIAC_Database,Navicula,001916AA.png,13529821861808189898
ADIAC_Database,Navicula,001784AA.png,13754245211316734682
ADIAC_Database,Navicula,000566BA.png,12955787180174223001
ADIAC_Database,Navicula,000331B.png,15726518153269784008
ADIAC_Database,Navicula,002027AA.png,9888791747072964454
ADIAC_Database,Navicula,001801AA.png,11120497581041794264
ADIAC_Database,Navicula,000489CA.png,12986364281416742314
ADIAC_Database,Navicula,002024AA.png,9469273218456720836
ADIAC_Database,Navicula,000240.png,13072370088707493123
ADIAC_Database,Navicula,000786AA.png,13217141757986999652
ADIAC_Database,Navicula,000579BB.png,16149899636180653801
ADIAC_Database,Navicula,001976AA.png,13312857375538164167
ADIAC_Database,Navicula,000584AB.png,16864831662261996011
ADIAC_Database,Navicula,000725BB.png,18159342199096879596
ADIAC_Database,Navicula,000548BB.png,17294051360584447482
ADIAC_Database,Navicula,000920AB.png,15501300990593216544
ADIAC_Database,Navicula,000489AA.png,12767376886974805288
ADIAC_Database,Navicula,000503BA.png,14377606860005429275
ADIAC_Database,Navicula,001776AA.png,13419286398847326362
ADIAC_Database,Navicula,000091B.png,10385266396543269993
ADIAC_Database,Navicula,000778AA.png,16727173022079398553
ADIAC_Database,Navicula,001982AA.png,12661184582627179666
ADIAC_Database,Navicula,002038AA.png,11232136442154759213
ADIAC_Database,Navicula,000695AA.png,12029625890763275318
ADIAC_Database,Navicula,000201B.png,15068872153409597258
ADIAC_Database,Navicula,000775AB.png,16145370612983083491
ADIAC_Database,Navicula,000787AA.png,14924879056184830400
ADIAC_Database,Navicula,000877BA.png,17420719780293999186
ADIAC_Database,Navicula,002072AA.png,9306919068630711549
ADIAC_Database,Navicula,000499BB.png,11134580619864580604
ADIAC_Database,Navicula,000817AA.png,18100697077956915347
ADIAC_Database,Navicula,000789AA.png,12592408596884040998
ADIAC_Database,Navicula,000783AA.png,16177125574570608792
ADIAC_Database,Navicula,000811CA.png,11568215519044527340
ADIAC_Database,Navicula,000680CA.png,9776159173704485527
ADIAC_Database,Navicula,001836AA.png,15593639391807262614
ADIAC_Database,Navicula,000272B.png,16149873934611783648
ADIAC_Database,Navicula,001985AA.png,15460058407295339287
ADIAC_Database,Navicula,000242.png,15983875625061394992
ADIAC_Database,Navicula,001843AA.png,10551918128968224658
ADIAC_Database,Navicula,000658BA.png,11601137392897261312
ADIAC_Database,Navicula,000706AA.png,10325030254040067427
ADIAC_Database,Navicula,000799AA.png,12514401833632805019
ADIAC_Database,Navicula,001845AA.png,10623918001876209302
ADIAC_Database,Navicula,000884AB.png,18052099258196696777
ADIAC_Database,Navicula,000788AA.png,15210956574457057200
ADIAC_Database,Navicula,000898AB.png,17442424224432007247
ADIAC_Database,Navicula,000579AA.png,11198710338161390200
ADIAC_Database,Navicula,000711BB.png,11493736283320782705
ADIAC_Database,Navicula,000900AB.png,13979721655011654879
ADIAC_Database,Navicula,000833BA.png,11944054181839634953
ADIAC_Database,Navicula,000585BA.png,17678268470441714633
ADIAC_Database,Navicula,001788AA.png,14858959973213902949
ADIAC_Database,Navicula,001285AA.png,16615696700605234322
ADIAC_Database,Navicula,001423AA.png,16689655696948602763
ADIAC_Database,Navicula,000290B.png,14992328611825983278
ADIAC_Database,Navicula,001895AA.png,12296447362676912342
ADIAC_Database,Navicula,001288AA.png,11397960232590062745
ADIAC_Database,Navicula,002065AA.png,14795069498265873746
ADIAC_Database,Navicula,001172BA.png,13889776886373750486
ADIAC_Database,Navicula,000580BA.png,15155367757295192576
ADIAC_Database,Navicula,000667BA.png,12356360380786455104
ADIAC_Database,Navicula,000716BA.png,11298112454286195010
ADIAC_Database,Navicula,000833BB.png,12970926570174677985
ADIAC_Database,Navicula,000778BA.png,16727172984497992221
ADIAC_Database,Navicula,000503AA.png,9729891769698472975
ADIAC_Database,Navicula,000883CA.png,11802074014703767401
ADIAC_Database,Navicula,000548CA.png,13880307725817574890
ADIAC_Database,Navicula,000549CA.png,17411991233999827352
ADIAC_Database,Navicula,001841AA.png,10843507538910367638
ADIAC_Database,Navicula,001813AA.png,11197344514661403516
ADIAC_Database,Navicula,000553AA.png,10892418965438296152
ADIAC_Database,Navicula,000517BA.png,9730026960586864888
ADIAC_Database,Navicula,000752AA.png,17399752054642987155
ADIAC_Database,Navicula,001812AA.png,13777320953923295894
ADIAC_Database,Navicula,000243B.png,13875434560016093036
ADIAC_Database,Navicula,000249B.png,15028347212460494682
ADIAC_Database,Navicula,000060B.png,14095390944275152072
ADIAC_Database,Navicula,000480AA.png,10226173187921171026
ADIAC_Database,Navicula,000898AA.png,12941593167602673742
ADIAC_Database,Navicula,000791BB.png,17295498448697564633
ADIAC_Database,Navicula,000332.png,16897776277493291486
ADIAC_Database,Navicula,000666BB.png,18303684483535897588
ADIAC_Database,Navicula,000870BA.png,18371737418405388580
ADIAC_Database,Navicula,001311AA.png,12272767878460938359
ADIAC_Database,Navicula,000491BB.png,16863124571710301598
ADIAC_Database,Navicula,000583BB.png,16720151886690727905
ADIAC_Database,Navicula,000757BA.png,11461609240945237791
ADIAC_Database,Navicula,000778AB.png,17297441088678009063
ADIAC_Database,Navicula,001795AA.png,12259609301531416729
ADIAC_Database,Navicula,000753BB.png,15568926403702890480
ADIAC_Database,Navicula,001267AA.png,13642145083382131306
ADIAC_Database,Navicula,000913BA.png,13682102554428602017
ADIAC_Database,Navicula,000710CA.png,13624743796653436400
ADIAC_Database,Navicula,001416AA.png,16695834865440223634
ADIAC_Database,Navicula,000499BA.png,11143544117014442335
ADIAC_Database,Navicula,001980AA.png,12308005358847143059
ADIAC_Database,Navicula,000243.png,9630171786644819725
ADIAC_Database,Navicula,000710AA.png,13777866733738798192
ADIAC_Database,Navicula,000882AA.png,13790188602807844095
ADIAC_Database,Navicula,000564CA.png,17097863414242698382
ADIAC_Database,Navicula,000919AB.png,16360951575984083151
ADIAC_Database,Navicula,000564BA.png,13650006895290754182
ADIAC_Database,Navicula,000695BA.png,9571223478532406326
ADIAC_Database,Navicula,000667BB.png,18105275364639016944
ADIAC_Database,Navicula,000824AB.png,11807576272612109558
ADIAC_Database,Navicula,001804AA.png,14786040664715589993
ADIAC_Database,Navicula,001821AA.png,14689534465433390028
ADIAC_Database,Navicula,001814AA.png,12638121351455038154
ADIAC_Database,Navicula,000883AA.png,11783795733814660459
ADIAC_Database,Navicula,000512BB.png,17930943471508861133
ADIAC_Database,Navicula,000556CA.png,12709040729844184337
ADIAC_Database,Navicula,000581BB.png,17297958718067187442
ADIAC_Database,Navicula,002066AA.png,9290186644633565311
ADIAC_Database,Navicula,000565CA.png,17101809705371923541
ADIAC_Database,Navicula,000549BB.png,18233615872826977392
ADIAC_Database,Navicula,001422AA.png,12937576579411047834
ADIAC_Database,Navicula,001281AA.png,18057959146099403826
ADIAC_Database,Navicula,001184AA.png,15770308637881601126
ADIAC_Database,Navicula,000127B.png,16221615257976749771
ADIAC_Database,Navicula,001420AA.png,9474941599993835675
ADIAC_Database,Navicula,001418AA.png,18143806911600669843
ADIAC_Database,Navicula,000897AB.png,15729483932718409063
ADIAC_Database,Navicula,000489BA.png,12045389070586246442
ADIAC_Database,Navicula,000783CA.png,16177125574584434816
ADIAC_Database,Navicula,001846AA.png,16030821442470121364
ADIAC_Database,Navicula,000823AA.png,11694895833655521656
ADIAC_Database,Navicula,000584BA.png,12217081929828890699
ADIAC_Database,Navicula,001896AA.png,18153043416933298204
ADIAC_Database,Navicula,000457BB.png,14250488857315252202
ADIAC_Database,Navicula,000240B.png,13054372181800128370
ADIAC_Database,Navicula,000809AA.png,9524958070331525479
ADIAC_Database,Navicula,001822AA.png,10581173031341640316
ADIAC_Database,Navicula,001178BA.png,14809293638913717965
ADIAC_Database,Navicula,000713AA.png,16979345427748294009
ADIAC_Database,Navicula,000817AB.png,17439899316472974579
ADIAC_Database,Navicula,000787BB.png,18160750160512028144
ADIAC_Database,Navicula,001171AA.png,9545215805253962597
ADIAC_Database,Navicula,000077B.png,14239470709658303563
ADIAC_Database,Navicula,000786BB.png,13620006804135873908
ADIAC_Database,Navicula,000509BA.png,17231005772416040267
ADIAC_Database,Navicula,000801AB.png,17872517557217606896
ADIAC_Database,Navicula,000775BA.png,16264686044612878790
ADIAC_Database,Navicula,001984AA.png,12493425238813785554
ADIAC_Database,Navicula,000090B.png,15010181582095924456
ADIAC_Database,Navicula,000787CA.png,14780800153947236848
ADIAC_Database,Navicula,002044AA.png,14766398007331715132
ADIAC_Database,Navicula,001172AA.png,14250064855892303446
ADIAC_Database,Navicula,000870AA.png,18372300299102527532
ADIAC_Database,Navicula,001986AA.png,10607168094959160334
ADIAC_Database,Navicula,001212AA.png,17661290480375575711
ADIAC_Database,Navicula,000912AA.png,17112221084319638042
ADIAC_Database,Navicula,000709AA.png,12004844643497032134
ADIAC_Database,Navicula,001815AA.png,13219601262844610214
ADIAC_Database,Navicula,001283AA.png,14870766957351170166
ADIAC_Database,Navicula,002042AA.png,9581902713577252029
ADIAC_Database,Navicula,000549AA.png,13054406755093506097
ADIAC_Database,Navicula,000755CA.png,18313308169350885301
ADIAC_Database,Navicula,000451AA.png,9736924224826626649
ADIAC_Database,Navicula,001317AA.png,12484496541960252586
ADIAC_Database,Navicula,000710BB.png,18376885553580551280
ADIAC_Database,Navicula,000552BB.png,13547342267144613245
ADIAC_Database,Navicula,000881AA.png,17177514693033093707
ADIAC_Database,Navicula,001279AA.png,17194341086475723434
ADIAC_Database,Navicula,000739BA.png,18225371796839145719
ADIAC_Database,Navicula,002030AA.png,17807302268727385861
ADIAC_Database,Navicula,000581BA.png,15118075760794773048
ADIAC_Database,Navicula,000564AA.png,18393990546792129936
ADIAC_Database,Navicula,000898BA.png,11788385517243230927
ADIAC_Database,Navicula,000745DB.png,12253133552529976816
ADIAC_Database,Navicula,002033AA.png,10748077633012730493
ADIAC_Database,Navicula,001284AA.png,12630857132487161980
ADIAC_Database,Navicula,001831AA.png,11500188005754576438
ADIAC_Database,Navicula,001798AA.png,14920293104652710008
ADIAC_Database,Navicula,000497AA.png,12090143429171667155
ADIAC_Database,Navicula,001981AA.png,12368786331565960658
ADIAC_Database,Navicula,000933AA.png,12022518736644498653
ADIAC_Database,Navicula,000497BB.png,17872518379704682481
ADIAC_Database,Navicula,000499AA.png,11109758322675956061
ADIAC_Database,Navicula,000713BA.png,17290656116335123801
ADIAC_Database,Navicula,001184BA.png,15625500755752329950
ADIAC_Database,Navicula,001177AA.png,18390384261082833504
ADIAC_Database,Navicula,000502BB.png,13584477341240271864
ADIAC_Database,Navicula,000486CB.png,17298273635104991224
ADIAC_Database,Navicula,000584AA.png,11640621314932960073
ADIAC_Database,Navicula,000136B.png,9312533372834201450
ADIAC_Database,Navicula,000947AA.png,11615564601654667470
ADIAC_Database,Navicula,001919AA.png,12292523295884128455
ADIAC_Database,Navicula,000801AA.png,12458065034058349808
ADIAC_Database,Navicula,000833CA.png,11944056363614732909
ADIAC_Database,Navicula,001898AA.png,13749702254891755830
ADIAC_Database,Navicula,000582AA.png,10487438406655721463
ADIAC_Database,Navicula,000724BA.png,15669857619619687575
ADIAC_Database,Navicula,000824BA.png,9510747059689388167
ADIAC_Database,Navicula,000775AA.png,16260178017972871650
ADIAC_Database,Navicula,000489BB.png,13765487016688615930
ADIAC_Database,Navicula,000770BA.png,14526010307369318043
ADIAC_Database,Navicula,000582BA.png,14234433157309972447
ADIAC_Database,Navicula,000882BA.png,13790188534088367871
ADIAC_Database,Navicula,001799AA.png,14498463467122234959
ADIAC_Database,Navicula,001779AA.png,13718172137419886479
ADIAC_Database,Navicula,000811BA.png,11569332630978520117
ADIAC_Database,Navicula,001177BA.png,18318325565923706568
ADIAC_Database,Navicula,001990AA.png,9776400951931246547
ADIAC_Database,Navicula,000749AA.png,13897968799463121114
ADIAC_Database,Navicula,001315AA.png,10306373397477599232
ADIAC_Database,Navicula,001840AA.png,12858322902006536760
ADIAC_Database,Navicula,002040AA.png,15582314868161621176
ADIAC_Database,Navicula,001424AA.png,12935346047222445211
ADIAC_Database,Navicula,000581CA.png,17388030710483129156
ADIAC_Database,Navicula,000553BB.png,10893046786648510689
ADIAC_Database,Navicula,001915AA.png,13776674169531021259
ADIAC_Database,Navicula,000824AA.png,9509618960793364631
ADIAC_Database,Navicula,002034AA.png,14154431571809773997
ADIAC_Database,Navicula,001989AA.png,9495394054557228833
ADIAC_Database,Navicula,000755BA.png,18385370454566972305
ADIAC_Database,Navicula,001918AA.png,12564991387992793242
ADIAC_Database,Navicula,000517BB.png,9444048386396322032
ADIAC_Database,Navicula,000215B.png,13843891805466205763
ADIAC_Database,Navicula,002071AA.png,14115341987803244540
ADIAC_Database,Navicula,001832AA.png,13219938524161480246
ADIAC_Database,Navicula,000457BA.png,9637961437612955530
ADIAC_Database,Navicula,000694BB.png,18303422736510594549
ADIAC_Database,Navicula,000331.png,16138601710973068488
ADIAC_Database,Navicula,000512AA.png,13537154297875476685
ADIAC_Database,Navicula,000582BB.png,14702807520708173815
ADIAC_Database,Navicula,000884AA.png,16903646187025702537
ADIAC_Database,Navicula,000480CA.png,11937541045785077205
ADIAC_Database,Navicula,000544BB.png,17874770424563238128
ADIAC_Database,Navicula,000215.png,14792202957139758619
ADIAC_Database,Navicula,001182AA.png,12648504077394345605
ADIAC_Database,Navicula,000582CA.png,10703461653309620191
ADIAC_Database,Navicula,001838AA.png,11200069839721189330
ADIAC_Database,Navicula,000777AB.png,18016074201977458164
ADIAC_Database,Navicula,000491AA.png,18024973977584563546
ADIAC_Database,Navicula,000093B.png,10460403594540760425
ADIAC_Database,Navicula,001824AA.png,13209798389307661010
ADIAC_Database,Navicula,001833AA.png,13793084377135435670
ADIAC_Database,Navicula,001310AA.png,12546743756130368887
ADIAC_Database,Navicula,000680AA.png,9631912047520450485
ADIAC_Database,Navicula,000073B.png,9492677496878087372
ADIAC_Database,Navicula,001794AA.png,12604696441605250187
ADIAC_Database,Navicula,001921AA.png,18400230789269889423
ADIAC_Database,Navicula,000755AA.png,18385084305591971749
ADIAC_Database,Navicula,002070AA.png,10211228088896233785
ADIAC_Database,Navicula,000556AA.png,11588753314482385037
ADIAC_Database,Navicula,000870AB.png,18160749589063470321
ADIAC_Database,Navicula,000802BB.png,16145398647710948579
ADIAC_Database,Navicula,001842AA.png,17977422383690407444
ADIAC_Database,Navicula,000565BB.png,18177043774928403548
ADIAC_Database,Navicula,000226B.png,15568909155330699120
ADIAC_Database,Navicula,000200B.png,11572142030855314560
ADIAC_Database,Navicula,000133B.png,13843768809967689562
ADIAC_Database,Navicula,000516AA.png,9289483469459587707
ADIAC_Database,Navicula,000707BB.png,18254766343519349408
ADIAC_Database,Navicula,002037AA.png,14868234860131689761
ADIAC_Database,Navicula,000833AA.png,11926038683822719243
ADIAC_Database,Navicula,001827AA.png,11140768088378755849
ADIAC_Database,Navicula,000753BA.png,15287650704880786863
ADIAC_Database,Navicula,001983AA.png,13801510082027273362
ADIAC_Database,Navicula,000802AA.png,14036342312358524236
ADIAC_Database,Navicula,001282AA.png,16176790130648230058
ADIAC_Database,Navicula,000931AB.png,18375794824228965374
ADIAC_Database,Navicula,000725AA.png,17946441847321016590
ADIAC_Database,Navicula,002043AA.png,10523720184744572148
ADIAC_Database,Navicula,000658AA.png,11601137391823519168
ADIAC_Database,Navicula,000791CA.png,18000750515546896536
ADIAC_Database,Navicula,000882CA.png,13790188534088367871
ADIAC_Database,Navicula,001917AA.png,12360925760783331478
ADIAC_Database,Navicula,000817BA.png,18100699276829143567
ADIAC_Database,Navicula,000694BA.png,18325941074956987829
ADIAC_Database,Navicula,001171BA.png,9540712197707253564
ADIAC_Database,Navicula,002026AA.png,12982926129524016325
ADIAC_Database,Navicula,001793AA.png,11484447887956303664
ADIAC_Database,Navicula,000793AB.png,17591005212311951590
ADIAC_Database,Navicula,000728CA.png,11614930841357465307
ADIAC_Database,Navicula,000556BA.png,11836521662714574229
ADIAC_Database,Navicula,002028AA.png,9638282160904705579
ADIAC_Database,Navicula,001200AA.png,10833748179327503645
ADIAC_Database,Navicula,000799BA.png,12505390519816173714
ADIAC_Database,Navicula,001786AA.png,13711949199360563930
ADIAC_Database,Navicula,000300.png,15024130675778576747
ADIAC_Database,Navicula,000486BA.png,15406467120239685751
ADIAC_Database,Navicula,000502AA.png,13021246428768301170
ADIAC_Database,Navicula,000247.png,9922955763034053788
ADIAC_Database,Navicula,000709BB.png,13729757935380476358
ADIAC_Database,Navicula,000517AA.png,9732278761470095608
ADIAC_Database,Navicula,000919BA.png,16203898133801821712
ADIAC_Database,Navicula,000151B.png,15890782160113405727
ADIAC_Database,Navicula,001780AA.png,11509759053908117722
ADIAC_Database,Navicula,001791AA.png,11478184739147484619
ADIAC_Database,Navicula,001811AA.png,11229625498521226126
ADIAC_Database,Navicula,001988AA.png,15516207296518855508
ADIAC_Database,Navicula,000706BB.png,18107267726370156002
ADIAC_Database,Navicula,000666CA.png,18375196717711438287
ADIAC_Database,Navicula,000739AA.png,17321063104032896511
ADIAC_Database,Navicula,000751BA.png,12254567263918690006
ADIAC_Database,Navicula,001987AA.png,9498145655480881652
ADIAC_Database,Navicula,000812AA.png,17393414001806328803
ADIAC_Database,Navicula,000753AA.png,15324207167623093674
ADIAC_Database,Navicula,000912BB.png,17013459525396869407
ADIAC_Database,Navicula,000920BA.png,15375200338389250073
ADIAC_Database,Navicula,000694AA.png,18325938884515282357
ADIAC_Database,Navicula,001816AA.png,12930649134081757082
ADIAC_Database,Navicula,000234B.png,9844817080732356592
ADIAC_Database,Navicula,000711CA.png,10056508671143987953
ADIAC_Database,Navicula,000724BB.png,15925806323535194263
ADIAC_Database,Navicula,000707BA.png,15948923335379397280
ADIAC_Database,Navicula,000658CA.png,11601137392896999232
ADIAC_Database,Navicula,000058B.png,12303764571557998414
ADIAC_Database,Navicula,000883AB.png,17512515195709755241
ADIAC_Database,Navicula,002029AA.png,16198426533354834223
ADIAC_Database,Navicula,000552CA.png,13823184098669635419
ADIAC_Database,Navicula,000752BB.png,16294008394137080274
ADIAC_Database,Navicula,000457AA.png,9350109329297332138
ADIAC_Database,Navicula,000566CA.png,12955787180174222937
ADIAC_Database,Navicula,000486CA.png,15418854218298844056
ADIAC_Database,Navicula,000793AA.png,13625304753976124466
ADIAC_Database,Navicula,001978AA.png,13673704790732862691
ADIAC_Database,Navicula,000512CA.png,12453163476660459751
ADIAC_Database,Navicula,000770CA.png,14526010315959252621
ADIAC_Database,Navicula,000881BA.png,16819760272243313512
ADIAC_Database,Navicula,001998AA.png,13877610497249259384
ADIAC_Database,Navicula,000800BA.png,17295739396780450764
ADIAC_Database,Navicula,000545BA.png,12563782600000958725
ADIAC_Database,Navicula,000579BA.png,9250282736090003305
ADIAC_Database,Navicula,001785AA.png,12555650251664841370
ADIAC_Database,Navicula,000745AA.png,12307177022857898338
ADIAC_Database,Navicula,000812BB.png,16145388060817760224
ADIAC_Database,Navicula,000749BA.png,13897968799454930132
ADIAC_Database,Navicula,000783BA.png,16177107982398392448
ADIAC_Database,Navicula,000791AA.png,17673695542184541397
ADIAC_Database,Navicula,000749BB.png,17334303241708578004
ADIAC_Database,Navicula,000811BB.png,17872528528981370352
ADIAC_Database,Navicula,000899AB.png,17296071083374415867
ADIAC_Database,Navicula,000201.png,15406086872070711386
ADIAC_Database,Navicula,000545BB.png,16862556266218129396
ADIAC_Database,Navicula,001810AA.png,11203522975190861620
ADIAC_Database,Navicula,000094B.png,13947176791884065945
ADIAC_Database,Navicula,001819AA.png,11498499783434684318
ADIAC_Database,Navicula,000480BB.png,12180735974483564245
ADIAC_Database,Navicula,001809AA.png,11774636592311802428
ADIAC_Database,Navicula,001792AA.png,13779572720508767448
ADIAC_Database,Navicula,001817AA.png,13747138411778853778
ADIAC_Database,Navicula,000915BA.png,16520780891883579199
ADIAC_Database,Navicula,001796AA.png,15697460618250936412
ADIAC_Database,Navicula,001789AA.png,14637460066598899162
ADIAC_Database,Navicula,002035AA.png,17048821147960518061
ADIAC_Database,Navicula,002068AA.png,9337151427454879100
ADIAC_Database,Navicula,001278AA.png,14859856658096940464
ADIAC_Database,Navicula,001975AA.png,13378933999912975426
ADIAC_Database,Navicula,000870CA.png,18372300299605778792
ADIAC_Database,Navicula,000899BA.png,10378436607838054335
ADIAC_Database,Navicula,000512BA.png,13534867422684983501
ADIAC_Database,Navicula,001178AA.png,14523305092179757293
ADIAC_Database,Navicula,001808AA.png,13720691578453725748
ADIAC_Database,Navicula,000580BB.png,15155424931899574944
ADIAC_Database,Navicula,001835AA.png,13147883257391861654
ADIAC_Database,Navicula,000583BA.png,9901636355031970617
ADIAC_Database,Navicula,000586AB.png,17440174329301438182
ADIAC_Database,Navicula,000332B.png,16862590745861722072
ADIAC_Database,Navicula,000797BA.png,14488505964283507602
ADIAC_Database,Navicula,000548BA.png,14168538100893971946
ADIAC_Database,Navicula,001825AA.png,17468232753648995226
ADIAC_Database,Navicula,001920AA.png,12383144494268183747
ADIAC_Database,Navicula,001820AA.png,13215215889258028681
ADIAC_Database,Navicula,000882AB.png,13763280838905048575
ADIAC_Database,Navicula,002041AA.png,15092569199987089508
ADIAC_Database,Navicula,001797AA.png,14801613597614304621
ADIAC_Database,Navicula,001803AA.png,14778216610772040843
ADIAC_Database,Navicula,000802BA.png,14035779363478845004
ADIAC_Database,Navicula,001194AA.png,16585794681869460959
ADIAC_Database,Navicula,000446AA.png,12786054913024293681
ADIAC_Database,Brachysira,000643BB.png,16863713445240089832
ADIAC_Database,Brachysira,000568AA.png,18232773685448093923
ADIAC_Database,Brachysira,000342B.png,12839710457394630582
ADIAC_Database,Brachysira,000570CA.png,12183884762380562944
ADIAC_Database,Brachysira,000639CA.png,15165935750543651788
ADIAC_Database,Brachysira,000640BB.png,15853790024777800953
ADIAC_Database,Brachysira,000640BA.png,15387492155397970973
ADIAC_Database,Brachysira,000344B.png,16149838750776565601
ADIAC_Database,Brachysira,000568BB.png,18054913397908122865
ADIAC_Database,Brachysira,000343.png,12712468599328814646
ADIAC_Database,Brachysira,000343B.png,17298309470432006006
ADIAC_Database,Brachysira,000344.png,16335824509482280305
ADIAC_Database,Brachysira,000567BA.png,13294092076813985221
ADIAC_Database,Brachysira,000644AA.png,9614456701921683674
ADIAC_Database,Brachysira,000345.png,17916688785997591410
ADIAC_Database,Brachysira,000640AA.png,15415359260432469020
ADIAC_Database,Brachysira,000568BA.png,18006451865642411129
ADIAC_Database,Brachysira,000567AA.png,13294083248231904834
ADIAC_Database,Brachysira,000644BB.png,12621735329476004062
ADIAC_Database,Brachysira,000571CA.png,14343699960677061222
ADIAC_Database,Brachysira,000643CA.png,18284036972010324868
ADIAC_Database,Brachysira,000643AA.png,14288415968705146013
ADIAC_Database,Brachysira,001221AA.png,12570325256073983642
ADIAC_Database,Brachysira,000639BA.png,12620265929746513678
ADIAC_Database,Brachysira,000570BA.png,13062647054083699459
ADIAC_Database,Brachysira,000570BB.png,13260805139187775201
ADIAC_Database,Brachysira,000642BA.png,10698266321382448090
ADIAC_Database,Brachysira,000342.png,13487319508321593782
ADIAC_Database,Brachysira,000571BB.png,16649682534715701219
ADIAC_Database,Brachysira,001220AA.png,12631348252326902977
ADIAC_Database,Brachysira,000321.png,12770962613882909235
ADIAC_Database,Brachysira,000570AA.png,11847161871580739535
ADIAC_Database,Brachysira,000571AA.png,16577501795375593415
ADIAC_Database,Brachysira,000345B.png,17311785025313718114
ADIAC_Database,Brachysira,000642BB.png,11394378094761774043
ADIAC_Database,Brachysira,000567CA.png,14447013582019569549
ADIAC_Database,Brachysira,000644BA.png,9614456686889290458
ADIAC_Database,Brachysira,000321B.png,11538152723759243123
ADIAC_Database,Brachysira,000643BA.png,14604811528395336905
ADIAC_Database,Brachysira,000642AA.png,10840658111954918042
ADIAC_Database,Brachysira,000567BB.png,17883470894168279025
ADIAC_Database,Brachysira,000639BB.png,18374964087043948798
ADIAC_Database,Brachysira,000571BA.png,14343698857806870471
ADIAC_Database,Brachysira,000639AA.png,14013012009769385055
ADIAC_Database,Neidium,000504AA.png,16603897080990416530
ADIAC_Database,Neidium,000267B.png,15324434583226683363
ADIAC_Database,Neidium,000288.png,15235695002472573711
ADIAC_Database,Neidium,000504CA.png,16601646380604538770
ADIAC_Database,Neidium,000504BA.png,16601645281178820498
ADIAC_Database,Neidium,000180B.png,15619459940661608314
ADIAC_Database,Neidium,000288B.png,15218662475098632152
ADIAC_Database,Neidium,000504BB.png,16601645281178820498
ADIAC_Database,Neidium,000079B.png,14579677233688943255
ADIAC_Database,Neidium,000170B.png,15619586107536064105
ADIAC_Database,Neidium,000267.png,15323875189495737203
ADIAC_Database,Cavinula,000780BA.png,16733554660565595827
ADIAC_Database,Cavinula,000780AB.png,16149875339569534946
ADIAC_Database,Cavinula,000253B.png,16158881104336535398
ADIAC_Database,Cavinula,001195AA.png,10436906431871788970
ADIAC_Database,Cavinula,000253.png,17416307917477316471
ADIAC_Database,Cavinula,001195BA.png,15048592450282402744
ADIAC_Database,Cavinula,000780AA.png,16733554385704728211
ADIAC_Database,Nitzschia,000888AA.png,12289649099756050310
ADIAC_Database,Nitzschia,000865AB.png,17370085671047475231
ADIAC_Database,Nitzschia,001476AA.png,11918153443490760033
ADIAC_Database,Nitzschia,001268AA.png,9223513869559774976
ADIAC_Database,Nitzschia,000871AA.png,12612212270308668525
ADIAC_Database,Nitzschia,000595BA.png,18220609957776865336
ADIAC_Database,Nitzschia,000118B.png,13996733284598910618
ADIAC_Database,Nitzschia,002016AA.png,10118581578146413457
ADIAC_Database,Nitzschia,001269AA.png,14447758720096008063
ADIAC_Database,Nitzschia,000818AB.png,17298309431727033579
ADIAC_Database,Nitzschia,000866AB.png,15781593283216760952
ADIAC_Database,Nitzschia,000865BA.png,11630196622161048772
ADIAC_Database,Nitzschia,001632AA.png,9980242030547254726
ADIAC_Database,Nitzschia,001624AA.png,13755335131349346712
ADIAC_Database,Nitzschia,000530BA.png,18160638374912753420
ADIAC_Database,Nitzschia,000872AA.png,18377097443181326456
ADIAC_Database,Nitzschia,000594AA.png,18160628776693576481
ADIAC_Database,Nitzschia,001551AA.png,10682398675102922016
ADIAC_Database,Nitzschia,002020AA.png,14325898399078322609
ADIAC_Database,Nitzschia,000490AA.png,13093028170900080481
ADIAC_Database,Nitzschia,000889AA.png,12206904687528747811
ADIAC_Database,Nitzschia,000839AA.png,17047187383794230836
ADIAC_Database,Nitzschia,002014AA.png,9589804667423787959
ADIAC_Database,Nitzschia,001554AA.png,15973857022778716208
ADIAC_Database,Nitzschia,000449BA.png,9625541364754186036
ADIAC_Database,Nitzschia,001634AA.png,18217236883193608594
ADIAC_Database,Nitzschia,002023AA.png,10689435234357622709
ADIAC_Database,Nitzschia,001271BA.png,13906996904211723520
ADIAC_Database,Nitzschia,000488AA.png,15761087314497364090
ADIAC_Database,Nitzschia,000588BA.png,9568134333451633514
ADIAC_Database,Nitzschia,001270AA.png,11721697154097493083
ADIAC_Database,Nitzschia,001480AA.png,11778257067621410404
ADIAC_Database,Nitzschia,001203AA.png,11393576126797124929
ADIAC_Database,Nitzschia,000490BA.png,18216646811802322721
ADIAC_Database,Nitzschia,001544AA.png,18237558719075045428
ADIAC_Database,Nitzschia,000072B.png,9962697850470380917
ADIAC_Database,Nitzschia,000886AA.png,16981879477917278539
ADIAC_Database,Nitzschia,001546AA.png,11402696636091265085
ADIAC_Database,Nitzschia,000490BB.png,18162955450410600305
ADIAC_Database,Nitzschia,002021AA.png,16478262952044209078
ADIAC_Database,Nitzschia,000529AB.png,16937462085500306665
ADIAC_Database,Nitzschia,000670AB.png,17442109885136343779
ADIAC_Database,Nitzschia,000591AB.png,18304863368927740384
ADIAC_Database,Nitzschia,001477AA.png,17489384096287563791
ADIAC_Database,Nitzschia,000142B.png,18026361820631678868
ADIAC_Database,Nitzschia,001542AA.png,13462054650678502776
ADIAC_Database,Nitzschia,000837AB.png,13621041049234456257
ADIAC_Database,Nitzschia,000730DA.png,18079886733368440945
ADIAC_Database,Nitzschia,001485AA.png,11694112367268979739
ADIAC_Database,Nitzschia,000888CA.png,12577592754907210032
ADIAC_Database,Nitzschia,000490AB.png,12687721799949518705
ADIAC_Database,Nitzschia,000448AA.png,11399697108167659752
ADIAC_Database,Nitzschia,001633AA.png,12899295599274196409
ADIAC_Database,Nitzschia,000660AB.png,14632475612588056307
ADIAC_Database,Nitzschia,000659AB.png,18016602480796710261
ADIAC_Database,Nitzschia,001534AA.png,13560763358656258105
ADIAC_Database,Nitzschia,000659AA.png,16879369289131045941
ADIAC_Database,Nitzschia,000588BB.png,18018895525946853104
ADIAC_Database,Nitzschia,001558AA.png,14821802052775142459
ADIAC_Database,Nitzschia,001541AA.png,16190466496765829160
ADIAC_Database,Nitzschia,000594AB.png,17872484162452493153
ADIAC_Database,Nitzschia,000871BA.png,12612212274603506793
ADIAC_Database,Nitzschia,001635AA.png,13783499985003950188
ADIAC_Database,Nitzschia,001543AA.png,16637357060573979707
ADIAC_Database,Nitzschia,001553AA.png,17677917509707870517
ADIAC_Database,Nitzschia,000890AB.png,9736779079209718559
ADIAC_Database,Nitzschia,000595AB.png,17914431153817326307
ADIAC_Database,Nitzschia,001548AA.png,10688398323058987301
ADIAC_Database,Nitzschia,000887AB.png,16440046044438082359
ADIAC_Database,Nitzschia,001289AA.png,14920034178779099515
ADIAC_Database,Nitzschia,001181AA.png,15360183669168775765
ADIAC_Database,Nitzschia,001535AA.png,13835199338967430523
ADIAC_Database,Nitzschia,000730BA.png,17648104119697216114
ADIAC_Database,Nitzschia,000730CA.png,18187973124492441714
ADIAC_Database,Nitzschia,000866AA.png,14407348158356596178
ADIAC_Database,Nitzschia,001481AA.png,13661249977983411244
ADIAC_Database,Nitzschia,000507BA.png,13737335013207351676
ADIAC_Database,Nitzschia,000514AB.png,13115313453499593941
ADIAC_Database,Nitzschia,000588AA.png,13013941338960990829
ADIAC_Database,Nitzschia,000814AA.png,10078126338271204823
ADIAC_Database,Nitzschia,000729BA.png,9309158885733332115
ADIAC_Database,Nitzschia,000816AB.png,17302812232440159463
ADIAC_Database,Nitzschia,001625AA.png,13514603370778144061
ADIAC_Database,Nitzschia,001638AA.png,15783310454264642703
ADIAC_Database,Nitzschia,000872CA.png,15532019296546158814
ADIAC_Database,Nitzschia,000660AA.png,10372035455586718431
ADIAC_Database,Nitzschia,001483AA.png,15096212183844880416
ADIAC_Database,Nitzschia,000814BA.png,11231053615314081990
ADIAC_Database,Nitzschia,000729CA.png,9309158610855510836
ADIAC_Database,Nitzschia,000587BB.png,18015516745236810996
ADIAC_Database,Nitzschia,001627AA.png,10036699949360899401
ADIAC_Database,Nitzschia,001552AA.png,17985469504855073091
ADIAC_Database,Nitzschia,000889BA.png,12630208142877336355
ADIAC_Database,Nitzschia,001547AA.png,12202089207821377886
ADIAC_Database,Nitzschia,000529AA.png,10043481299334125133
ADIAC_Database,Nitzschia,002017AA.png,13920396386016925093
ADIAC_Database,Nitzschia,000595AA.png,18229612758984856355
ADIAC_Database,Nitzschia,000530AA.png,17302697831240355838
ADIAC_Database,Nitzschia,000593BA.png,12457945008802037823
ADIAC_Database,Nitzschia,000871AB.png,13549031616096511023
ADIAC_Database,Nitzschia,001628AA.png,16948630457829652930
ADIAC_Database,Nitzschia,000887BA.png,11972475214938878771
ADIAC_Database,Nitzschia,001637AA.png,12549228062050695362
ADIAC_Database,Nitzschia,000590AB.png,13983659292640741110
ADIAC_Database,Nitzschia,001181BA.png,16941672919122750037
ADIAC_Database,Nitzschia,001478AA.png,17955450415849899360
ADIAC_Database,Nitzschia,000730AA.png,17612077521701032546
ADIAC_Database,Nitzschia,000888AB.png,16725800071163810702
ADIAC_Database,Nitzschia,001488AA.png,9358998111367435061
ADIAC_Database,Nitzschia,000592AB.png,13407163602956891233
ADIAC_Database,Nitzschia,001561AA.png,16272579884583997492
ADIAC_Database,Nitzschia,000860AB.png,13836139446643881325
ADIAC_Database,Nitzschia,001479AA.png,13149035283206799713
ADIAC_Database,Nitzschia,000670AA.png,17645322723414283234
ADIAC_Database,Nitzschia,001475AA.png,13988172116463268122
ADIAC_Database,Nitzschia,001537AA.png,18070277774179730785
ADIAC_Database,Nitzschia,001532AA.png,16412704145505764390
ADIAC_Database,Nitzschia,000696AA.png,13430174161013095787
ADIAC_Database,Nitzschia,000890AA.png,9736774689740589311
ADIAC_Database,Nitzschia,001536AA.png,12322835291220439386
ADIAC_Database,Nitzschia,000872AB.png,18374923708090261624
ADIAC_Database,Nitzschia,000659BA.png,12627478539358057650
ADIAC_Database,Nitzschia,000818AA.png,9228984835298390700
ADIAC_Database,Nitzschia,001549AA.png,10073788675772396830
ADIAC_Database,Nitzschia,000529BA.png,12248091430980216090
ADIAC_Database,Nitzschia,001631AA.png,13497799827696921026
ADIAC_Database,Nitzschia,000696AB.png,13402946954574476655
ADIAC_Database,Nitzschia,000507AA.png,16907872453857027380
ADIAC_Database,Nitzschia,000143B.png,13997117984465239843
ADIAC_Database,Nitzschia,000449AB.png,16149840704886313958
ADIAC_Database,Nitzschia,001642AA.png,16386845531775970764
ADIAC_Database,Nitzschia,002015AA.png,16878248452670390961
ADIAC_Database,Nitzschia,001482AA.png,18161770817020416821
ADIAC_Database,Nitzschia,002019AA.png,15482650461565234640
ADIAC_Database,Nitzschia,001486AA.png,9732031387452489340
ADIAC_Database,Nitzschia,000837AA.png,16205637014616812010
ADIAC_Database,Nitzschia,001473AA.png,18142349365515572581
ADIAC_Database,Nitzschia,000507AB.png,18050660859169120636
ADIAC_Database,Nitzschia,001640AA.png,18126057661745294490
ADIAC_Database,Nitzschia,000886AB.png,18089783127121666315
ADIAC_Database,Nitzschia,001639AA.png,12346267857831212141
ADIAC_Database,Nitzschia,000838BA.png,13453882010624472522
ADIAC_Database,Nitzschia,001484AA.png,17418731647927812221
ADIAC_Database,Nitzschia,000670BA.png,17429145544327704947
ADIAC_Database,Nitzschia,000888BA.png,12577597932222059442
ADIAC_Database,Nitzschia,001545AA.png,17296009757488981279
ADIAC_Database,Nitzschia,001539AA.png,13581902358703661433
ADIAC_Database,Nitzschia,000729AA.png,9309158748294464307
ADIAC_Database,Nitzschia,000530AB.png,16149776326646078431
ADIAC_Database,Nitzschia,000591AA.png,12582443694719734240
ADIAC_Database,Nitzschia,000838AB.png,13300775015922939354
ADIAC_Database,Nitzschia,000589BB.png,13440940597748699120
ADIAC_Database,Nitzschia,001557AA.png,12289625662361462074
ADIAC_Database,Nitzschia,000659BB.png,18303179191394121206
ADIAC_Database,Nitzschia,000593CA.png,16753250829846053116
ADIAC_Database,Nitzschia,001630AA.png,16422241054873575640
ADIAC_Database,Nitzschia,000839AB.png,17011193771151468272
ADIAC_Database,Nitzschia,000590AA.png,9277278452604019318
ADIAC_Database,Nitzschia,000449BB.png,16221368612955364838
ADIAC_Database,Nitzschia,001538AA.png,16988287173765034088
ADIAC_Database,Nitzschia,000860AA.png,10784082817004347591
ADIAC_Database,Nitzschia,000594BA.png,14012536417134797671
ADIAC_Database,Nitzschia,000590BA.png,9619663519586722042
ADIAC_Database,Nitzschia,001271AA.png,13906999102158611816
ADIAC_Database,Nitzschia,001629AA.png,11223394035623095757
ADIAC_Database,Nitzschia,000591BA.png,12649997689129245152
ADIAC_Database,Nitzschia,000589BA.png,12292787297341043412
ADIAC_Database,Nitzschia,001550AA.png,16186172018025754677
ADIAC_Database,Nitzschia,001556AA.png,10059847766262505562
ADIAC_Database,Nitzschia,000593AA.png,17064423731570344191
ADIAC_Database,Nitzschia,001626AA.png,16924404429570336984
ADIAC_Database,Nitzschia,001487AA.png,16119650245889400940
ADIAC_Database,Nitzschia,000593AB.png,18338801654402318591
ADIAC_Database,Nitzschia,000449AA.png,9346323310687650535
ADIAC_Database,Nitzschia,002022AA.png,9647855600876089623
ADIAC_Database,Nitzschia,000814AB.png,16069124396399985118
ADIAC_Database,Nitzschia,001560AA.png,18374861714869989360
ADIAC_Database,Nitzschia,000589AA.png,12953306038631591972
ADIAC_Database,Nitzschia,000448BA.png,11272788043553612040
ADIAC_Database,Nitzschia,000886BA.png,18134255350126834313
ADIAC_Database,Nitzschia,000514AA.png,10846585850842494676
ADIAC_Database,Nitzschia,000838AA.png,17230648833209294944
ADIAC_Database,Nitzschia,000872BA.png,18377167811924979832
ADIAC_Database,Nitzschia,001641AA.png,12366836612892929308
ADIAC_Database,Nitzschia,001636AA.png,14612741983473592470
ADIAC_Database,Nitzschia,000889AB.png,18088676168556552483
ADIAC_Database,Nitzschia,001540AA.png,18377079211515307325
ADIAC_Database,Nitzschia,001533AA.png,17204753559862653999
ADIAC_Database,Nitzschia,000592AA.png,12272189461001842784
ADIAC_Database,Nitzschia,000488AB.png,18303461662811168890
ADIAC_Database,Nitzschia,001559AA.png,11482721622901665931
ADIAC_Database,Nitzschia,001643AA.png,12941310378119543955
ADIAC_Database,Nitzschia,001531AA.png,18090047628968714285
ADIAC_Database,Nitzschia,000816AA.png,10670829400332269102
ADIAC_Database,Nitzschia,001291AA.png,15713503728311399738
ADIAC_Database,Nitzschia,000865AA.png,9323180430349005900
ADIAC_Database,Nitzschia,001290AA.png,12640057682516291855
ADIAC_Database,Nitzschia,000839BA.png,17047187383794168948
ADIAC_Database,Nitzschia,000587AA.png,17492696898662797687
ADIAC_Database,Nitzschia,001555AA.png,9259270032453263725
ADIAC_Database,Nitzschia,001474AA.png,12128971599747733101
ADIAC_Database,Nitzschia,000660BA.png,10372035447032428751
ADIAC_Database,Nitzschia,000887AA.png,11972475214955655985
ADIAC_Database,Nitzschia,001292AA.png,12223003676294608213
ADIAC_Database,Nitzschia,002067AA.png,10470610286601303520
ADIAC_Database,Nitzschia,000587BA.png,16326282775245962300
ADIAC_Database,Nitzschia,002018AA.png,9241105823528938998
ADIAC_Database,Luticola,000522AA.png,9297681294223681282
ADIAC_Database,Luticola,000836AB.png,16145393825117189618
ADIAC_Database,Luticola,000526BB.png,17298282399756597192
ADIAC_Database,Luticola,000834AB.png,16292182909557942774
ADIAC_Database,Luticola,000835AA.png,17320431566588953623
ADIAC_Database,Luticola,000835BA.png,17315365017511332095
ADIAC_Database,Luticola,000836BA.png,11576317715781986226
ADIAC_Database,Luticola,000524BB.png,17118865608719766380
ADIAC_Database,Luticola,000527BA.png,9814982953659408607
ADIAC_Database,Luticola,000896AB.png,17806652539268373703
ADIAC_Database,Luticola,000525BA.png,10685435844563400533
ADIAC_Database,Luticola,000896AA.png,10943131596833823886
ADIAC_Database,Luticola,000834CA.png,14310529391961336178
ADIAC_Database,Luticola,000522BA.png,9297679096290948608
ADIAC_Database,Luticola,000835AB.png,17298010325475329269
ADIAC_Database,Luticola,000527CA.png,9378133773429912761
ADIAC_Database,Luticola,000523BB.png,16149838441436168160
ADIAC_Database,Luticola,000523BA.png,11596715161062242048
ADIAC_Database,Luticola,000527AA.png,9981550031735497183
ADIAC_Database,Luticola,000526CA.png,16437181120789297116
ADIAC_Database,Luticola,000524BA.png,17118865609256636780
ADIAC_Database,Luticola,000896BA.png,11303412966153705102
ADIAC_Database,Luticola,000526AA.png,16505563937701241482
ADIAC_Database,Luticola,000523AA.png,11596708565067265792
ADIAC_Database,Luticola,000525BB.png,15009049814911248229
ADIAC_Database,Luticola,000525AA.png,10757511030251546437
ADIAC_Database,Luticola,000836AA.png,11864555805458851250
ADIAC_Database,Luticola,000527BB.png,16719001186713347283
ADIAC_Database,Luticola,000522BB.png,9299929795519266304
ADIAC_Database,Luticola,000524AA.png,17118865609189528428
ADIAC_Database,Luticola,000526BA.png,12773574349200782296
ADIAC_Database,Luticola,000834AA.png,14022298466053810558
ADIAC_Database,Luticola,000834BA.png,14310528842205522294
ADIAC_Database,Staurosirella,001386AA.png,15153396366621450906
ADIAC_Database,Staurosirella,000264.png,10593537139928494389
ADIAC_Database,Staurosirella,001382AA.png,16670804462072653481
ADIAC_Database,Staurosirella,000114B.png,14857909010195519081
ADIAC_Database,Staurosirella,000129B.png,10284191606584872553
ADIAC_Database,Staurosirella,001380AA.png,16328039456397813465
ADIAC_Database,Staurosirella,001387AA.png,17455281681918469789
ADIAC_Database,Staurosirella,001383AA.png,17510501553673234073
ADIAC_Database,Staurosirella,001913AA.png,11724234556530108125
ADIAC_Database,Staurosirella,001914AA.png,17751668167616394905
ADIAC_Database,Staurosirella,001381AA.png,12090362317584623257
ADIAC_Database,Staurosirella,000100B.png,10032017498134263077
ADIAC_Database,Staurosirella,001384AA.png,12086703000348930697
ADIAC_Database,Staurosirella,000832AB.png,17424123706864866246
ADIAC_Database,Staurosirella,001911AA.png,16688541569973118617
ADIAC_Database,Staurosirella,001188AA.png,16876221624220265910
ADIAC_Database,Staurosirella,000832AA.png,17421801538307011534
ADIAC_Database,Staurosirella,000264B.png,17442371841131290592
ADIAC_Database,Staurosirella,001910AA.png,16342960945411614409
ADIAC_Database,Staurosirella,000108B.png,14373455665899746401
ADIAC_Database,Staurosirella,001385AA.png,16948885526228134804
ADIAC_Database,Staurosirella,001909AA.png,12005906600438411977
ADIAC_Database,Staurosirella,001912AA.png,16954724843991250578
ADIAC_Database,Staurosirella,001187AA.png,11040086055458649707
ADIAC_Database,Gyrosigma,000265.png,15131830894694264610
ADIAC_Database,Gyrosigma,001345AA.png,12632759886152872345
ADIAC_Database,Gyrosigma,000651AA.png,12573997963079872545
ADIAC_Database,Gyrosigma,001927AA.png,11720002827968671966
ADIAC_Database,Gyrosigma,001347AA.png,12669405508648707467
ADIAC_Database,Gyrosigma,001924AA.png,9669107249585141082
ADIAC_Database,Gyrosigma,001925AA.png,12632760985136033945
ADIAC_Database,Gyrosigma,001926AA.png,17184277157496501641
ADIAC_Database,Gyrosigma,001929AA.png,12585473146358871453
ADIAC_Database,Gyrosigma,001350AA.png,12022856242410039183
ADIAC_Database,Gyrosigma,000651AB.png,18383928433515061287
ADIAC_Database,Gyrosigma,001928AA.png,9754661617571079563
ADIAC_Database,Gyrosigma,001351AA.png,11813737933955146131
ADIAC_Database,Gyrosigma,001923AA.png,12251996031501545694
ADIAC_Database,Gyrosigma,001922AA.png,13461405716056384923
ADIAC_Database,Gyrosigma,001349AA.png,17543918649225654659
ADIAC_Database,Gyrosigma,001354AA.png,18147413188410487187
ADIAC_Database,Gyrosigma,001353AA.png,17856918960951272843
ADIAC_Database,Gyrosigma,001352AA.png,18429720399774360879
ADIAC_Database,Gyrosigma,001346AA.png,13090439159811700107
ADIAC_Database,Gyrosigma,001348AA.png,9393901503476934445
ADIAC_Database,Gyrosigma,000265B.png,15005870893086338866
ADIAC_Database,Melosira,000858BA.png,11925419664786547359
ADIAC_Database,Melosira,000821BA.png,11658586576868762010
ADIAC_Database,Melosira,000857BA.png,17585935513220756169
ADIAC_Database,Melosira,000821CA.png,11658586031407915418
ADIAC_Database,Melosira,000859BA.png,18378276134142032938
ADIAC_Database,Melosira,000856CB.png,12427915733127280764
ADIAC_Database,Melosira,000856AA.png,12425664002105420128
ADIAC_Database,Melosira,000821AB.png,16217424985518907859
ADIAC_Database,Melosira,000858AA.png,11921483477517346801
ADIAC_Database,Melosira,000857AA.png,17585935489604072408
ADIAC_Database,Melosira,000858BB.png,11916412465531807419
ADIAC_Database,Melosira,000821AA.png,11658586439429808595
ADIAC_Database,Melosira,000856CA.png,12429024040848341052
ADIAC_Database,Melosira,000859CB.png,18234459444149959785
ADIAC_Database,Melosira,000859CA.png,18396571988305066025
ADIAC_Database,Melosira,000821DA.png,11946812005218152858
ADIAC_Database,Melosira,000857BB.png,17586507257128039113
ADIAC_Database,Melosira,000821EA.png,11946811986494759834
ADIAC_Database,Melosira,000856BA.png,12427898140945430652
ADIAC_Database,Melosira,000859AA.png,18387564941383186522
ADIAC_Database,Melosira,000858CA.png,11637193687022593689
ADIAC_Database,Cocconeis,002097AA.png,18391470123478100008
ADIAC_Database,Cocconeis,000074B.png,14634694606080589005
ADIAC_Database,Cocconeis,001375AA.png,13570987615743740328
ADIAC_Database,Cocconeis,001673AA.png,12279245965022910618
ADIAC_Database,Cocconeis,000864BA.png,14639581299122817957
ADIAC_Database,Cocconeis,001663AA.png,12266298390564231838
ADIAC_Database,Cocconeis,000921BB.png,14059525666686213078
ADIAC_Database,Cocconeis,002111AA.png,15744463007855881528
ADIAC_Database,Cocconeis,000551BA.png,13846397788686740845
ADIAC_Database,Cocconeis,001664AA.png,12513726711572123099
ADIAC_Database,Cocconeis,000329B.png,14307769597261876696
ADIAC_Database,Cocconeis,000672BB.png,17588745709257172707
ADIAC_Database,Cocconeis,001366AA.png,12141361465493840294
ADIAC_Database,Cocconeis,001678AA.png,12273828142545280665
ADIAC_Database,Cocconeis,000959AB.png,18311198770300213342
ADIAC_Database,Cocconeis,000292.png,14683199577699568077
ADIAC_Database,Cocconeis,002103AA.png,17901562922281100632
ADIAC_Database,Cocconeis,001368AA.png,12464489515889734867
ADIAC_Database,Cocconeis,000363.png,17415801127216141653
ADIAC_Database,Cocconeis,000346B.png,12258780832336063944
ADIAC_Database,Cocconeis,001669AA.png,13812716835911290680
ADIAC_Database,Cocconeis,000909BB.png,16863150481402115554
ADIAC_Database,Cocconeis,000874BA.png,15443583840220760630
ADIAC_Database,Cocconeis,000692AA.png,13011396198800437297
ADIAC_Database,Cocconeis,000673AA.png,12747951862208357068
ADIAC_Database,Cocconeis,002099AA.png,16747344960387992433
ADIAC_Database,Cocconeis,000957AA.png,10318839633798074120
ADIAC_Database,Cocconeis,000781AB.png,17369525096697698535
ADIAC_Database,Cocconeis,001902AA.png,12311384300059150704
ADIAC_Database,Cocconeis,001668AA.png,12123867720225119372
ADIAC_Database,Cocconeis,002096AA.png,13348827207400044902
ADIAC_Database,Cocconeis,002107AA.png,11001803185808368537
ADIAC_Database,Cocconeis,001377AA.png,13576809014212254754
ADIAC_Database,Cocconeis,000186B.png,17237673194002266189
ADIAC_Database,Cocconeis,000308.png,14287332601431904147
ADIAC_Database,Cocconeis,001899AA.png,18161756838607472995
ADIAC_Database,Cocconeis,000540BA.png,12508117577818076501
ADIAC_Database,Cocconeis,000928AB.png,17587930999845559542
ADIAC_Database,Cocconeis,001676AA.png,12346724913264369626
ADIAC_Database,Cocconeis,001680AA.png,12614449547763960024
ADIAC_Database,Cocconeis,000869BA.png,17008940467080517923
ADIAC_Database,Cocconeis,000864AB.png,18090533112816635873
ADIAC_Database,Cocconeis,001671AA.png,12497682963380817103
ADIAC_Database,Cocconeis,000364.png,9546910432033459341
ADIAC_Database,Cocconeis,000925AB.png,18016620635496845283
ADIAC_Database,Cocconeis,000781AA.png,12774064022449829619
ADIAC_Database,Cocconeis,000869AA.png,16792664329638066575
ADIAC_Database,Cocconeis,000219B.png,12976086959386942669
ADIAC_Database,Cocconeis,000219.png,12976086959386942669
ADIAC_Database,Cocconeis,000362B.png,13447572812762062280
ADIAC_Database,Cocconeis,000292B.png,13988009178977935308
ADIAC_Database,Cocconeis,002002AA.png,15301514694493852241
ADIAC_Database,Cocconeis,000362.png,11140344384529518029
ADIAC_Database,Cocconeis,002106AA.png,16084359936839660636
ADIAC_Database,Cocconeis,002102AA.png,10029345058061700318
ADIAC_Database,Cocconeis,000212B.png,16311023265505491017
ADIAC_Database,Cocconeis,001379AA.png,17118910725169953827
ADIAC_Database,Cocconeis,000673BB.png,13263050384545621729
ADIAC_Database,Cocconeis,002104AA.png,11469490540188150840
ADIAC_Database,Cocconeis,000925BA.png,14341650903965620999
ADIAC_Database,Cocconeis,002108AA.png,10190890816103163189
ADIAC_Database,Cocconeis,000874AA.png,15443583840287868990
ADIAC_Database,Cocconeis,002105AA.png,10263388680526708024
ADIAC_Database,Cocconeis,000869CA.png,17008940304475740195
ADIAC_Database,Cocconeis,000329.png,14325784270646134936
ADIAC_Database,Cocconeis,000692BB.png,16145355219602388209
ADIAC_Database,Cocconeis,001662AA.png,15396267078118857045
ADIAC_Database,Cocconeis,000959AA.png,15888227536158611550
ADIAC_Database,Cocconeis,000366.png,12273844361130043722
ADIAC_Database,Cocconeis,000095B.png,14091311564717202891
ADIAC_Database,Cocconeis,001679AA.png,12637861497306598284
ADIAC_Database,Cocconeis,002114AA.png,15774000568472593713
ADIAC_Database,Cocconeis,001670AA.png,12612177924123034368
ADIAC_Database,Cocconeis,000869BB.png,16721848986480351459
ADIAC_Database,Cocconeis,000957AB.png,10312083273492467142
ADIAC_Database,Cocconeis,000862AB.png,18022829627371882722
ADIAC_Database,Cocconeis,002100AA.png,10047044396275385757
ADIAC_Database,Cocconeis,001666AA.png,13575120185901132936
ADIAC_Database,Cocconeis,000909BA.png,12282902095642391850
ADIAC_Database,Cocconeis,001901AA.png,13624452137205461479
ADIAC_Database,Cocconeis,000673BA.png,11605167305053925581
ADIAC_Database,Cocconeis,001373AA.png,17083444474643229837
ADIAC_Database,Cocconeis,000874CA.png,15443583838039755382
ADIAC_Database,Cocconeis,002115AA.png,14928801100115959921
ADIAC_Database,Cocconeis,002101AA.png,14429393454551214172
ADIAC_Database,Cocconeis,002116AA.png,16910618257761411497
ADIAC_Database,Cocconeis,000308B.png,16149846758575349698
ADIAC_Database,Cocconeis,002109AA.png,16122518193402963000
ADIAC_Database,Cocconeis,000551AA.png,11540559177519557933
ADIAC_Database,Cocconeis,000540AA.png,13066511155053884757
ADIAC_Database,Cocconeis,000862AA.png,18374462293430880448
ADIAC_Database,Cocconeis,000781BA.png,12773289968411354851
ADIAC_Database,Cocconeis,000864AA.png,14675609580745706373
ADIAC_Database,Cocconeis,000863AA.png,12548486945529983387
ADIAC_Database,Cocconeis,000346.png,12284663311353932940
ADIAC_Database,Cocconeis,000692BA.png,11868330561807200313
ADIAC_Database,Cocconeis,000692CA.png,13083172249149518896
ADIAC_Database,Cocconeis,000364B.png,13843907197858356680
ADIAC_Database,Cocconeis,000863AB.png,17160234261730603507
ADIAC_Database,Cocconeis,001371AA.png,11068600271477984564
ADIAC_Database,Cocconeis,002110AA.png,11077801344489126969
ADIAC_Database,Cocconeis,000540BB.png,17083791841656730965
ADIAC_Database,Cocconeis,001677AA.png,17249531515626298008
ADIAC_Database,Cocconeis,001369AA.png,17916101675470838051
ADIAC_Database,Cocconeis,001903AA.png,17930175405985184103
ADIAC_Database,Cocconeis,001672AA.png,12335553858901364175
ADIAC_Database,Cocconeis,000672AA.png,17309531740161385254
ADIAC_Database,Cocconeis,000212.png,17600136774587660377
ADIAC_Database,Cocconeis,001378AA.png,17965651179542973492
ADIAC_Database,Cocconeis,001372AA.png,17911927558823229494
ADIAC_Database,Cocconeis,000921BA.png,14095536871521227734
ADIAC_Database,Cocconeis,000928AA.png,13021251290875860150
ADIAC_Database,Cocconeis,000925AA.png,14341686088329321223
ADIAC_Database,Cocconeis,001667AA.png,11994481799155059338
ADIAC_Database,Cocconeis,001367AA.png,17931876487725931590
ADIAC_Database,Cocconeis,000363B.png,17300537124257306561
ADIAC_Database,Cocconeis,000551BB.png,16143409383067168109
ADIAC_Database,Cocconeis,000909CA.png,12273894913299084714
ADIAC_Database,Cocconeis,000874BB.png,15422191741990734582
ADIAC_Database,Cocconeis,000366B.png,11699631010599799754
ADIAC_Database,Cocconeis,000909AA.png,12211090517336728149
ADIAC_Database,Cocconeis,000365B.png,16149840330736023409
ADIAC_Database,Cocconeis,001900AA.png,18213053453754191203
ADIAC_Database,Cocconeis,000921CA.png,9492577676866722774
ADIAC_Database,Cocconeis,001374AA.png,13592661970409303351
ADIAC_Database,Cocconeis,001674AA.png,13569527988275157033
ADIAC_Database,Cocconeis,001675AA.png,12121674129830497420
ADIAC_Database,Cocconeis,000921AA.png,9772081710280069974
ADIAC_Database,Cocconeis,002113AA.png,12285808238846238976
ADIAC_Database,Cocconeis,000365.png,10391158075863888691
ADIAC_Database,Cocconeis,000959BA.png,15905629223771216918
ADIAC_Database,Cocconeis,000672BA.png,17588745913263923943
ADIAC_Database,Cocconeis,000923AA.png,10787693244252277065
ADIAC_Database,Cocconeis,001376AA.png,13080021852008926626
ADIAC_Database,Cocconeis,000923AB.png,17660251417394878953
ADIAC_Database,Cocconeis,001665AA.png,12147797880897051249
ADIAC_Database,Cocconeis,002112AA.png,14442625862444148020
ADIAC_Database,Cocconeis,001370AA.png,13368819811495274854
ADIAC_Database,Cocconeis,002117AA.png,14585494211581862205
ADIAC_Database,Cocconeis,000862BA.png,18086233270189590730
ADIAC_Database,Cocconeis,002098AA.png,11173260410383949976
ADIAC_Database,Staurosira,001180BA.png,18031297810481794930
ADIAC_Database,Staurosira,000220B.png,9312716627646651295
ADIAC_Database,Staurosira,001186AA.png,14089281770350200975
ADIAC_Database,Staurosira,000220.png,10800034528562811535
ADIAC_Database,Staurosira,001179BA.png,13924439912921285484
ADIAC_Database,Staurosira,000177B.png,9673112717783846308
ADIAC_Database,Staurosira,001186BA.png,13944005497741691023
ADIAC_Database,Staurosira,001179AA.png,14500610393753051618
ADIAC_Database,Staurosira,001180AA.png,18031291209393882994
ADIAC_Database,Encyonema,001757AA.png,16947261587561408807
ADIAC_Database,Encyonema,000275B.png,17442432975258136531
ADIAC_Database,Encyonema,001736AA.png,12511797523303160161
ADIAC_Database,Encyonema,000511BA.png,13945261122981802711
ADIAC_Database,Encyonema,001262AA.png,17807748710275245722
ADIAC_Database,Encyonema,000301.png,15102286122734467374
ADIAC_Database,Encyonema,000358B.png,11031558736213716850
ADIAC_Database,Encyonema,000304.png,10462563619972933570
ADIAC_Database,Encyonema,001257AA.png,13742970770619921538
ADIAC_Database,Encyonema,000361.png,15407538038845486742
ADIAC_Database,Encyonema,000500BA.png,17043458879967290290
ADIAC_Database,Encyonema,001751AA.png,13705742958805477669
ADIAC_Database,Encyonema,001205AA.png,9259826737720010483
ADIAC_Database,Encyonema,000511AA.png,17114387881472110815
ADIAC_Database,Encyonema,001756AA.png,13429916155147491737
ADIAC_Database,Encyonema,000498BB.png,17114173981062083523
ADIAC_Database,Encyonema,000301B.png,15032893742766111716
ADIAC_Database,Encyonema,001755AA.png,12353603351651053618
ADIAC_Database,Encyonema,000354B.png,10707282454551729130
ADIAC_Database,Encyonema,001735AA.png,13430162480038439269
ADIAC_Database,Encyonema,000306B.png,13988004793883303874
ADIAC_Database,Encyonema,001263AA.png,18434591507443884931
ADIAC_Database,Encyonema,000510BB.png,16379590745645197016
ADIAC_Database,Encyonema,000306.png,15427758311313911755
ADIAC_Database,Encyonema,001752AA.png,18024959969864489313
ADIAC_Database,Encyonema,000310.png,12741263033207186407
ADIAC_Database,Encyonema,001739AA.png,12313269772416017767
ADIAC_Database,Encyonema,001754AA.png,13507650756163677232
ADIAC_Database,Encyonema,000355B.png,13875583921572820466
ADIAC_Database,Encyonema,000356B.png,13844045517507540963
ADIAC_Database,Encyonema,000085B.png,11538163207235976564
ADIAC_Database,Encyonema,000500AB.png,16721797312151566307
ADIAC_Database,Encyonema,001743AA.png,13521114047589161273
ADIAC_Database,Encyonema,001738AA.png,13773365333168238643
ADIAC_Database,Encyonema,001737AA.png,16858248301233391925
ADIAC_Database,Encyonema,001259AA.png,14100370277303350983
ADIAC_Database,Encyonema,000361B.png,17661660020589205218
ADIAC_Database,Encyonema,001740AA.png,12309625085529174643
ADIAC_Database,Encyonema,000498AA.png,14524622887021982339
ADIAC_Database,Encyonema,001741AA.png,11218678343054237045
ADIAC_Database,Encyonema,000513BA.png,18073160052418027747
ADIAC_Database,Encyonema,000357.png,16161501505501840085
ADIAC_Database,Encyonema,000304B.png,15003584024564215794
ADIAC_Database,Encyonema,001260AA.png,16532081167469651151
ADIAC_Database,Encyonema,001258AA.png,15387298394790712715
ADIAC_Database,Encyonema,001257AB.png,13700184306418202610
ADIAC_Database,Encyonema,001758AA.png,13718146535581718809
ADIAC_Database,Encyonema,000513CA.png,18073160050003157731
ADIAC_Database,Encyonema,001746AA.png,18024678524882346343
ADIAC_Database,Encyonema,000513AA.png,18361390428569739459
ADIAC_Database,Encyonema,001206AA.png,10082520785431652295
ADIAC_Database,Encyonema,000511BB.png,16827635180228653779
ADIAC_Database,Encyonema,000510AA.png,16402109018391520920
ADIAC_Database,Encyonema,000358.png,11227786378867926390
ADIAC_Database,Encyonema,000085C.png,11574051266735127924
ADIAC_Database,Encyonema,001742AA.png,12368274921222016204
ADIAC_Database,Encyonema,000360.png,9223441905998575399
ADIAC_Database,Encyonema,001753AA.png,9827285253115962726
ADIAC_Database,Encyonema,001744AA.png,13791307129583127604
ADIAC_Database,Encyonema,001749AA.png,18077595820507111781
ADIAC_Database,Encyonema,000275.png,17547215369294540691
ADIAC_Database,Encyonema,000500AA.png,18268789805617800039
ADIAC_Database,Encyonema,001748AA.png,13790185403515955493
ADIAC_Database,Encyonema,001205BA.png,9261031939898802906
ADIAC_Database,Encyonema,000510BA.png,16384024251406296728
ADIAC_Database,Encyonema,000310B.png,17295927282349639664
ADIAC_Database,Encyonema,000354.png,10796302214404338346
ADIAC_Database,Encyonema,001745AA.png,12191386676282027381
ADIAC_Database,Encyonema,000356.png,9572699030075831207
ADIAC_Database,Encyonema,000513BB.png,18073160052418027747
ADIAC_Database,Encyonema,001747AA.png,13430162450038679909
ADIAC_Database,Encyonema,000498BA.png,14812835668840166083
ADIAC_Database,Encyonema,001750AA.png,13287175356602153313
ADIAC_Database,Encyonema,000357B.png,16162205191878247121
ADIAC_Database,Encyonema,000360B.png,9224492488830298082
ADIAC_Database,Encyonema,001759AA.png,17235505141504552048
ADIAC_Database,Encyonema,000355.png,14305538042385674419
ADIAC_Database,Encyonopsis,000484AA.png,15390074528757552865
ADIAC_Database,Encyonopsis,000484CA.png,15316235586012197023
ADIAC_Database,Encyonopsis,000484BA.png,15388240547381719181
ADIAC_Database,Encyonopsis,000350B.png,11591690566120775010
ADIAC_Database,Encyonopsis,000353.png,10461547251560335819
ADIAC_Database,Encyonopsis,000353B.png,13844030912513220555
ADIAC_Database,Encyonopsis,000350.png,11951978523386267002
ADIAC_Database,Encyonopsis,000484BB.png,17298309551986056399
ADIAC_Database,Amphora,000906AB.png,17660256075354538211
ADIAC_Database,Amphora,000534BB.png,16431075487162509046
ADIAC_Database,Amphora,000772BA.png,12620441388839677876
ADIAC_Database,Amphora,000617AA.png,11569686957268632221
ADIAC_Database,Amphora,000731AA.png,11949685185646207626
ADIAC_Database,Amphora,000270B.png,11685654510392457160
ADIAC_Database,Amphora,000792AA.png,17430202479130981411
ADIAC_Database,Amphora,000820CA.png,9755344196367770961
ADIAC_Database,Amphora,000774BB.png,13692020970292256981
ADIAC_Database,Amphora,000737BB.png,17872491207267198674
ADIAC_Database,Amphora,000270.png,11721332563005044703
ADIAC_Database,Amphora,000075B.png,17407753545623090534
ADIAC_Database,Amphora,000905BA.png,18440498976708899851
ADIAC_Database,Amphora,000618BB.png,16293962069024577997
ADIAC_Database,Amphora,000735AA.png,15372429905520501387
ADIAC_Database,Amphora,000804AB.png,18375201644078769266
ADIAC_Database,Amphora,000822BA.png,18079108148021371216
ADIAC_Database,Amphora,000794AB.png,17302815479972371150
ADIAC_Database,Amphora,000776AA.png,12429054023421932439
ADIAC_Database,Amphora,000820BB.png,12610639432932794868
ADIAC_Database,Amphora,000804AA.png,13196902376507520114
ADIAC_Database,Amphora,000684AA.png,11566329663369470927
ADIAC_Database,Amphora,000442BA.png,18438170341365678800
ADIAC_Database,Amphora,000822AA.png,17504828815915822452
ADIAC_Database,Amphora,000776AB.png,17874778163812312819
ADIAC_Database,Amphora,000727AA.png,10781206700160721523
ADIAC_Database,Amphora,000617BA.png,11578711611270152413
ADIAC_Database,Amphora,000803AA.png,14378715150875492480
ADIAC_Database,Amphora,000731BB.png,17298284444135863243
ADIAC_Database,Amphora,000805AA.png,18369206747172184359
ADIAC_Database,Amphora,000805BA.png,18369207572880695299
ADIAC_Database,Amphora,000792BB.png,17872486786193753843
ADIAC_Database,Amphora,000442AA.png,11448583560772880284
ADIAC_Database,Amphora,000735CB.png,17678270724300612291
ADIAC_Database,Amphora,000772DA.png,12620441320271195570
ADIAC_Database,Amphora,000820BA.png,9755344162008294864
ADIAC_Database,Amphora,000772EA.png,12656470149502418320
ADIAC_Database,Amphora,000905BB.png,18339181179237572683
ADIAC_Database,Amphora,000805AB.png,18340900695214400882
ADIAC_Database,Amphora,000733AA.png,13157771382960079836
ADIAC_Database,Amphora,000735CA.png,15372429905520501387
ADIAC_Database,Amphora,000735BA.png,15372429905520501387
ADIAC_Database,Amphora,000774BA.png,13470976252154753173
ADIAC_Database,Amphora,000534BA.png,11881848325179401934
ADIAC_Database,Amphora,000733CA.png,13153267783337935836
ADIAC_Database,Amphora,000782AB.png,18017445243949235968
ADIAC_Database,Amphora,000534AA.png,11846382477578024598
ADIAC_Database,Amphora,000733BA.png,13697080522921166556
ADIAC_Database,Amphora,000442BB.png,16637398924766611412
ADIAC_Database,Amphora,000727CA.png,11067246836543006321
ADIAC_Database,Amphora,000727BA.png,11357658648318059123
ADIAC_Database,Amphora,000733CB.png,17446887524967551772
ADIAC_Database,Amphora,000684BB.png,17872493396626711491
ADIAC_Database,Amphora,000792BA.png,17420350856011461731
ADIAC_Database,Amphora,000293.png,11014919421838585968
ADIAC_Database,Amphora,000772CA.png,12620441388856454580
ADIAC_Database,Amphora,000772BB.png,13772241322866716596
ADIAC_Database,Amphora,000774AA.png,13470976252155801745
ADIAC_Database,Amphora,001176AA.png,15408465088954475146
ADIAC_Database,Amphora,000772AA.png,12620375418142015408
ADIAC_Database,Amphora,000820AA.png,9755344145029756368
ADIAC_Database,Amphora,000293B.png,17910765976131484784
ADIAC_Database,Amphora,000782AA.png,18053454217544597248
ADIAC_Database,Amphora,000906BA.png,10760741447152260436
ADIAC_Database,Amphora,000737BA.png,14150481408801732242
ADIAC_Database,Amphora,000794BA.png,17596069052159299470
ADIAC_Database,Amphora,000104B.png,14210794774740416451
ADIAC_Database,Amphora,000822BB.png,18303188537119286132
ADIAC_Database,Amphora,000731BA.png,13102606548452024971
ADIAC_Database,Amphora,000905CA.png,18368441521132287179
ADIAC_Database,Amphora,000794AA.png,17668689621920294542
ADIAC_Database,Amphora,000618BA.png,11735968833476139161
ADIAC_Database,Amphora,000618AA.png,11743005706753052313
ADIAC_Database,Amphora,000684BA.png,11584273693134775247
ADIAC_Database,Amphora,000782BA.png,18341983701115666176
ADIAC_Database,Amphora,000776BA.png,13581975532322566807
ADIAC_Database,Amphora,000906AA.png,10760741447154376747
ADIAC_Database,Amphora,000737AA.png,13862231224579617974
ADIAC_Database,Amphora,000617BB.png,16289475996873561549
DIA_Database,Cyclotella,beauty15a.png,14074710269891884596
DIA_Database,Cyclotella,chauvin1640.png,10533197722399761039
DIA_Database,Cyclotella,beauty15b.png,16185813352935069921
DIA_Database,Cyclotella,dufault350.png,18123646670252969560
DIA_Database,Cyclotella,labicheI20cm.png,15408837332684009573
DIA_Database,Cyclotella,fossil0a_1592316835024541.png,17047088429191079512
DIA_Database,Cyclotella,fossil0b.png,14307497475003268209
DIA_Database,Cyclotella,chauvin0.png,18050891157031393385
DIA_Database,Cyclotella,bodanicavarlemanica.png,9673304706726744982
DIA_Database,Cyclotella,beauty110a.png,14095737321938994826
DIA_Database,Cyclotella,success502.5.png,15402920540638782298
DIA_Database,Cyclotella,beauty20a.png,16329923953699784233
DIA_Database,Cyclotella,fossil0a.png,14186086291629552805
DIA_Database,Cyclotella,chauvin530.png,10607205075950987172
DIA_Database,Cyclotella,fossil0c.png,14095770306214282905
DIA_Database,Cyclotella,choctawhatcheeana.png,16267580826203428722
DIA_Database,Cyclotella,DU-1A.png,9789475842511170438
DIA_Database,Cyclotella,michiganiana.png,13562697786873125338
DIA_Database,Cyclotella,dufault400.png,16756653108733884622
DIA_Database,Cyclotella,heart20a.png,10753292853217550516
DIA_Database,Cyclotella,nora1360.png,14246691432550311375
DIA_Database,Cyclotella,fossil0b_1592316836316684.png,14311376909431904333
DIA_Database,Cyclotella,dufault340.png,13458046082702170470
DIA_Database,Cyclotella,chauvin1580.png,15746036565950772622
DIA_Database,Cyclotella,BO-4A.png,14382835191553904723
DIA_Database,Cyclotella,dufault350_1592316832421496.png,16273641173425841036
DIA_Database,Cyclotella,nora1395.png,14328831589094821532
DIA_Database,Cyclotella,success35.png,10907853225513632154
DIA_Database,Cyclotella,beauty20b.png,14598903427110787681
DIA_Database,Cyclotella,chauvin60.png,15728264701297351229
DIA_Database,Cyclotella,chauvin965.png,15183338351477900958
DIA_Database,Cyclotella,briere1.png,12351743397289313079
DIA_Database,Cyclotella,heart20a_1592316838364346.png,17458429383686460132
DIA_Database,Cyclotella,briere.png,9757467054584876844
DIA_Database,Cyclotella,VA175.png,17027196994161695336
DIA_Database,Cyclotella,bodanica.png,14996757928341091718
DIA_Database,Cyclotella,beauty110b.png,13944897294363479196
DIA_Database,Cyclotella,labicheI12.png,15099455050301862111
DIA_Database,Cyclotella,labicheI6cm.png,10794137476645662071
DIA_Database,Cyclotella,beauty0.png,14034391895156451129
DIA_Database,Cyclotella,dufault.png,16937787879741797476
DIA_Database,Cyclotella,chauvin770.png,14084458186982021005
DIA_Database,Eunotia,fossil0.png,11249939040675892236
DIA_Database,Eunotia,VA-3A_1592317308178175.png,12622063863720261390
DIA_Database,Eunotia,VA-3A_159231730448874.png,15810208108414201270
DIA_Database,Eunotia,DT-B.png,12940615570165549714
DIA_Database,Eunotia,fossil0b.png,15534702660129465300
DIA_Database,Eunotia,BO2-A.png,12532726191407492406
DIA_Database,Eunotia,CA-1.png,10884108691460277079
DIA_Database,Eunotia,fossil0_1592317290047304.png,15525904955990426831
DIA_Database,Eunotia,fossil0a.png,11889672733726184923
DIA_Database,Eunotia,fossil0c.png,15800426987282725508
DIA_Database,Eunotia,VA-3Ab.png,10084145472801270588
DIA_Database,Eunotia,tetraodon.png,9998928310219668333
DIA_Database,Eunotia,quatre.png,14642669847449398154
DIA_Database,Eunotia,dupuis1.png,12986426335068216860
DIA_Database,Eunotia,BO-3Aa.png,10320615131218447753
DIA_Database,Eunotia,fossil0b_1592317247754438.png,10828687391134314508
DIA_Database,Eunotia,labicheI24cm.png,10825496927346909897
DIA_Database,Eunotia,arculus.png,14002271438504309877
DIA_Database,Eunotia,BO-1A.png,15744037209212265957
DIA_Database,Eunotia,VA-1B.png,10814848482092561307
DIA_Database,Eunotia,DU-3A.png,10048192834678810538
DIA_Database,Eunotia,vaudray1.png,13124941954392454860
DIA_Database,Eunotia,CA-1A.png,16513425362219046796
DIA_Database,Eunotia,BO-4A.png,14071809842432442878
DIA_Database,Eunotia,implicata.png,14214309268382625831
DIA_Database,Eunotia,BO-1=4A.png,11082591995528639605
DIA_Database,Eunotia,CA-1B.png,14214309268382625831
DIA_Database,Eunotia,fossil0b_1592317286667057.png,9555601655082961899
DIA_Database,Eunotia,fossil200a.png,17585588661554077462
DIA_Database,Eunotia,OL-1A.png,12242220446588646897
DIA_Database,Eunotia,VA-3A.png,10064015220732302748
DIA_Database,Eunotia,fossil0a_1592317246474065.png,10888395931884217558
DIA_Database,Eunotia,EV-1B.png,10392636568358869102
DIA_Database,Eunotia,dufault110b.png,11497813468700888728
DIA_Database,Eunotia,fossil200d.png,14394394792114795128
DIA_Database,Eunotia,fossil0c_1592317248985539.png,10850959632199952014
DIA_Database,Eunotia,BO3-A.png,11480348486828317874
DIA_Database,Eunotia,BO-1A_1592317271013477.png,14296144344184497497
DIA_Database,Eunotia,dufault40.png,16652157148220355606
DIA_Database,Eunotia,fossil0d.png,11466251172992008067
DIA_Database,Eunotia,BO-3A.png,17088049617239678090
DIA_Database,Eunotia,fossil0_1592317327218957.png,15022934900099920286
DIA_Database,Eunotia,dufault50.png,17936435782216454061
DIA_Database,Eunotia,fossil0a_1592317284730626.png,15740121573717588466
DIA_Database,Sellaphora,pristine200.png,17215204220975919782
DIA_Database,Epithemia,OL-1Aa.png,15743424536078720845
DIA_Database,Epithemia,adnata.png,12333655628679628646
DIA_Database,Epithemia,labiche80.png,9643680377087479079
DIA_Database,Epithemia,OL-2A.png,10894872491495807409
DIA_Database,Epithemia,OL-1A.png,18332748039840611399
DIA_Database,Synedra,chauvin655.png,10783354014032080208
DIA_Database,Synedra,familiaris.png,9636610224532187755
DIA_Database,Synedra,pulchella.png,10049981055471357338
DIA_Database,Synedra,nora1440.png,15032540259854410598
DIA_Database,Synedra,chauvin1585.png,10174586320105282406
DIA_Database,Synedra,dufault90.png,10955890148690460349
DIA_Database,Surirella,chauvin1640.png,10531502604923156111
DIA_Database,Surirella,chauvin720.png,15411910695535524005
DIA_Database,Surirella,chauvin1550.png,10823461391719323031
DIA_Database,Surirella,chauvin750.png,13890596325899002806
DIA_Database,Surirella,success1032.5.png,15431561010441389763
DIA_Database,Surirella,nora1335.png,15052172117093984157
DIA_Database,Surirella,OP-3A.png,12051374729013237184
DIA_Database,Surirella,nora1335b.png,10495163466730123899
DIA_Database,Surirella,CA-2B.png,15354225417667433642
DIA_Database,Surirella,CA-1A.png,17395455263299137782
DIA_Database,Surirella,chauvin1635.png,10894041014429165466
DIA_Database,Surirella,brebissonii.png,16059880333094377225
DIA_Database,Surirella,BO-4A.png,17363645290265344118
DIA_Database,Surirella,BO-2A.png,16058378083688719397
DIA_Database,Surirella,angusta.png,15718404356415005339
DIA_Database,Surirella,dufault60.png,15852436825320457520
DIA_Database,Surirella,BO-3A.png,10779236139040598519
DIA_Database,Surirella,dufault.png,16867788693748356917
DIA_Database,Nupela,emerald150.png,11046312172498216251
DIA_Database,Nupela,emerald210.png,12181989863023769792
DIA_Database,Nupela,BO-4A.png,16641786942773533668
DIA_Database,Nupela,BO-4A_1592318297063025.png,12601198324787937909
DIA_Database,Aulacoseira,crenulata.png,14684693514743296124
DIA_Database,Aulacoseira,OL-2Ab.png,17780423049389899580
DIA_Database,Aulacoseira,beauty15a.png,18330178878319597070
DIA_Database,Aulacoseira,beauty15b.png,15750461868882880097
DIA_Database,Aulacoseira,arrowhead2e.png,10842954403503834059
DIA_Database,Aulacoseira,labiche80a.png,10099288216121755412
DIA_Database,Aulacoseira,arrowhead2c.png,15189103966435466828
DIA_Database,Aulacoseira,alpigena.png,16080560925889120961
DIA_Database,Aulacoseira,labicheI28.png,14582019606761294117
DIA_Database,Aulacoseira,dufault330.png,12191865258928359780
DIA_Database,Aulacoseira,labicheI32b.png,14592905102124286669
DIA_Database,Aulacoseira,OL-2Ac.png,16117086675454509640
DIA_Database,Aulacoseira,beauty15e.png,16105418668131783860
DIA_Database,Aulacoseira,labicheI30_1592316565156276.png,15765745436616397732
DIA_Database,Aulacoseira,labiche20c.png,11456077339327143946
DIA_Database,Aulacoseira,arrowhead2a.png,16975109665462851432
DIA_Database,Aulacoseira,beauty15c.png,15737232445094725272
DIA_Database,Aulacoseira,beauty1.png,14696495594357375823
DIA_Database,Aulacoseira,dufault400c.png,15831460849812091081
DIA_Database,Aulacoseira,distans.png,10475103999136282376
DIA_Database,Aulacoseira,granulata.png,15753069769166791905
DIA_Database,Aulacoseira,heart20b_1592316534538293.png,10041687314799759729
DIA_Database,Aulacoseira,heart20a_1592316532796893.png,10050473515176902544
DIA_Database,Aulacoseira,DU-1A.png,14561313624804815073
DIA_Database,Aulacoseira,labicheI32a.png,15745957362447076205
DIA_Database,Aulacoseira,DU-1Af.png,18406319156552782479
DIA_Database,Aulacoseira,arrowhead2b.png,10686795300482476409
DIA_Database,Aulacoseira,dufault340b.png,17046898986418739247
DIA_Database,Aulacoseira,dufault330_1592316555242759.png,16745676008920811419
DIA_Database,Aulacoseira,beauty15d.png,11451846340700178168
DIA_Database,Aulacoseira,DU-1Ad.png,15519906266368220009
DIA_Database,Aulacoseira,dufault400.png,18046066400740476207
DIA_Database,Aulacoseira,arrowhead2d.png,17894709601542183989
DIA_Database,Aulacoseira,beauty0c.png,16137216070696214027
DIA_Database,Aulacoseira,DU-3A.png,15771783835594732905
DIA_Database,Aulacoseira,heart20a.png,9638249654920351524
DIA_Database,Aulacoseira,heart0.png,9232378196540787666
DIA_Database,Aulacoseira,dufault400b.png,15783891660283634748
DIA_Database,Aulacoseira,dufault330c.png,17905053751079241372
DIA_Database,Aulacoseira,dufault340.png,18370218990025542504
DIA_Database,Aulacoseira,dufault450.png,12668854655347801132
DIA_Database,Aulacoseira,DU-1Ab.png,10070599368456514356
DIA_Database,Aulacoseira,lacustris.png,15555797623063851935
DIA_Database,Aulacoseira,dufault110.png,18047547701778220760
DIA_Database,Aulacoseira,dufault190.png,16831788926495717734
DIA_Database,Aulacoseira,labicheI30.png,11398748924568968928
DIA_Database,Aulacoseira,labicheI30b.png,11452769880426664459
DIA_Database,Aulacoseira,heart20b.png,14302228555011244935
DIA_Database,Aulacoseira,ambigua.png,16058466028003824934
DIA_Database,Aulacoseira,DU-1Ae.png,17719416639073303608
DIA_Database,Aulacoseira,OL-1A.png,15776370704402211244
DIA_Database,Aulacoseira,labiche20b.png,10310271005465669850
DIA_Database,Aulacoseira,heart20d.png,9388383606361019292
DIA_Database,Aulacoseira,VA-3A.png,15522336301675681679
DIA_Database,Aulacoseira,DU-1Aa.png,15403342925788316299
DIA_Database,Aulacoseira,DU-2Aa.png,14104417240569560206
DIA_Database,Aulacoseira,VA255.png,16051780099720455546
DIA_Database,Aulacoseira,DU-2A.png,9997416413092017581
DIA_Database,Aulacoseira,dufault340d.png,17983866226025262183
DIA_Database,Aulacoseira,fossil200.png,16011753731708519785
DIA_Database,Aulacoseira,heart20c.png,10038642774970963598
DIA_Database,Aulacoseira,dufault330b.png,12522771711089099670
DIA_Database,Aulacoseira,labicheI8b.png,15769953704441730316
DIA_Database,Aulacoseira,labicheI10a.png,11368618905700224442
DIA_Database,Aulacoseira,DU-1Ac.png,10764564612473722262
DIA_Database,Aulacoseira,beauty0b.png,18078822862257953325
DIA_Database,Aulacoseira,beauty0a.png,15750395833125298507
DIA_Database,Aulacoseira,OL-2Aa.png,10915989377497073103
DIA_Database,Aulacoseira,labicheI12.png,15752506963705435271
DIA_Database,Aulacoseira,BO-3A.png,15763625120362173048
DIA_Database,Aulacoseira,BO-3Ab.png,15381211777093811712
DIA_Database,Cymbella,conelly2.png,15161910716219666978
DIA_Database,Cymbella,delicatula.png,10367981293742681708
DIA_Database,Cymbella,BO-1A_1592316984487779.png,9969265015468267604
DIA_Database,Cymbella,emerald170.png,14013825882282947484
DIA_Database,Cymbella,nora1465.png,11513981037646544623
DIA_Database,Cymbella,affinis.png,10236347856230809312
DIA_Database,Cymbella,pusilla.png,16116414964429601844
DIA_Database,Cymbella,muelleri.png,10805642395364757500
DIA_Database,Cymbella,island480.png,17361732747254788192
DIA_Database,Cymbella,CA-3A.png,9599735919637004180
DIA_Database,Cymbella,cymbiformis.png,15670695286261428143
DIA_Database,Cymbella,dufault2.png,18325956191030384944
DIA_Database,Cymbella,fossil200b.png,17335812755159157458
DIA_Database,Cymbella,amphicephala.png,12100680748304899612
DIA_Database,Cymbella,OP-3A_1592316988890499.png,15451332477353688696
DIA_Database,Cymbella,BO-1A.png,14287467795604996088
DIA_Database,Cymbella,MO-1B.png,16011141656155340445
DIA_Database,Cymbella,OP-3A.png,10469671177876432674
DIA_Database,Cymbella,nora0470.png,12306813230652971812
DIA_Database,Cymbella,labicheI37.5.png,16436194137928251635
DIA_Database,Cymbella,CA-2B.png,17358534075836878720
DIA_Database,Cymbella,nora1010.png,15477598914612563824
DIA_Database,Cymbella,nora1385.png,10939807107866783989
DIA_Database,Cymbella,VA-3A.png,13664909550268070074
DIA_Database,Cymbella,EV-1B.png,9659409039338103744
DIA_Database,Cymbella,nora1100.png,15471407068628356920
DIA_Database,Cymbella,fossil200.png,13747730568567094640
DIA_Database,Cymbella,microcelphala.png,12631710832306933528
DIA_Database,Cymbella,EV-2A.png,15246099910502527028
DIA_Database,Cymbella,labicheI11.png,15939154455012736561
DIA_Database,Cymbella,beauty0b.png,15908511929229064799
DIA_Database,Cymbella,beauty0a.png,10886916058183334031
DIA_Database,Cymbella,emerald170_1592316982336233.png,14455173800221324070
DIA_Database,Cymbella,fossil200c.png,16053292566667017786
DIA_Database,Cymbella,OP-2A.png,12052855990240079581
DIA_Database,Cymbella,conelly1.png,14144006986881246902
DIA_Database,Cymbella,dufault.png,9944757258728348927
DIA_Database,Cymbella,chauvin770.png,15261881944387576982
DIA_Database,Cymbella,OP-4A.png,15249940981117964203
DIA_Database,Pinnularia,dupin1.png,10704638110168577522
DIA_Database,Pinnularia,DT-1B.png,12056793826417634076
DIA_Database,Pinnularia,fossil125a.png,13842745009984583284
DIA_Database,Pinnularia,CA-1B_1592318440408164.png,18203636967097836009
DIA_Database,Pinnularia,labicheI12cm.png,9650720480930591282
DIA_Database,Pinnularia,emerald190.png,14013927708241037304
DIA_Database,Pinnularia,CA-1B2.png,10114863844345816713
DIA_Database,Pinnularia,DT-B.png,16559189819755879028
DIA_Database,Pinnularia,fossil125b.png,17732089966145447615
DIA_Database,Pinnularia,beauty30.png,17018331234756863450
DIA_Database,Pinnularia,labicheI20cm.png,16460968376295963514
DIA_Database,Pinnularia,chauvin1210.png,15516440399332959427
DIA_Database,Pinnularia,EZ-1B.png,15369460502068880080
DIA_Database,Pinnularia,dufault2.png,15422226804363579163
DIA_Database,Pinnularia,dufault150.png,12645362036679914117
DIA_Database,Pinnularia,dufault170.png,10257195549631932404
DIA_Database,Pinnularia,dufault260.png,17102050941241782401
DIA_Database,Pinnularia,BO-1A.png,16301112231952298186
DIA_Database,Pinnularia,emerald450b.png,15136413829039482165
DIA_Database,Pinnularia,labicheI37.5.png,14128578376476490093
DIA_Database,Pinnularia,heart0.png,18209531141398646633
DIA_Database,Pinnularia,OL-2A.png,14637084006050017063
DIA_Database,Pinnularia,BO-4A.png,17054088528092948184
DIA_Database,Pinnularia,emerald450.png,15147029894798574918
DIA_Database,Pinnularia,CA-1B.png,9580945377427488008
DIA_Database,Pinnularia,OL-1A.png,10816025287277357141
DIA_Database,Pinnularia,DU-1Aa.png,15845383314518306860
DIA_Database,Pinnularia,dufault60.png,17612288643763939218
DIA_Database,Pinnularia,EV-1B.png,15229218957560049787
DIA_Database,Pinnularia,DU-2Aa.png,10766163782571599385
DIA_Database,Pinnularia,heart20.png,17441114449849667123
DIA_Database,Pinnularia,dufault170_1592318381526642.png,9254745154718675172
DIA_Database,Pinnularia,BO-1A_1592318448501248.png,14105604980364682808
DIA_Database,Pinnularia,BZ-1A.png,16447671607653896162
DIA_Database,Craticula,nora0990.png,9605630431562569713
DIA_Database,Craticula,halophilaPISCES1.png,14754798474542004466
DIA_Database,Craticula,chauvin1500.png,16191891259563122255
DIA_Database,Craticula,chauvin1340.png,15629465082459339281
DIA_Database,Craticula,cuspidata.png,9285718099960342524
DIA_Database,Craticula,f.2PISCES.png,15764308269506899499
DIA_Database,Frustulia,dufault30.png,12476365384562852705
DIA_Database,Frustulia,dupuis.png,10347431851415422673
DIA_Database,Frustulia,dufault130.png,16632536873994509042
DIA_Database,Frustulia,labicheI37.5cm.png,14923246357813191962
DIA_Database,Frustulia,quatre1.png,14745762182829663891
DIA_Database,Caloneis,CA-3Ab.png,10227781539202210191
DIA_Database,Caloneis,CA-3A.png,9328483816863200200
DIA_Database,Caloneis,dufault170.png,13553024470894577657
DIA_Database,Caloneis,DU-2A_1592316629160559.png,15421250342982730315
DIA_Database,Caloneis,DU-3A.png,15143826499277348946
DIA_Database,Caloneis,CA-1B.png,11938227690051296648
DIA_Database,Caloneis,amphisbaena.png,9654897352617760688
DIA_Database,Caloneis,EV-1B.png,18333424284011787783
DIA_Database,Caloneis,DU-2A.png,18081250400284066603
DIA_Database,Caloneis,dufault00.png,17989213613789859283
DIA_Database,Caloneis,dufault90.png,13656816881423215817
DIA_Database,Caloneis,nora0940.png,15732245455427281223
DIA_Database,Caloneis,DU-3A_1592316624140904.png,15469697819292739568
DIA_Database,Caloneis,dufault90b.png,14607606912332015325
DIA_Database,Diatoma,chauvin655.png,14671053833541596900
DIA_Database,Diatoma,anceps.png,15636186767119879708
DIA_Database,Diatoma,chauvin60.png,18072981705121834093
DIA_Database,Diatoma,beauty0b.png,15775865360518683201
DIA_Database,Diatoma,beauty0a.png,11718170346481792659
DIA_Database,Stephanodiscus,labiche60d.png,18356813400737029948
DIA_Database,Stephanodiscus,labicheI14cm.png,15354177425764268015
DIA_Database,Stephanodiscus,nora1735e.png,18283744043907336001
DIA_Database,Stephanodiscus,nora1580.png,18056514596227437129
DIA_Database,Stephanodiscus,nora1585c.png,12543969490814801759
DIA_Database,Stephanodiscus,labicheI12cm.png,17675021374715517560
DIA_Database,Stephanodiscus,nora1735a_1592318651968045.png,11512995693258917689
DIA_Database,Stephanodiscus,medius.png,14055519419969278604
DIA_Database,Stephanodiscus,fo.tenuis.png,15332533653950441255
DIA_Database,Stephanodiscus,cf.minutulus.png,15046921829613920907
DIA_Database,Stephanodiscus,labicheI18_1592318691718039.png,15531376438566338458
DIA_Database,Stephanodiscus,nora1040.png,17710975825043280478
DIA_Database,Stephanodiscus,nora1470b.png,14506709775506043429
DIA_Database,Stephanodiscus,hantzschii.png,12734208948928968399
DIA_Database,Stephanodiscus,labiche60b.png,16922488701134798630
DIA_Database,Stephanodiscus,nora1585b_1592318694466303.png,16911212085248891493
DIA_Database,Stephanodiscus,nora1735a.png,15173236735378125930
DIA_Database,Stephanodiscus,labiche40a.png,15537181495454963320
DIA_Database,Stephanodiscus,nora580a.png,15502491995297974238
DIA_Database,Stephanodiscus,hantzschiifo.tenuis.png,9719052491322015967
DIA_Database,Stephanodiscus,cf.parvus2.png,17186906984614106840
DIA_Database,Stephanodiscus,nora1735b_1592318696409766.png,9295065701108416637
DIA_Database,Stephanodiscus,nora1530.png,10554288416739292108
DIA_Database,Stephanodiscus,nora1735a_159231865043023.png,12255747979774449257
DIA_Database,Stephanodiscus,labiche60c.png,9600688076546598278
DIA_Database,Stephanodiscus,nora1470a.png,11199155556368762572
DIA_Database,Stephanodiscus,OP-3A.png,13985695312217056092
DIA_Database,Stephanodiscus,dufault400.png,9987058554732725915
DIA_Database,Stephanodiscus,nora1735c_159231868770563.png,16128842216378124121
DIA_Database,Stephanodiscus,labicheI18.png,12511466557871380171
DIA_Database,Stephanodiscus,nora1735a_1592318695416213.png,16898963597924277785
DIA_Database,Stephanodiscus,nora1585b.png,18124913479689865099
DIA_Database,Stephanodiscus,cfparvus.png,9269922912249028313
DIA_Database,Stephanodiscus,minutulus.png,17259941430573762147
DIA_Database,Stephanodiscus,labiche50.png,15146502259582644943
DIA_Database,Stephanodiscus,nora1185.png,14397173046482540178
DIA_Database,Stephanodiscus,nora1580a.png,18344613284115306136
DIA_Database,Stephanodiscus,nora1050.png,15246494845091456475
DIA_Database,Stephanodiscus,nora1585f.png,17836551147106522872
DIA_Database,Stephanodiscus,labiche60a_1592318620638896.png,15755044323673649773
DIA_Database,Stephanodiscus,niagarae.png,15533311583862826954
DIA_Database,Stephanodiscus,chauvin60.png,15694594505535403576
DIA_Database,Stephanodiscus,labicheI6.png,17617222959149138112
DIA_Database,Stephanodiscus,chauvin60_15923186909771.png,17364585127722624377
DIA_Database,Stephanodiscus,nora1735c.png,12857131582922193409
DIA_Database,Stephanodiscus,nora1735b.png,11494699824067827481
DIA_Database,Stephanodiscus,nora1735a_1592318664766575.png,16898813445865447046
DIA_Database,Stephanodiscus,labiche60a.png,16754524273084454553
DIA_Database,Stephanodiscus,nora1470d.png,15055780811153404154
DIA_Database,Stephanodiscus,nora1585a.png,16323065519048045167
DIA_Database,Stephanodiscus,labicheI6cm.png,13934436101321028665
DIA_Database,Stephanodiscus,nora1585a_1592318693752549.png,18344605798023927305
DIA_Database,Tabellaria,dupuis3.png,14456342461513017316
DIA_Database,Tabellaria,dupuis.png,13615303531525484848
DIA_Database,Tabellaria,dufault330.png,12096702016535705885
DIA_Database,Tabellaria,quatre1.png,14622104230972041624
DIA_Database,Tabellaria,quatre1_1592318883714069.png,15119261473576282767
DIA_Database,Tabellaria,dupuis1.png,15676199201351397661
DIA_Database,Tabellaria,BO-1A.png,11635433390400252191
DIA_Database,Tabellaria,dufault400.png,16381362796321395801
DIA_Database,Tabellaria,CA18.png,10212387530295263891
DIA_Database,Tabellaria,VA-2A.png,15125655746921580810
DIA_Database,Tabellaria,DU-2A.png,15677882409792371030
DIA_Database,Tabellaria,flocculosa.png,11635433390400252191
DIA_Database,Tabellaria,dufault90.png,16329209898365101414
DIA_Database,Achnanthes,pristine200.png,13946363173898379821
DIA_Database,Achnanthes,nora1410.png,14262255794545434939
DIA_Database,Achnanthes,ssp.robustavar.abbreviata.png,14409276707570710029
DIA_Database,Achnanthes,dupuisR.png,13877331914241555469
DIA_Database,Achnanthes,OP-1A_1592316336400717.png,16587681900083191357
DIA_Database,Achnanthes,pristine100.png,16301237967290343111
DIA_Database,Achnanthes,dufault2_1592316327663449.png,15516119686691252632
DIA_Database,Achnanthes,arrowhead180a.png,16182962996117108769
DIA_Database,Achnanthes,success197.5.png,15195441492965361648
DIA_Database,Achnanthes,beauty100a.png,14307119587405609585
DIA_Database,Achnanthes,emerald170.png,16612686835244907689
DIA_Database,Achnanthes,EV-2A_1592316334876681.png,10092319509303571680
DIA_Database,Achnanthes,fossil200b_1592316349093838.png,14743856521323163749
DIA_Database,Achnanthes,dufault350.png,16269035514766181976
DIA_Database,Achnanthes,dufault70.png,14613667785639997783
DIA_Database,Achnanthes,var.alpestris.png,12278347735221561011
DIA_Database,Achnanthes,fossil30.png,16610552833016437308
DIA_Database,Achnanthes,arrowhead1b.png,14279413951509224070
DIA_Database,Achnanthes,OP-1A_1592316246100998.png,11809087567168481677
DIA_Database,Achnanthes,caron1.png,18081180185638609595
DIA_Database,Achnanthes,arrowhead8.png,12218923691516191028
DIA_Database,Achnanthes,BO-4A_1592316312247555.png,18103218659790602481
DIA_Database,Achnanthes,dufault330.png,13384951098223937328
DIA_Database,Achnanthes,beauty100b.png,14163041799871230038
DIA_Database,Achnanthes,arrowhead260_1592316324534317.png,16612848775849777666
DIA_Database,Achnanthes,beauty0a_1592316319498489.png,12993310830783640054
DIA_Database,Achnanthes,Quebecstaml.png,15396833395093711028
DIA_Database,Achnanthes,species4.png,16217901575813313385
DIA_Database,Achnanthes,BO-4A_1592316266769239.png,14173032518505339944
DIA_Database,Achnanthes,chauvin1500b.png,16488638445637180014
DIA_Database,Achnanthes,beauty20.png,14656161872253500013
DIA_Database,Achnanthes,stamour2.png,11357038542631253538
DIA_Database,Achnanthes,beauty20a.png,13906998770693771778
DIA_Database,Achnanthes,fossil0a.png,17072586540237729817
DIA_Database,Achnanthes,island170.png,14740613424401388092
DIA_Database,Achnanthes,dufault2.png,14566102940148529898
DIA_Database,Achnanthes,briere2.png,14760876834361913444
DIA_Database,Achnanthes,dufault150.png,17064071944186937371
DIA_Database,Achnanthes,dufault170.png,16724404326059973156
DIA_Database,Achnanthes,pristine5.png,14700656536128647416
DIA_Database,Achnanthes,linearis.png,17996388438655450725
DIA_Database,Achnanthes,beauty125.png,15099169830812033913
DIA_Database,Achnanthes,quatre1.png,10567249356543207978
DIA_Database,Achnanthes,fossil200b.png,16494911988421636762
DIA_Database,Achnanthes,fossil100.png,17751502618139211473
DIA_Database,Achnanthes,VA-2Ab.png,18392666638730137440
DIA_Database,Achnanthes,arrowhead260.png,16197925257643630390
DIA_Database,Achnanthes,beauty10.png,14234314597855440218
DIA_Database,Achnanthes,arrowhead1a.png,12814240874162070329
DIA_Database,Achnanthes,laevis.png,14179191611129738298
DIA_Database,Achnanthes,ssp.frequentissima.png,15355950541212757218
DIA_Database,Achnanthes,dupuis1.png,15059842355707577687
DIA_Database,Achnanthes,carissima.png,16758563317405804368
DIA_Database,Achnanthes,standre1_1592316328417445.png,9576908872774255102
DIA_Database,Achnanthes,OP-1A.png,16164874088787982343
DIA_Database,Achnanthes,dupuisRL.png,10757223654169073065
DIA_Database,Achnanthes,dufault90_159231634325751.png,16791537880355870927
DIA_Database,Achnanthes,beauty90.png,13151066188237175464
DIA_Database,Achnanthes,BO-1A.png,17658865359137613337
DIA_Database,Achnanthes,OP-3A.png,12427141223283232079
DIA_Database,Achnanthes,dupuis1_1592316351960067.png,15117769086877679886
DIA_Database,Achnanthes,heart0.png,15729359448432084731
DIA_Database,Achnanthes,chauvin930.png,16494514934369499165
DIA_Database,Achnanthes,dufault450_1592316303423164.png,16901628208648591653
DIA_Database,Achnanthes,dufault450.png,13601102381143871028
DIA_Database,Achnanthes,microcephala.png,9352945824652027337
DIA_Database,Achnanthes,BO-4A.png,12791206107039072634
DIA_Database,Achnanthes,lanceolata.png,10038310179129299571
DIA_Database,Achnanthes,BO-4A3.png,15470888882608342785
DIA_Database,Achnanthes,CA-1B.png,15309999672060156546
DIA_Database,Achnanthes,BO-2A.png,13635167623061382663
DIA_Database,Achnanthes,standreR.png,18359628438270676845
DIA_Database,Achnanthes,dufault110.png,13587766756802041400
DIA_Database,Achnanthes,biasolettiana.png,14226688928171046033
DIA_Database,Achnanthes,dufault450b.png,16257029711101947001
DIA_Database,Achnanthes,fossil200a.png,16274014586721500264
DIA_Database,Achnanthes,pristine200_1592316341105134.png,13676359060181667436
DIA_Database,Achnanthes,chauvin1500.png,9584533153928506740
DIA_Database,Achnanthes,minutissima.png,16855025776290063771
DIA_Database,Achnanthes,BO-2A_1592316313869146.png,17166316077130674738
DIA_Database,Achnanthes,VA-3A.png,17327600186989207486
DIA_Database,Achnanthes,BO-4A2.png,9948184460306312830
DIA_Database,Achnanthes,clevei.png,12962147335811712248
DIA_Database,Achnanthes,heart20.png,14424065786781578386
DIA_Database,Achnanthes,beauty110.png,10486489742204076409
DIA_Database,Achnanthes,beauty20b.png,14623049168256014881
DIA_Database,Achnanthes,fossil200.png,17114234986336710004
DIA_Database,Achnanthes,briere1.png,10012919134909563358
DIA_Database,Achnanthes,sp.png,9321746073820438757
DIA_Database,Achnanthes,briere1_1592316354418639.png,9386064294496998360
DIA_Database,Achnanthes,EV-2A.png,13363570321752710736
DIA_Database,Achnanthes,dufault90.png,16963298061664662035
DIA_Database,Achnanthes,beauty15.png,14508722689333290348
DIA_Database,Achnanthes,fossil70a.png,16202728096062323252
DIA_Database,Achnanthes,quatre2.png,13257846217656128050
DIA_Database,Achnanthes,beauty0b.png,10796089848929611966
DIA_Database,Achnanthes,beauty0a.png,14583567484313809622
DIA_Database,Achnanthes,VA-2Aa.png,16442927357707377359
DIA_Database,Achnanthes,beauty0.png,10981072659725435573
DIA_Database,Achnanthes,fossil200c.png,16630420363315523684
DIA_Database,Achnanthes,arrowhead1.png,14648624595474855474
DIA_Database,Achnanthes,OP-4A.png,17988878836327649802
DIA_Database,Achnanthes,beauty0_1592316296460493.png,11932105081874819448
DIA_Database,Achnanthes,emerald360.png,18338798980661770239
DIA_Database,Diploneis,LB70.png,15031958084695652568
DIA_Database,Diploneis,dufault350.png,16911440697668336515
DIA_Database,Diploneis,BO2-A.png,13983515349599856143
DIA_Database,Diploneis,DU-1A.png,15188688356236342390
DIA_Database,Diploneis,EU-2A.png,14274457519798366451
DIA_Database,Diploneis,BO-1A.png,13481030242883237251
DIA_Database,Diploneis,DU-1Ab.png,15953501047386810803
DIA_Database,Diploneis,DU-1A_1592317121400617.png,10651590686413868595
DIA_Database,Diploneis,CA-1B.png,15533790331285063517
DIA_Database,Diploneis,BO-2A.png,11510770112202674626
DIA_Database,Diploneis,dufault110.png,16583846448113063701
DIA_Database,Diploneis,VA-3A.png,17556257572534817228
DIA_Database,Diploneis,LB595a.png,12059053912751382814
DIA_Database,Diploneis,EV-1B.png,16265592284953575454
DIA_Database,Diploneis,dufault110b.png,11086269112695449834
DIA_Database,Diploneis,VA255.png,14557804415307924205
DIA_Database,Diploneis,CA-1B_1592317110131497.png,14274489392892909926
DIA_Database,Diploneis,BO-3a.png,15218834972054599628
DIA_Database,Fallacia,BO-4A.png,17175190390738105764
DIA_Database,Fallacia,LB222.png,12030526275090137026
DIA_Database,Gomphonema,truncatum.png,15035909629812236215
DIA_Database,Gomphonema,nora1450.png,10317505336236472445
DIA_Database,Gomphonema,chauvin655.png,10552722824174531266
DIA_Database,Gomphonema,labicheI5.png,14526471655037852551
DIA_Database,Gomphonema,chauvin1210.png,12410034675660926827
DIA_Database,Gomphonema,emerald130.png,14140187047288295290
DIA_Database,Gomphonema,CA-2A.png,10912534614646796668
DIA_Database,Gomphonema,chauvin1500b.png,16116793808964920714
DIA_Database,Gomphonema,labicheI37.5cm.png,12379002007490685778
DIA_Database,Gomphonema,quatre1.png,15030522729158036689
DIA_Database,Gomphonema,beauty70_1592317604012814.png,13041398776041775397
DIA_Database,Gomphonema,nora1170b.png,15218050702879848573
DIA_Database,Gomphonema,dufault310.png,14996045555026704417
DIA_Database,Gomphonema,nora1170.png,9692725506514908773
DIA_Database,Gomphonema,angustum.png,14639808573871388007
DIA_Database,Gomphonema,BO-1A.png,15696989634494283418
DIA_Database,Gomphonema,fossil15.png,15550446501936248747
DIA_Database,Gomphonema,var.minutissimum.png,17576511768154746266
DIA_Database,Gomphonema,BO-1A_1592317613328652.png,10362242042546053151
DIA_Database,Gomphonema,cf.tackei.png,15017338201503658679
DIA_Database,Gomphonema,affine.png,13708298624783438915
DIA_Database,Gomphonema,OL-2A.png,12329303978276193266
DIA_Database,Gomphonema,dufault450.png,13361395613670285662
DIA_Database,Gomphonema,BO-4A.png,9532233363245183099
DIA_Database,Gomphonema,CA-1B.png,15352004023476250459
DIA_Database,Gomphonema,VA-2A.png,13072912124208180595
DIA_Database,Gomphonema,DU-2A.png,14190296808168878213
DIA_Database,Gomphonema,beauty70.png,15394512242746274540
DIA_Database,Gomphonema,nora1585a.png,16047913520260495769
DIA_Database,Stauroneis,emerald130.png,14061712430678012541
DIA_Database,Stauroneis,fo.gracilis.png,14704943059686624258
DIA_Database,Stauroneis,DU-1A.png,9570738740726778621
DIA_Database,Stauroneis,BO-4A.png,11160224245824486069
DIA_Database,Stauroneis,OL-1A.png,15289133961888017912
DIA_Database,Stauroneis,BO-4A2.png,15250148274585484516
DIA_Database,Stauroneis,heart20.png,14275576819438091876
DIA_Database,Stauroneis,VA125.png,17736118228641807816
DIA_Database,Fragilaria,chauvin1770.png,16900111196833353304
DIA_Database,Fragilaria,nora1410.png,15231524166224653446
DIA_Database,Fragilaria,labicheI11_1592317475491606.png,11721088528837929034
DIA_Database,Fragilaria,labiche0.png,13889225489175744260
DIA_Database,Fragilaria,dufault300.png,11404083645786766340
DIA_Database,Fragilaria,CA-1B_1592317466612003.png,13287525020559239539
DIA_Database,Fragilaria,RE-1A.png,15190929092764187757
DIA_Database,Fragilaria,var.construens.png,14370170112518165210
DIA_Database,Fragilaria,CA-3A_1592317486756953.png,14002553098582227969
DIA_Database,Fragilaria,EZ-1B.png,15297332780214150385
DIA_Database,Fragilaria,CA-2A.png,10028458382106363270
DIA_Database,Fragilaria,CA-3A.png,12819698319020432165
DIA_Database,Fragilaria,brevistriata.png,15484300853091668644
DIA_Database,Fragilaria,heart400.png,9698635355588224614
DIA_Database,Fragilaria,labicheI37.5cm.png,17756295165041867830
DIA_Database,Fragilaria,pristine0b.png,16232598506086920441
DIA_Database,Fragilaria,dufault2.png,12485650000455859323
DIA_Database,Fragilaria,cf.tenera.png,9656564212100169217
DIA_Database,Fragilaria,CA-2Bc.png,11127591564377546677
DIA_Database,Fragilaria,BO-1A_1592317448665429.png,15017833032491840196
DIA_Database,Fragilaria,arcus.png,12881477037662653746
DIA_Database,Fragilaria,CA-2A_1592317467043692.png,15139181471851468897
DIA_Database,Fragilaria,chauvin1205.png,16020050754616507318
DIA_Database,Fragilaria,capucinavar.perminuta.png,17408183440457968994
DIA_Database,Fragilaria,success532.5.png,16943668756904722163
DIA_Database,Fragilaria,cf.crotonensis.png,15268658523747651375
DIA_Database,Fragilaria,CA-2A_1592317443237773.png,14093302905539765067
DIA_Database,Fragilaria,DU-1A.png,17354708607132644556
DIA_Database,Fragilaria,labicheI.png,17518442831931313527
DIA_Database,Fragilaria,labiche10b.png,14131238498462693747
DIA_Database,Fragilaria,BO-1A.png,17442285807262223410
DIA_Database,Fragilaria,dufault95.png,17607600961954227813
DIA_Database,Fragilaria,labicheI20.png,15312286619827944783
DIA_Database,Fragilaria,OP-3A.png,15913268652591984211
DIA_Database,Fragilaria,nora1055.png,15486534605620933424
DIA_Database,Fragilaria,dufault300_1592317417540494.png,16243726732456465794
DIA_Database,Fragilaria,pristine0a.png,9509627720068236607
DIA_Database,Fragilaria,microstriata.png,10923017767440094770
DIA_Database,Fragilaria,CA-2B.png,12810576161665809502
DIA_Database,Fragilaria,heart0.png,13969259527785222128
DIA_Database,Fragilaria,OL-2A.png,15522580793231943106
DIA_Database,Fragilaria,CA-3A_1592317467914728.png,14018053807124345871
DIA_Database,Fragilaria,success145.png,15722213406722186089
DIA_Database,Fragilaria,heart0b.png,18123787239962106093
DIA_Database,Fragilaria,var.venter.png,16331527519722221421
DIA_Database,Fragilaria,BO-4A.png,10806117831873477000
DIA_Database,Fragilaria,CA-1B.png,9644559762098433727
DIA_Database,Fragilaria,CA-2Ab.png,9795379608526123141
DIA_Database,Fragilaria,CA-2B_1592317473687446.png,15248626818530181387
DIA_Database,Fragilaria,CA-2Bb.png,13247409341417743630
DIA_Database,Fragilaria,OL-1A.png,17447553574907490038
DIA_Database,Fragilaria,labicheI3.png,15263362483185412714
DIA_Database,Fragilaria,EV-1B.png,11359614117470100293
DIA_Database,Fragilaria,bidens.png,13970278757795313615
DIA_Database,Fragilaria,var.distans.png,10041440200920020829
DIA_Database,Fragilaria,labiche10c.png,15118212526981752913
DIA_Database,Fragilaria,arrowhead5.png,12609767521740213640
DIA_Database,Fragilaria,DU-1A_1592317468632962.png,15154944206687758417
DIA_Database,Fragilaria,nora1355b.png,14116313253260020108
DIA_Database,Fragilaria,chauvin5.png,11038658248888142811
DIA_Database,Fragilaria,crotonensis.png,16011811091737039480
DIA_Database,Fragilaria,CA-1B3.png,11568433845395876605
DIA_Database,Fragilaria,BO-1A_159231748563208.png,15160609097326945235
DIA_Database,Fragilaria,robusta.png,9510478694976583683
DIA_Database,Fragilaria,heart0_1592317502143104.png,9749306573379674541
DIA_Database,Fragilaria,CA-1B_1592317481638405.png,14229198052968863509
DIA_Database,Fragilaria,dufault10.png,16737406405292405959
DIA_Database,Fragilaria,OP-2A.png,14236261443995184036
DIA_Database,Fragilaria,BZ-1A.png,12854499425908132882
DIA_Database,Navicula,chauvin1235.png,14246123454321272987
DIA_Database,Navicula,fossil0.png,14722929545039426470
DIA_Database,Navicula,detenta.png,14911428488909216271
DIA_Database,Navicula,chauvin60_1592318073773942.png,14642359926753273451
DIA_Database,Navicula,EV-2A_1592318010952972.png,14292357403915630105
DIA_Database,Navicula,OP-1A_1592317981028483.png,14147595253479718691
DIA_Database,Navicula,chauvin1245_1592318042976001.png,15839843253487904222
DIA_Database,Navicula,pristine100.png,16758534891294108733
DIA_Database,Navicula,dufault300.png,16045553195722218117
DIA_Database,Navicula,chauvin25.png,16637919696418670082
DIA_Database,Navicula,nora1450.png,11127332213370548882
DIA_Database,Navicula,OP-2A_1592318068644891.png,14004322718151551851
DIA_Database,Navicula,LB70.png,18346504160645526871
DIA_Database,Navicula,DT-B.png,12226610694250853090
DIA_Database,Navicula,dufault70.png,18339187320966225529
DIA_Database,Navicula,dufault30.png,16694443904226044825
DIA_Database,Navicula,beauty30.png,18365731990507393625
DIA_Database,Navicula,bulnheimii.png,12332637076009667051
DIA_Database,Navicula,PISCES6fo2.png,12068719220691300355
DIA_Database,Navicula,pristine20.png,11247767682712893947
DIA_Database,Navicula,BO-2A_1592318039410573.png,13475995651236779563
DIA_Database,Navicula,microdigitoradiata.png,17213780203066754978
DIA_Database,Navicula,chauvin1210.png,15113347848190445899
DIA_Database,Navicula,constans.png,15538898294868696150
DIA_Database,Navicula,CA-1.png,16738863085033057069
DIA_Database,Navicula,CA-3A.png,9540466130258325799
DIA_Database,Navicula,OP-1A_1592318064406586.png,17207323232567434852
DIA_Database,Navicula,beauty20.png,10995960205221413967
DIA_Database,Navicula,pristine200_1592318051597386.png,10541668068968871312
DIA_Database,Navicula,success502.5.png,12589339233432415850
DIA_Database,Navicula,labicheI37.5cm.png,16185378239608691927
DIA_Database,Navicula,success1032_1592317807153177.png,16582690936578677625
DIA_Database,Navicula,BO-3A_1592318040902205.png,11274222037358981420
DIA_Database,Navicula,VA145A.png,17046997395621236771
DIA_Database,Navicula,dufault150.png,17091779109258539981
DIA_Database,Navicula,dufault2_1592317914186339.png,14851098703671620043
DIA_Database,Navicula,success1032_1592317932822792.png,16009066958080354010
DIA_Database,Navicula,dufault170.png,12392644807569742116
DIA_Database,Navicula,pristine5.png,14828300966222054374
DIA_Database,Navicula,DU-3A_1592318016780171.png,16430911850616238108
DIA_Database,Navicula,success35a.png,10469856377958590169
DIA_Database,Navicula,cf.vitabunda.png,14622058846465950660
DIA_Database,Navicula,dufault30b.png,10008376160966279997
DIA_Database,Navicula,nora1490a.png,15468733276395570050
DIA_Database,Navicula,beauty10.png,15396495040655471205
DIA_Database,Navicula,standre_1592318078539512.png,15689145875149435124
DIA_Database,Navicula,success1032.5.png,18343901140989675283
DIA_Database,Navicula,success1057.5.png,17988259365024040410
DIA_Database,Navicula,OP-1A.png,9295139364094152957
DIA_Database,Navicula,success307_1592317817201739.png,15651917678642698732
DIA_Database,Navicula,success307.5b.png,16529731685211935121
DIA_Database,Navicula,nora1305a.png,16488024889268649550
DIA_Database,Navicula,DU-1A.png,12937133717991123238
DIA_Database,Navicula,BO-1A_1592318065961213.png,12578766903568619206
DIA_Database,Navicula,aff.pupula.png,15947662279937909937
DIA_Database,Navicula,BO-1A_1592318015348333.png,16616067762768288103
DIA_Database,Navicula,BO-1A_1592317959645626.png,17995564129152016408
DIA_Database,Navicula,emerald170a.png,16848975616007771782
DIA_Database,Navicula,BO-3A_1592317900133192.png,12117967952099502965
DIA_Database,Navicula,heart20_1592318070921603.png,11933794447085134895
DIA_Database,Navicula,BO-1A.png,14722934188930865196
DIA_Database,Navicula,success362.5.png,17166496442650664599
DIA_Database,Navicula,OP-3A.png,15325004769003983532
DIA_Database,Navicula,success532a.png,11046596065907008761
DIA_Database,Navicula,DU-1Ad.png,14748245443190089004
DIA_Database,Navicula,success35b.png,10595692914444755387
DIA_Database,Navicula,dufault400.png,11420268366633052045
DIA_Database,Navicula,DU-3A.png,14150889906919849142
DIA_Database,Navicula,labicheI18.png,14764509599540934986
DIA_Database,Navicula,CA-2B.png,17734314474574176653
DIA_Database,Navicula,heart0.png,16194699593242547087
DIA_Database,Navicula,chauvin930.png,14188322232678622914
DIA_Database,Navicula,aff.egregia.png,17026599197123364743
DIA_Database,Navicula,success482_1592317946226584.png,16043133141335811928
DIA_Database,Navicula,success1032.5b.png,17187721569744484080
DIA_Database,Navicula,dufault70_1592318044421327.png,18035756546846399098
DIA_Database,Navicula,dufault2b.png,14234283475985578612
DIA_Database,Navicula,BO-4A_1592318062554634.png,10284173102074622176
DIA_Database,Navicula,DU-1Ab.png,16476985585347011755
DIA_Database,Navicula,dufault320.png,15750884303603308221
DIA_Database,Navicula,BO-4A.png,15077421921431279952
DIA_Database,Navicula,dufault00_1592318028967284.png,17968385499527748181
DIA_Database,Navicula,BO-1Ab.png,11913861211566217845
DIA_Database,Navicula,lanceolata.png,14472692874240934231
DIA_Database,Navicula,emerald450.png,16012867089976666002
DIA_Database,Navicula,heart20_1592318012732772.png,10853139096041023086
DIA_Database,Navicula,pristine120.png,9583167144454009216
DIA_Database,Navicula,CA-1B.png,14877401626965094681
DIA_Database,Navicula,success522.png,16064597032627013127
DIA_Database,Navicula,BO-2A.png,10126207081984358543
DIA_Database,Navicula,chauvin1245.png,12171831124006604990
DIA_Database,Navicula,BO-4A_1592318042009066.png,14868406865327618309
DIA_Database,Navicula,nora0795a.png,18342566681844461646
DIA_Database,Navicula,standre.png,16334931067522464045
DIA_Database,Navicula,success482.5b.png,13498035834646913689
DIA_Database,Navicula,success482.5.png,17206540059130353176
DIA_Database,Navicula,BO-4A_1592318007460952.png,13948926227375467881
DIA_Database,Navicula,VA-2A.png,17739864028210544638
DIA_Database,Navicula,success532.png,16637180081905803203
DIA_Database,Navicula,BO-1A_1592318038141022.png,17021974594758982826
DIA_Database,Navicula,angusta.png,13340232833855468477
DIA_Database,Navicula,success307.5.png,11375197721109225980
DIA_Database,Navicula,chauvin1210_1592318020057478.png,11259327608138576885
DIA_Database,Navicula,VA-3A.png,16479262961650413997
DIA_Database,Navicula,aff.digitoradiata_var._minima.png,15083416203531398684
DIA_Database,Navicula,EV-1B.png,15313433823846965372
DIA_Database,Navicula,labicheI37_1592318013401755.png,10984496605398810750
DIA_Database,Navicula,chauvin1200b.png,12486400625878081851
DIA_Database,Navicula,EV-2Ab.png,13853709075079741375
DIA_Database,Navicula,EV-1B_1592317904652414.png,13356606964596199029
DIA_Database,Navicula,dufault2_1592317938648793.png,15758418191640859181
DIA_Database,Navicula,EV-2A_1592317850632987.png,16602409736054926366
DIA_Database,Navicula,chauvin1215.png,15113348183984393292
DIA_Database,Navicula,heart20.png,15019270732907950730
DIA_Database,Navicula,DU-2A.png,16588729886597688458
DIA_Database,Navicula,BO-3A_1592318061636658.png,17861716516732194406
DIA_Database,Navicula,fossil200.png,17186436846207316093
DIA_Database,Navicula,nora1145.png,15911581169697040890
DIA_Database,Navicula,digitulus.png,14144134881653920687
DIA_Database,Navicula,labiche20.png,15119233440963717161
DIA_Database,Navicula,OP-2A_1592317870672576.png,15666900012452052745
DIA_Database,Navicula,chauvin1220.png,12565190418289637300
DIA_Database,Navicula,success307_1592318053543338.png,16349179230232457264
DIA_Database,Navicula,tenelloides.png,10803512727842278425
DIA_Database,Navicula,EV-2A.png,17777125456823326295
DIA_Database,Navicula,protracta.png,10902910055316743952
DIA_Database,Navicula,cfschroeteri.png,11281984604446094932
DIA_Database,Navicula,OP-2Aa.png,16456482245196869922
DIA_Database,Navicula,labiche425.png,10691909518406057440
DIA_Database,Navicula,dufault00.png,16806093918973407789
DIA_Database,Navicula,BO-1.png,16460130892428957251
DIA_Database,Navicula,dufault90.png,9367832449411775087
DIA_Database,Navicula,VA175.png,12798913617530299784
DIA_Database,Navicula,chauvin1590.png,9683196726072430541
DIA_Database,Navicula,DU-1Ac.png,15321283613668568441
DIA_Database,Navicula,capitata.png,14675671705870619274
DIA_Database,Navicula,BO-4A_1592318023948312.png,15443572109327644408
DIA_Database,Navicula,beauty0.png,10069158377378311499
DIA_Database,Navicula,BO-3A.png,18239543516404928309
DIA_Database,Navicula,standre1_1592318000115321.png,15330086870604470486
DIA_Database,Navicula,libonensis.png,14746502182514567389
DIA_Database,Navicula,minuscula.png,16877105335615330505
DIA_Database,Navicula,dufault10.png,16635875945044638735
DIA_Database,Navicula,chauvin1240.png,10001041448479927630
DIA_Database,Navicula,OP-2A.png,14303164041292755180
DIA_Database,Navicula,BZ-1A.png,11937767958774313317
DIA_Database,Brachysira,chauvin1785.png,10240692034194698887
DIA_Database,Brachysira,dufault2.png,18181457273531702328
DIA_Database,Brachysira,chauvin1745.png,10542308211104009330
DIA_Database,Brachysira,heart20.png,14517817554706510234
DIA_Database,Brachysira,aponina.png,17872978492285262130
DIA_Database,Neidium,labicheI20.png,10771038657603199779
DIA_Database,Neidium,BO-4A.png,18305163243927666640
DIA_Database,Mastogloia,chauvin1645.png,16236159338319878041
DIA_Database,Mastogloia,chauvin0.png,9370088211873149663
DIA_Database,Mastogloia,chauvin1500b.png,17002501431454928837
DIA_Database,Mastogloia,nora0485b.png,10308524103339752252
DIA_Database,Mastogloia,grevillei.png,10901025560032605554
DIA_Database,Mastogloia,success005a.png,10573446161786720318
DIA_Database,Mastogloia,chauvin1500.png,11489661224993375503
DIA_Database,Mastogloia,nora1100.png,10900515312622516163
DIA_Database,Mastogloia,elliptica.png,10741782581249927155
DIA_Database,Mastogloia,cfsmithii.png,11461441270417209210
DIA_Database,Mastogloia,chauvin0b.png,9231112155342004887
DIA_Database,Mastogloia,nora0940.png,15124260121046313659
DIA_Database,Nitzschia,nora1580.png,9309021960937011892
DIA_Database,Nitzschia,lacuum.png,17912513203998887977
DIA_Database,Nitzschia,chauvin25.png,18304706692649035662
DIA_Database,Nitzschia,chauvin1640.png,9884367560412095436
DIA_Database,Nitzschia,dufault300b.png,16876436764897294521
DIA_Database,Nitzschia,chauvin655.png,17325364822588996750
DIA_Database,Nitzschia,dufault350.png,16220302235612645881
DIA_Database,Nitzschia,chauvin1710.png,14103109246054921073
DIA_Database,Nitzschia,chauvin1645.png,9385433702679510784
DIA_Database,Nitzschia,beauty30.png,13966629117811860016
DIA_Database,Nitzschia,success532_1592318285509755.png,18397016201072795992
DIA_Database,Nitzschia,filiformis.png,16329839873048536467
DIA_Database,Nitzschia,fo.1.png,18339081128156625497
DIA_Database,Nitzschia,dufault330.png,16844085759745465321
DIA_Database,Nitzschia,chauvin0.png,15876205430392139300
DIA_Database,Nitzschia,island90.png,16920750891234841133
DIA_Database,Nitzschia,CA-2A.png,16674046126507950432
DIA_Database,Nitzschia,success25.png,16829977690001748837
DIA_Database,Nitzschia,CA-3A.png,15003710642377463544
DIA_Database,Nitzschia,chauvin1670.png,12637684631956039468
DIA_Database,Nitzschia,BO-4A1.png,10635894173063396895
DIA_Database,Nitzschia,pristine5.png,16234858377550553170
DIA_Database,Nitzschia,amphibia.png,11112163316436594010
DIA_Database,Nitzschia,dufault310.png,17469820786956858233
DIA_Database,Nitzschia,success532.5.png,11497474943420739733
DIA_Database,Nitzschia,success1057.5.png,18351993916887782953
DIA_Database,Nitzschia,incognita.png,16180888072717678883
DIA_Database,Nitzschia,dufault00_1592318220352632.png,18015279832596602548
DIA_Database,Nitzschia,nora1195.png,17313533637505383195
DIA_Database,Nitzschia,dufault95.png,13307190708430686215
DIA_Database,Nitzschia,nora1735_1592318214411811.png,12496599343371049394
DIA_Database,Nitzschia,labiche0a.png,10816267025284614556
DIA_Database,Nitzschia,chauvin1570.png,13771937808432730564
DIA_Database,Nitzschia,pristine5_159231828363396.png,16378525922341657027
DIA_Database,Nitzschia,EV-1B_1592318288361276.png,16165749413367762823
DIA_Database,Nitzschia,dufault300c.png,15749195470940575449
DIA_Database,Nitzschia,OP-2A_1592318228749958.png,16208929788970033348
DIA_Database,Nitzschia,success1032.5b.png,17912794618169958021
DIA_Database,Nitzschia,OP-2A_1592318234584136.png,11933833762314566730
DIA_Database,Nitzschia,nora1735.png,13151563631159257000
DIA_Database,Nitzschia,dufault320.png,14534986101827474121
DIA_Database,Nitzschia,CA-2A_1592318199773026.png,10112123358623583542
DIA_Database,Nitzschia,dufault300a.png,13142728735748508697
DIA_Database,Nitzschia,CA-1B.png,11295400379824924636
DIA_Database,Nitzschia,dufault110.png,13593652869387846469
DIA_Database,Nitzschia,success532.png,14671511292914537092
DIA_Database,Nitzschia,labicheI3.png,14119083407421093162
DIA_Database,Nitzschia,EV-1B.png,15421004171980886713
DIA_Database,Nitzschia,VA275.png,15051891205894591646
DIA_Database,Nitzschia,var.salinarum.png,15793461516190339729
DIA_Database,Nitzschia,inconspicua.png,16148816567129532793
DIA_Database,Nitzschia,labicheI6.png,12246509060182640777
DIA_Database,Nitzschia,constricta.png,14460926325279831639
DIA_Database,Nitzschia,chauvin5.png,9320005074891775548
DIA_Database,Nitzschia,pristine70.png,12656334136597695320
DIA_Database,Nitzschia,success532.5b.png,10375234450591268979
DIA_Database,Nitzschia,labicheI9.png,14957637864400936301
DIA_Database,Nitzschia,dufault00.png,16846013308431713046
DIA_Database,Nitzschia,CA-3A_1592318180928751.png,15178550574794816723
DIA_Database,Nitzschia,VA175.png,13842989735518345971
DIA_Database,Nitzschia,chauvin1590.png,15396194874003378855
DIA_Database,Nitzschia,BO-3A.png,15152401963206146596
DIA_Database,Nitzschia,VA575.png,13172450522934101058
DIA_Database,Nitzschia,hungarica.png,18345176377882437523
DIA_Database,Nitzschia,nora0940.png,17238742500339888067
DIA_Database,Nitzschia,dufault10.png,12777929055859748777
DIA_Database,Nitzschia,OP-2A.png,11919288418390947952
DIA_Database,Nitzschia,conelly1.png,13274954494325646795
DIA_Database,Gyrosigma,CA-1B.png,15437531381930786023
DIA_Database,Gyrosigma,acuminatum.png,17967468425527112870
DIA_Database,Melosira,BO-2A.png,18365926097181612950
DIA_Database,Cocconeis,nora1600.png,15346673170938746050
DIA_Database,Cocconeis,RE-1A.png,17091943874415137606
DIA_Database,Cocconeis,disculus.png,15436382256197170830
DIA_Database,Cocconeis,labicheI7.png,12381568160395258285
DIA_Database,Cocconeis,nora1600b.png,9227957900084738014
DIA_Database,Cocconeis,OP-1A_1592316713944679.png,13136236405203195002
DIA_Database,Cocconeis,nora1550.png,15418730763902915794
DIA_Database,Cocconeis,OP-1A.png,17638535228778239658
DIA_Database,Cocconeis,success25b.png,17586278901807625395
DIA_Database,Cocconeis,nora1570.png,12377356955819828681
DIA_Database,Cocconeis,pediculus.png,11190368198578612089
DIA_Database,Cocconeis,EV-1B.png,18446496783073968130
DIA_Database,Cocconeis,success35.png,13760994966114191164
DIA_Database,Cocconeis,placentula.png,10470621419121881395
DIA_Database,Cocconeis,labiche200.png,11448407422630495962
DIA_Database,Cocconeis,nora0940.png,15398170932958881738
DIA_Database,Cocconeis,var.lineata.png,15362669360546870566
DIA_Database,Cocconeis,OP-2A.png,11879089238554279059
DIA_Database,Cocconeis,labicheI7_1592316687936065.png,9741910978862167741
DIA_Database,Amphora,chauvin1770.png,12041772426630376530
DIA_Database,Amphora,LB70.png,18340557918176230492
DIA_Database,Amphora,chauvin655.png,14833467941558672928
DIA_Database,Amphora,nora1465.png,9487523841736067059
DIA_Database,Amphora,chauvin1760.png,15649947215745250829
DIA_Database,Amphora,sp1.png,16847427701485090412
DIA_Database,Amphora,chauvin1210.png,11319012223595226729
DIA_Database,Amphora,CA-2A.png,18290526681673300161
DIA_Database,Amphora,CA-3A.png,13185486213780279637
DIA_Database,Amphora,success502.5.png,11968871117112364897
DIA_Database,Amphora,PISCES2.png,9480427545377652603
DIA_Database,Amphora,success532.5.png,9788143452680441445
DIA_Database,Amphora,success1142.5.png,16819963223708971336
DIA_Database,Amphora,chauvin1720.png,10478211602800028245
DIA_Database,Amphora,CA-1B.png,15723763642255023119
DIA_Database,Amphora,sp.1.png,16835866956108018136
DIA_Database,Amphora,EV-2A.png,14166986967914467271
DIA_Database,Amphora,acutiuscula.png,14066496944345141048
DIA_Database,Amphora,libyca.png,11237590428247136655
LOIR_Database,Cyclotella,Cyclotella%20meneghiana%20.png,16382288082755915191
LOIR_Database,Cyclotella,Cyclotella%20meneghiniana_1592390303581397.png,12810426574666058851
LOIR_Database,Cyclotella,Cyclotella.png,13482815146348562787
LOIR_Database,Cyclotella,Cyclotella%20meneghiniana.png,13603371600361724850
LOIR_Database,Cyclotella,Cyclotella%20atomus%20.png,13584694283051603577
LOIR_Database,Cyclotella,Cyclotella%20pseudostelligera.png,16268855860893292998
LOIR_Database,Eunotia,Eunotia%20tenella.png,13735912212840097363
LOIR_Database,Eunotia,Eunotia%20monodon.png,16948614172790803654
LOIR_Database,Eunotia,Eunotia%20pectinalis%20ventralis.png,18041848772545319958
LOIR_Database,Eunotia,Eunotia%20pectinalis%202.png,12959081074055000736
LOIR_Database,Eunotia,Eunotia%20pectinalis%201%20.png,9692573201200005889
LOIR_Database,Eunotia,Eunotia%20pectinalis%202%20.png,11161579156088439525
LOIR_Database,Eunotia,Eunotia%20formica.png,16918504493552613763
LOIR_Database,Eunotia,Eunotia%20lunaris%20int%20.png,18420151150475901093
LOIR_Database,Eunotia,Eunotia%20pectinalis%203%20.png,15926279670349075341
LOIR_Database,Eunotia,Eunotia%20pectinalis%20_159239024531126.png,12389615948146552180
LOIR_Database,Eunotia,Eunotia%20pectinalis%203.png,16917267459776081048
LOIR_Database,Eunotia,Eunotia%20robusta.png,13448246970699900341
LOIR_Database,Eunotia,Eunotia%20lunaris%20.png,12533732372220986521
LOIR_Database,Eunotia,Eunotia%20pectinalis.png,16918504510715719943
LOIR_Database,Eunotia,Eunotia%20flexuosa.png,14746144977894738257
LOIR_Database,Eunotia,Eunotia%20pectinalis%20.png,18204899051493365064
LOIR_Database,Eunotia,Eunotia%20exigua%20.png,11885438622457906201
LOIR_Database,Sellaphora,Sellaphora%20americana.png,16903590948895109713
LOIR_Database,Sellaphora,Sellaphora%20pupula.png,13706072972882473172
LOIR_Database,Sellaphora,Sellaphora%20sp.%20.png,12546344089102239716
LOIR_Database,Sellaphora,Sellaphora%20pupula_159239034953235.png,13694252260812236090
LOIR_Database,Sellaphora,Sellaphora%20laevissima.png,12673286843040003596
LOIR_Database,Epithemia,Epithemia.png,16876556582536798448
LOIR_Database,Epithemia,Epithemia%20zebra%20porcellus.png,16926081123319129366
LOIR_Database,Epithemia,Epithemia%20zebra.png,12626616440712100415
LOIR_Database,Epithemia,Epithemia%20sorex.png,16984363141219575734
LOIR_Database,Epithemia,Epithemia%20zebra_1592390345167753.png,16876556578694163654
LOIR_Database,Epithemia,Epithemia%20sorex_1592390344610536.png,16948614164159106310
LOIR_Database,Epithemia,Epithemia%20turgida.png,16911077785074322243
LOIR_Database,Epithemia,Epithemia%20turgida_1592391550079697.png,13718188338809644197
LOIR_Database,Synedra,Synedra%20ulna%20danica.png,12291953846412465290
LOIR_Database,Synedra,Synedra%20parasitica_1592391611874932.png,13380342165717871548
LOIR_Database,Synedra,Synedra%20capitata.png,12255854027083065844
LOIR_Database,Synedra,Synedra%20tabulata.png,12328474536639195604
LOIR_Database,Synedra,Synedra%20ulna_1592390317127743.png,12264878809908553331
LOIR_Database,Synedra,Synedra%20tabulata_1592391750301378.png,17441185528607453940
LOIR_Database,Synedra,Synedra%20ulna_1592390301016071.png,12291953296110365782
LOIR_Database,Synedra,Synedra%20closterioides.png,13801773882184757372
LOIR_Database,Synedra,Synedra%20fasciculata.png,14845519620438993365
LOIR_Database,Synedra,Synedra%20parasitica.png,16917373141280589084
LOIR_Database,Synedra,Synedra%20ulna%20.png,12255854543544498516
LOIR_Database,Synedra,Synedra%20tabulata_159239080010233.png,18107441591417088299
LOIR_Database,Synedra,Synedra.png,13727321780316455314
LOIR_Database,Synedra,Synedra%20gaillonii.png,13417800323113920852
LOIR_Database,Synedra,Synedra_1592390315132366.png,11796838502403519428
LOIR_Database,Synedra,Synedra%20ulna_1592391607299758.png,12255858433719511380
LOIR_Database,Synedra,Synedra%20%20closterioides.png,13801773882184757372
LOIR_Database,Synedra,Synedra%20sp.png,12321779210591274877
LOIR_Database,Synedra,Synedra%20ulna.png,16768267477285678102
LOIR_Database,Synedra,Synedra%20tabulata_1592390316609733.png,17212924020087453958
LOIR_Database,Surirella,Surirella%20smithii.png,13735911108976751176
LOIR_Database,Surirella,Surirella%20ovata.png,13769686454207200604
LOIR_Database,Surirella,Surirella%20cuneata.png,17162269750592642703
LOIR_Database,Surirella,Surirella%20celtica%20b%20.png,13381485795241529811
LOIR_Database,Surirella,Surirella%20fastuosa_1592391554625557.png,11023909333461349662
LOIR_Database,Surirella,Surirella%20linearis%20constricta.png,17179703782297218477
LOIR_Database,Surirella,Surirella%20sp.png,16877104778505723526
LOIR_Database,Surirella,Surirella%20tenera%20un.png,13776441511105281343
LOIR_Database,Surirella,Surirella%20ovalis_1592390338484319.png,16924673770515363971
LOIR_Database,Surirella,Surirella%20fluminensis.png,12291889615033953685
LOIR_Database,Surirella,Surirella%20ovata%20crumena.png,13633736109560798406
LOIR_Database,Surirella,Surirella%20striatula_159239158842799.png,13719847454932454156
LOIR_Database,Surirella,Surirella%20comis%20(2).png,13828267499472131628
LOIR_Database,Surirella,Surirella%20fastuosa_1592390700737166.png,12595424891205033510
LOIR_Database,Surirella,Surirella%20gemma.png,10874248007862981043
LOIR_Database,Surirella,Surirella.png,13967420917523313705
LOIR_Database,Surirella,Surirella%20tenera_1592390341148611.png,16912598019030169171
LOIR_Database,Surirella,Surirella%20a%20.png,13758610195358954527
LOIR_Database,Surirella,Surirella%20comis.png,18346716465177137702
LOIR_Database,Surirella,Surirella%20smithii_1592391849542993.png,11300312314339467172
LOIR_Database,Surirella,Surirella%20tenera.png,11412580770986220062
LOIR_Database,Surirella,Surirella%20ovalis%20un.png,13805171649057754180
LOIR_Database,Surirella,Surirella%20b%20.png,13524819921258819448
LOIR_Database,Surirella,Surirella%20lata_1592391812549297.png,12637861613223133846
LOIR_Database,Surirella,Surirella%20fastuosa_1592391515146931.png,13800401837591550509
LOIR_Database,Surirella,Surirella%20ovalis.png,17171316777191447090
LOIR_Database,Surirella,Surirella%20hybrida.png,13805732398779879107
LOIR_Database,Surirella,Surirella%20fluminensis_1592390962618684.png,13766009385445019514
LOIR_Database,Surirella,Surirella%20linearis_1592390337750169.png,13769628066622383057
LOIR_Database,Surirella,Surirella%20lata.png,13563859989575398033
LOIR_Database,Surirella,Surirella%20fastuosa_1592390981540281.png,13493546057850143518
LOIR_Database,Surirella,Surirella%20striatula.png,13719847454932454156
LOIR_Database,Surirella,Surirella%20linearis.png,13725495593191256116
LOIR_Database,Surirella,Surirella%20fastuosa_1592390798977821.png,18052011992793649727
LOIR_Database,Surirella,Surirella%20fastuosa_159239085923778.png,13720938101727546330
LOIR_Database,Surirella,Surirella%20fastuosa.png,11023374300029240125
LOIR_Database,Surirella,Surirella%20ovata%20apiculata.png,18333170782178261096
LOIR_Database,Surirella,Surirella%20robusta.png,12666605500581913142
LOIR_Database,Aulacoseira,Aulacoseira.png,13498911711518987332
LOIR_Database,Aulacoseira,Aulacoseira%20granulata%202.png,9737587279651017720
LOIR_Database,Aulacoseira,Aulacoseira%20granulata.png,17057824834589961580
LOIR_Database,Aulacoseira,Aulacoseira%20granulata_1592390380119809.png,13718177348077228199
LOIR_Database,Cymbella,Cymbella%20cistula.png,18059858223516729950
LOIR_Database,Cymbella,Cymbella%20affinis.png,16876565379164464322
LOIR_Database,Cymbella,Cymbella%20obtusiuscula.png,16948616352063382884
LOIR_Database,Cymbella,Cymbella%20ventricosa.png,13826543566603772295
LOIR_Database,Cymbella,Cymbella%20turgida.png,13485401032152707154
LOIR_Database,Cymbella,Cymbella%20heteropleura.png,16876558777330230898
LOIR_Database,Cymbella,Cymbella%20cymbiformis.png,18348088598628230982
LOIR_Database,Cymbella,Cymbella%20leptoceros.png,18077876744662098231
LOIR_Database,Cymbella,Cymbella%20ventricosa_1592390371378514.png,17157224628396394806
LOIR_Database,Cymbella,Cymbella%20amphicephala.png,16948334894275966066
LOIR_Database,Cymbella,Cymbella%20ventricosa_1592390233774434.png,17194115154904377449
LOIR_Database,Cymbella,Cymbella%20prostrata.png,13790236015566107028
LOIR_Database,Cymbella,Cymbella%20aspera%20a%20.png,16990562104770420749
LOIR_Database,Cymbella,Cymbella.png,12854553286851667231
LOIR_Database,Cymbella,Cymbella%20tumida.png,13429881004532245799
LOIR_Database,Cymbella,Cymbella%20ventricosa%20.png,16997857248150359408
LOIR_Database,Cymbella,Cymbella%20ehrenbergii.png,16918495710279853772
LOIR_Database,Cymbella,Cymbella%20cistula_1592390368086069.png,16918500107857092635
LOIR_Database,Cymbella,Cymbella%20prostata.png,18042692359689090401
LOIR_Database,Cymbella,Cymbella%20cuspidata.png,13807968703543160930
LOIR_Database,Cymbella,Cymbella%20microcephala.png,13720992040002183605
LOIR_Database,Cymbella,Cymbella%20caespitosa.png,13718176804377223479
LOIR_Database,Pinnularia,Pinnularia%20nodosa.png,12255924481878048213
LOIR_Database,Pinnularia,Pinnularia%20lundii.png,13489563771920246483
LOIR_Database,Pinnularia,Pinnularia%20viridis_1592390228559729.png,11432847120584122742
LOIR_Database,Pinnularia,Pinnularia%20nobilis.png,12255848516237109139
LOIR_Database,Pinnularia,Pinnularia%20acrosphaeria.png,14659749210644977332
LOIR_Database,Pinnularia,Pinnularia%20.png,16948897800986797544
LOIR_Database,Pinnularia,Pinnularia%20trevelya.png,17273497296194021718
LOIR_Database,Pinnularia,Pinnularia%20viridis%20anomalie%20.png,13480838073481734609
LOIR_Database,Pinnularia,Pinnularia.png,16985512852125321042
LOIR_Database,Pinnularia,Pinnularia%20viridis%201.png,18064366152657828397
LOIR_Database,Pinnularia,Pinnularia%20mesolepta.png,17263019104184348747
LOIR_Database,Pinnularia,Pinnularia%20borealis.png,13456912061529322134
LOIR_Database,Pinnularia,Pinnularia%20brebissonnii.png,16876564824040449651
LOIR_Database,Pinnularia,Pinnularia%20microstauron.png,18032640071775530153
LOIR_Database,Pinnularia,Pinnularia%20stomatophora.png,18032587406685612331
LOIR_Database,Pinnularia,Pinnularia%20gentilis%20.png,13745156748510869891
LOIR_Database,Pinnularia,Pinnularia%20quadratarea.png,13828516063105130442
LOIR_Database,Pinnularia,Pinnularia%20trevelyana_159239069603789.png,10004699830611496917
LOIR_Database,Pinnularia,Pinnularia%20treveleyana.png,13746341949025300170
LOIR_Database,Pinnularia,Pinnularia%20deux.png,16903579961182762192
LOIR_Database,Pinnularia,Pinnularia%20nobilis%20un.png,18031742492081186929
LOIR_Database,Pinnularia,Pinnularia%20viridis%203.png,12544102527948470617
LOIR_Database,Pinnularia,Pinnularia%20subcapitata%20.png,12584303448353313325
LOIR_Database,Pinnularia,Pinnularia%20viridis%202.png,17213467087810353771
LOIR_Database,Pinnularia,Pinnularia%20braunii.png,13720428012030836917
LOIR_Database,Pinnularia,Pinnularia%20maior_1592390357379007.png,13817287829422465964
LOIR_Database,Pinnularia,Pinnularia%20maior.png,17158301554498309448
LOIR_Database,Pinnularia,Pinnularia%20biceps.png,13419255486285058532
LOIR_Database,Pinnularia,Pinnularia%20viridis.png,13529040024603442212
LOIR_Database,Pinnularia,Pinnularia%20maior%20.png,12255871619235494364
LOIR_Database,Pinnularia,Pinnularia%20viridis%20.png,12555362102557190224
LOIR_Database,Pinnularia,Pinnularia%20gentilis.png,13826208330735418372
LOIR_Database,Pinnularia,Pinnularia%20divergens.png,17165630256866570689
LOIR_Database,Pinnularia,Pinnularia%20acrosphaeria%20.png,12544101995378829684
LOIR_Database,Pinnularia,Pinnularia%20gibba.png,16912593642509740372
LOIR_Database,Pinnularia,Pinnularia%20sp..png,16895418402395041837
LOIR_Database,Pinnularia,Pinnularia%20trevelyana.png,13746341949016911563
LOIR_Database,Pinnularia,Pinnularia%20gracillima.png,12652241816826983001
LOIR_Database,Pinnularia,Pinnularia%20acoricola.png,16857287897878262077
LOIR_Database,Pinnularia,Pinnularia%20sp_1592391603739563.png,13721273532160917652
LOIR_Database,Pinnularia,Pinnularia%20viridis_1592391610838524.png,13502013916018221998
LOIR_Database,Pinnularia,Pinnularia%20acrosphaeria_1592390353167872.png,18035449873740311852
LOIR_Database,Pinnularia,Pinnularia%20un.png,13437199241981899053
LOIR_Database,Pinnularia,Pinnularia%20viridis_1592390361615994.png,16867557616196446705
LOIR_Database,Pinnularia,Pinnularia_1592390396538795.png,18392928601107067398
LOIR_Database,Pinnularia,Pinnularia%20streptoraphe.png,12616705991121232881
LOIR_Database,Pinnularia,Pinnularia%20gibba_1592390355879294.png,13411102735174511638
LOIR_Database,Craticula,Craticula%20cuspidata%20.png,13411031695081793008
LOIR_Database,Craticula,"Craticula%20cuspidata,%20craticule.png",16961001036832285876
LOIR_Database,Craticula,Craticula%20cuspidata.png,17009959109980301757
LOIR_Database,Craticula,Craticula%20cuspidata%20ambigua.png,12544665994303563609
LOIR_Database,Craticula,Craticula%20cuspidata_1592390364541827.png,17203926157590650894
LOIR_Database,Frustulia,Frustulia%20interposita.png,14487731939658407031
LOIR_Database,Frustulia,Frustulia%20sp.png,16882480651854275212
LOIR_Database,Frustulia,Frustulia%20vulgaris_1592390326770096.png,16917943183205197324
LOIR_Database,Frustulia,Frustulia%20rhomboides.png,12327916552710060181
LOIR_Database,Frustulia,Frustulia%20rhomboides_1592390415531255.png,17171259679362024609
LOIR_Database,Frustulia,Frustulia%20vulgaris_1592390268056814.png,17217984328244349516
LOIR_Database,Frustulia,Frustulia%20vulgaris.png,18030658914570149518
LOIR_Database,Caloneis,Caloneis%20oregonica.png,16903573197534307955
LOIR_Database,Caloneis,Caloneis%2096.png,13817266994535704996
LOIR_Database,Caloneis,Caloneis%20amphisbaena_1592391745581224.png,13735909459432550470
LOIR_Database,Caloneis,Caloneis%20excentrica.png,17251742701096460453
LOIR_Database,Caloneis,Caloneis%20bacillum.png,16882480518718269580
LOIR_Database,Caloneis,Caloneis%20oregonica_1592391564977365.png,13528971286582780710
LOIR_Database,Caloneis,Caloneis%20sp.%2086.png,17155789091768166099
LOIR_Database,Caloneis,Caloneis%20linearis_1592391416566089.png,17179714782956465192
LOIR_Database,Caloneis,Caloneis%20liber.png,18101530728472832180
LOIR_Database,Caloneis,Caloneis%20sp_1592391402153391.png,18042710467531256115
LOIR_Database,Caloneis,Caloneis%20sp.%201.png,12567518096942805798
LOIR_Database,Caloneis,Caloneis%20bicuneata_1592391354571615.png,13817265895024081316
LOIR_Database,Caloneis,Caloneis%20sp.%20cf.%20excentrica%20(2).png,16879667005835421228
LOIR_Database,Caloneis,Caloneis%20fusioides.png,18387775622207168736
LOIR_Database,Caloneis,Caloneis%20excentrica_1592391154050021.png,16891196281705801155
LOIR_Database,Caloneis,Caloneis%20linearis.png,17203920661103114627
LOIR_Database,Caloneis,Caloneis%20oregonica_1592391713105359.png,16876564815451054835
LOIR_Database,Caloneis,Caloneis%20sp_1592391500560241.png,17234027555237638368
LOIR_Database,Caloneis,Caloneis%20liber%20v%20umbilicata.png,12264878818481858771
LOIR_Database,Caloneis,Caloneis%20liber%20v%20elongata.png,17191871339923812937
LOIR_Database,Caloneis,Caloneis%20maxima.png,16948626816116237907
LOIR_Database,Caloneis,Caloneis%20sp.%202.png,18356842765873817124
LOIR_Database,Caloneis,Caloneis%20westii.png,13718749630905562534
LOIR_Database,Caloneis,Caloneis%20liber_1592391083578803.png,17212998649992048934
LOIR_Database,Caloneis,Caloneis%20bicuneata_1592391769216775.png,17164796291030509267
LOIR_Database,Caloneis,Caloneis%20amphisbaena%20.png,12566117755769208101
LOIR_Database,Caloneis,Caloneis%20crassa.png,12616494477606302537
LOIR_Database,Caloneis,Caloneis%20bicuneata.png,13778974991865079868
LOIR_Database,Caloneis,Caloneis%20%20excentrica.png,12264883203592218354
LOIR_Database,Caloneis,Caloneis%20lewisii.png,13634862024289337541
LOIR_Database,Caloneis,Caloneis%20amphisbaena.png,17203916312920974887
LOIR_Database,Caloneis,Caloneis%20linearis_1592391083981384.png,18043894123041631401
LOIR_Database,Caloneis,Caloneis%20oregonica_159239098424281.png,13528978472716985884
LOIR_Database,Caloneis,Caloneis%20sp.png,16962408398814356900
LOIR_Database,Caloneis,Caloneis%20bacillum_1592390938072157.png,16924691362544188008
LOIR_Database,Caloneis,Caloneis%20amphisbaena_1592391837593269.png,13707761829401275448
LOIR_Database,Caloneis,Caloneis%20egena.png,16772134247992628541
LOIR_Database,Caloneis,"Caloneis%20sp.%2048,5.png",18356841632002713132
LOIR_Database,Caloneis,Caloneis%20westii_1592391822375934.png,13791641159596766244
LOIR_Database,Caloneis,Caloneis%20liber_1592390994745931.png,16836028097589057460
LOIR_Database,Caloneis,Caloneis_159239095182659.png,18068617303225000460
LOIR_Database,Caloneis,Caloneis%20sp.%20cf.%20excentrica.png,17191809195713553376
LOIR_Database,Caloneis,Caloneis%20ventricosa_1592391593990204.png,16905533759251407314
LOIR_Database,Caloneis,Caloneis%20alpestris.png,13411374311488283705
LOIR_Database,Caloneis,Caloneis%20liber_1592390996562725.png,13745142467736217252
LOIR_Database,Caloneis,Caloneis%20sp.%2069.png,12594539694707028774
LOIR_Database,Caloneis,Caloneis%20aemula.png,16882528897481418534
LOIR_Database,Caloneis,Caloneis%20ventricosa.png,12291953296078847313
LOIR_Database,Caloneis,Caloneis%20excentrica_1592391336020304.png,12264878818498633939
LOIR_Database,Caloneis,Caloneis%20amphisbaena%20salina.png,16882471859578839475
LOIR_Database,Caloneis,Caloneis.png,11210831988504769761
LOIR_Database,Caloneis,Caloneis_159239105188169.png,9613587155280655407
LOIR_Database,Diatoma,Diatoma%20mesodon.png,17270247426077331859
LOIR_Database,Diatoma,Diatoma%20vulgare.png,13430519804534973836
LOIR_Database,Diatoma,Diatoma_1592390384792394.png,13648651898596256141
LOIR_Database,Diatoma,Diatoma.png,17212653320068423424
LOIR_Database,Tabellaria,Tabellaria%20flocculosa.png,11972145343942737626
LOIR_Database,Tabellaria,Tabellaria%20fenestrata.png,13557460346362119121
LOIR_Database,Tabellaria,Tabellaria%20floculosa.png,16872666565939261068
LOIR_Database,Tabellaria,Tabellaria%20fenestrata_1592391607909755.png,13240803044087611455
LOIR_Database,Achnanthes,Achnanthes%20citronella.png,17093578282261490072
LOIR_Database,Achnanthes,Achnanthes%20deux.png,18357408981133916226
LOIR_Database,Achnanthes,Achnanthes%20brevipes_1592390594017845.png,12658726652284255682
LOIR_Database,Achnanthes,Achnanthes%20sp.png,17196590867141869658
LOIR_Database,Achnanthes,Achnanthes%20septata.png,13457493668895111180
LOIR_Database,Achnanthes,Achnanthes%20brevipes.png,13479204353287945819
LOIR_Database,Achnanthes,Achnanthes%20danica%202.png,13299910790021354092
LOIR_Database,Achnanthes,Achnanthes%20longipes_1592391038897512.png,16954023129116156558
LOIR_Database,Achnanthes,Achnanthes%20danica%20c.png,15826432310961883223
LOIR_Database,Achnanthes,Achnanthes%20saxonica%20%20.png,17035080465924067987
LOIR_Database,Achnanthes,Achnanthes%20brockmannii_1592391622508653.png,13531281159857095061
LOIR_Database,Achnanthes,Achnanthes%20danica_1592391625586704.png,13314759367316264508
LOIR_Database,Achnanthes,Achnanthes%20lanceolata_1592390379491122.png,17192650364469699786
LOIR_Database,Achnanthes,Achnanthes%20pseudogroenlandica.png,11031821013651857311
LOIR_Database,Achnanthes,Achnanthes%20lanceolata_1592391000577775.png,18035728195471356870
LOIR_Database,Achnanthes,Achnanthes%20danica.png,17983584067279622772
LOIR_Database,Achnanthes,Achnanthes%20longipes.png,18419300265603378147
LOIR_Database,Achnanthes,Achnanthes%20lanceolata.png,16891759295015577880
LOIR_Database,Achnanthes,Achnanthes%20parvula_1592391813990495.png,16877386694900148372
LOIR_Database,Achnanthes,Achnanthes%20brevipes%20intermedia.png,18113623486876888545
LOIR_Database,Achnanthes,Achnanthes%20brevipes_15923918133539.png,13779537946389394492
LOIR_Database,Achnanthes,Achnanthes%20danica%20a.png,15908935032777523648
LOIR_Database,Achnanthes,Achnanthes%20hungarica.png,13419184848102920581
LOIR_Database,Achnanthes,Achnanthes%20brockmannii.png,17425432239653629379
LOIR_Database,Achnanthes,Achnanthes%20javanica.png,16888645420033399657
LOIR_Database,Achnanthes,Achnanthes%20fimbriata_1592390993139028.png,13086565758727835105
LOIR_Database,Achnanthes,Achnanthes%20danica%20b.png,11130893536926356178
LOIR_Database,Achnanthes,Achnanthes%20sp_1592391042308988.png,13792978188081213620
LOIR_Database,Achnanthes,Achnanthes%20longipes_1592390848127085.png,17794175987692265782
LOIR_Database,Achnanthes,Achnanthes%20brevipes_1592391037401406.png,13424035421217736936
LOIR_Database,Achnanthes,Achnanthes%20lanceolata_1592390285279582.png,13304924520087930660
LOIR_Database,Achnanthes,Achnanthes%20brevipes_1592391316244872.png,13771607866699700837
LOIR_Database,Achnanthes,Achnanthes%20parvula.png,18031997023793623145
LOIR_Database,Achnanthes,Achnanthes%20lanceolata%20b%20.png,13542818940271345561
LOIR_Database,Achnanthes,Achnanthes%20fimbriata_1592391623690214.png,16895699954345599265
LOIR_Database,Achnanthes,Achnanthes%20javanica_1592391707466902.png,16891178376989286034
LOIR_Database,Achnanthes,Achnanthes%20brockmannii_1592390778687536.png,16890615372213357263
LOIR_Database,Achnanthes,Achnanthes%20lanceolata%20c%20.png,12300605236662200367
LOIR_Database,Achnanthes,Achnanthes%20coarctata.png,17174901202868674197
LOIR_Database,Achnanthes,Achnanthes%20brockmannii_1592391492945233.png,17878875149135218567
LOIR_Database,Achnanthes,Achnanthes%20affinis%20.png,12410744047566851939
LOIR_Database,Achnanthes,Achnanthes%20longipes_1592391707859351.png,16989999158029952524
LOIR_Database,Achnanthes,Achnanthes%20sancti-pauli.png,16914035927633200458
LOIR_Database,Achnanthes,Achnanthes%20conspicua.png,17170221139546578784
LOIR_Database,Achnanthes,Achnanthes%20fimbriata.png,16911457846767803944
LOIR_Database,Achnanthes,Achnanthes%20bioreti.png,13778693001701047410
LOIR_Database,Achnanthidium,Achnanthidium%20lanceolatum.png,13183075721803435778
LOIR_Database,Diploneis,Diploneis%20smithii_1592391089566502.png,17176892942430014418
LOIR_Database,Diploneis,Diploneis.png,17070493656837304375
LOIR_Database,Diploneis,Diploneis%20weisflogii_1592391431553118.png,12541053737597221714
LOIR_Database,Diploneis,Diploneis%20nitescens_1592391798155901.png,13771374756749059382
LOIR_Database,Diploneis,Diploneis%20crabro_1592390900168592.png,17275966637307830557
LOIR_Database,Diploneis,Diploneis%20nitescens_1592391428776849.png,18026085907355826233
LOIR_Database,Diploneis,Diploneis%20smithii%202.png,12582393772511435655
LOIR_Database,Diploneis,Diploneis%20vacillans%20renitens.png,12351338125448557447
LOIR_Database,Diploneis,Diploneis%20parca.png,12554577672506649912
LOIR_Database,Diploneis,Diploneis%20constricta.png,13733094099561559343
LOIR_Database,Diploneis,Diploneis%20bomboides_1592390996971656.png,12363951555444501389
LOIR_Database,Diploneis,Diploneis%20weisflogii_159239178060877.png,13483078282696257577
LOIR_Database,Diploneis,Diploneis%20chersonensis_1592391424645464.png,17166197841702435587
LOIR_Database,Diploneis,Diploneis%20vacillans_1592390998048493.png,12364021769570160549
LOIR_Database,Diploneis,Diploneis%20smithii_1592391799857532.png,12387315176172854323
LOIR_Database,Diploneis,Diploneis%20elliptica_1592390385599261.png,13725442405816241798
LOIR_Database,Diploneis,Diploneis%20k%fctginzii.png,16904192759895594616
LOIR_Database,Diploneis,Diploneis%20papula_1592390755091493.png,16993141566449416546
LOIR_Database,Diploneis,Diploneis%20didyma%20(2).png,17168431160371570075
LOIR_Database,Diploneis,Diploneis%20coffeaeformis_1592390841657187.png,18018872287390047788
LOIR_Database,Diploneis,Diploneis%20crabro%20excavata_1592390754066821.png,16876558777867101904
LOIR_Database,Diploneis,Diploneis%20fusca_1592390615624873.png,18419089992706824801
LOIR_Database,Diploneis,Diploneis%20fusca%20%20aestiva.png,13805749991217732229
LOIR_Database,Diploneis,Diploneis%20fusca%20hyperborea.png,13456139147932902216
LOIR_Database,Diploneis,Diploneis%20didyma_1592391566994026.png,13529028887647465999
LOIR_Database,Diploneis,Diploneis%20bombus_159239179468364.png,12291964399027007683
LOIR_Database,Diploneis,Diploneis%20suborbicularis%20constricta.png,13698473326807523130
LOIR_Database,Diploneis,Diploneis%20vacillans_1592390923405138.png,13708606251185158202
LOIR_Database,Diploneis,Diploneis%20crabro%20suspecta.png,18104330728065149495
LOIR_Database,Diploneis,Diploneis%20didyma.png,18070835959631684915
LOIR_Database,Diploneis,Diploneis%20suborbicularis_1592391429602963.png,17276037004625743714
LOIR_Database,Diploneis,Diploneis%20fusca_159239167312512.png,13419814033436338238
LOIR_Database,Diploneis,Diploneis%20notabilis_1592391798842366.png,16904143934818143013
LOIR_Database,Diploneis,Diploneis%20elliptica.png,12363949407340433482
LOIR_Database,Diploneis,Diploneis%20fusca_1592390842606249.png,12625718859331790020
LOIR_Database,Diploneis,Diploneis%20A.png,17265833851056623518
LOIR_Database,Diploneis,Diploneis%20incurvata_1592391797588904.png,13817217589594403726
LOIR_Database,Diploneis,Diploneis%20fusca.png,12555403407093476299
LOIR_Database,Diploneis,Diploneis%20didyma_1592391715127581.png,16881889712721343261
LOIR_Database,Diploneis,Diploneis%20szontaghii.png,12580174854861271897
LOIR_Database,Diploneis,Diploneis%20chersonensis_1592390914673407.png,13706566157207978707
LOIR_Database,Diploneis,Diploneis%20fusca%20%20amphigomphus.png,16879658106235368343
LOIR_Database,Diploneis,Diploneis%20ovalis_1592390266386794.png,13792485590237068303
LOIR_Database,Diploneis,Diploneis_1592390840836638.png,17180812090711161402
LOIR_Database,Diploneis,Diploneis%20chersonensis_1592391087450223.png,13505104065897838970
LOIR_Database,Diploneis,Diploneis%20papula_1592391089105984.png,16747908129380526409
LOIR_Database,Diploneis,Diploneis%20vetula.png,18027210983584447134
LOIR_Database,Diploneis,Diploneis%20incurvata.png,18031714546636777534
LOIR_Database,Diploneis,Diploneis%20droopii.png,17178845679646907234
LOIR_Database,Diploneis,Diploneis%20weissflogii.png,17181164202858081404
LOIR_Database,Diploneis,Diploneis%20bombus_1592390852288009.png,16883011702857300527
LOIR_Database,Diploneis,"Diploneis%20weisflogii%2024,5.png",13488722659049827462
LOIR_Database,Diploneis,Diploneis%20vetula_1592390955800858.png,12593420375187934005
LOIR_Database,Diploneis,Diploneis%20ovalis_1592390324893549.png,13804887777502113712
LOIR_Database,Diploneis,Diploneis%20fusca%20pelagica.png,13712283450769291372
LOIR_Database,Diploneis,Diploneis%20dalmatica.png,18030871119390533752
LOIR_Database,Diploneis,Diploneis%20intrrupta.png,17128478335875323501
LOIR_Database,Diploneis,Diploneis%20beyrichiana.png,14741097892091870612
LOIR_Database,Diploneis,Diploneis%20vacillans.png,13483430257826887834
LOIR_Database,Diploneis,Diploneis%20nitescens.png,12666532992717855795
LOIR_Database,Diploneis,Diploneis%20vacillans_1592390955321668.png,12619017791224791404
LOIR_Database,Diploneis,Diploneis%20clathrata.png,13821758531460935554
LOIR_Database,Diploneis,Diploneis%20lineata.png,13771938119480747968
LOIR_Database,Diploneis,Diploneis%20crabro_1592390997351982.png,16976200503505287297
LOIR_Database,Diploneis,Diploneis%20bombus_1592391779403172.png,18066067071511146706
LOIR_Database,Diploneis,Diploneis%20fusca_1592391427595271.png,13804606482715185089
LOIR_Database,Diploneis,Diploneis%20bombus%20%20densestriata.png,13492151990741973815
LOIR_Database,Diploneis,Diploneis%20coffeaeformis_1592391795505693.png,15337091059838366772
LOIR_Database,Diploneis,Diploneis%20fusca_1592391088273291.png,16947491571125783335
LOIR_Database,Diploneis,Diploneis%20papula_1592390783362418.png,17163941545860537304
LOIR_Database,Diploneis,Diploneis%20ovalis.png,16886974291336915085
LOIR_Database,Diploneis,Diploneis%20crabro.png,13718673227672761127
LOIR_Database,Diploneis,Diploneis%20sp.png,13733025001993506375
LOIR_Database,Diploneis,Diploneis_1592391053256265.png,10759714709405792858
LOIR_Database,Diploneis,Diploneis%20smithii.png,16888680668833829557
LOIR_Database,Diploneis,Diploneis%20suborbicularis.png,18043005133848616525
LOIR_Database,Diploneis,Diploneis%20litoralis_1592391428173529.png,17161408127920857451
LOIR_Database,Diploneis,Diploneis%20crabro_1592390753314746.png,16961001621671787366
LOIR_Database,Diploneis,Diploneis%20chersonensis.png,17243298573535427182
LOIR_Database,Diploneis,Diploneis%20nitescens_1592391088700091.png,13506155164721691598
LOIR_Database,Diploneis,Diploneis%20coffeaeformis.png,16872332416998689739
LOIR_Database,Diploneis,Diploneis%20litoralis_1592391673965701.png,13745155618936972828
LOIR_Database,Diploneis,Diploneis%20bombus%20densestriata.png,17161745919138347795
LOIR_Database,Diploneis,Diploneis%20aestuari.png,16975644157769721409
LOIR_Database,Diploneis,Diploneis%20B.png,12613685882164165518
LOIR_Database,Diploneis,Diploneis%20vetula_1592391430869149.png,13799522298265087925
LOIR_Database,Diploneis,Diploneis%20crabro%20perpusilla.png,18030589799040182569
LOIR_Database,Diploneis,Diploneis%20vacillans_1592390902570766.png,13719865230791711322
LOIR_Database,Diploneis,Diploneis%20bomboides.png,18140715077837817390
LOIR_Database,Diploneis,Diploneis%20crabro_1592391797008307.png,18104330761082726999
LOIR_Database,Diploneis,Diploneis%20puella_1592390616706464.png,17180266739516075117
LOIR_Database,Diploneis,Diploneis%20mediterranea.png,18385805705859710593
LOIR_Database,Diploneis,Diploneis%20notabilis.png,13659646693775101252
LOIR_Database,Diploneis,Diploneis%20A_1592390782523772.png,16963252836643714230
LOIR_Database,Diploneis,Diploneis%20ovalis%20var.oblongella.png,13732829997566182253
LOIR_Database,Diploneis,Diploneis%20papula%2037.png,17163079573236312126
LOIR_Database,Diploneis,Diploneis%20bombus_1592391424203875.png,13352821832153459050
LOIR_Database,Diploneis,Diploneis%20chersonensis_1592390942374738.png,18029458798251206130
LOIR_Database,Diploneis,Diploneis%20crabro%20excavata.png,12637318917806880388
LOIR_Database,Diploneis,Diploneis%20papula_1592390916268545.png,13776160454756871950
LOIR_Database,Diploneis,Diploneis%20bombus.png,16878794126622958944
LOIR_Database,Diploneis,Diploneis%20smithii_1592390954689602.png,17179702831592142954
LOIR_Database,Diploneis,Diploneis%20weisflogii.png,13409965927693368755
LOIR_Database,Diploneis,Diploneis%20papula%20%20constricta.png,18100394389464640063
LOIR_Database,Diploneis,Diploneis%2045.png,17180812090711161402
LOIR_Database,Diploneis,Diploneis%20smithii_1592390471990192.png,17179702831592142954
LOIR_Database,Diploneis,Diploneis%20suborbicularis_1592391090288559.png,18023375887017417316
LOIR_Database,Diploneis,Diploneis%20papula.png,16983519234020413233
LOIR_Database,Diploneis,Diploneis%20puella.png,16879352591628593512
LOIR_Database,Diploneis,Diploneis%20divergens.png,13747449068093078208
LOIR_Database,Diploneis,Diploneis%20litoralis.png,13745155618936972828
LOIR_Database,Diploneis,Diploneis%20fusca_1592390816463478.png,18114744472219314916
LOIR_Database,Fallacia,Fallacia%20forcipata_1592391432385099.png,18050854408168554193
LOIR_Database,Fallacia,Fallacia%20forcipata.png,12339179610184147650
LOIR_Database,Fallacia,Fallacia%20nicobarica.png,17885348639116007640
LOIR_Database,Fallacia,Fallacia%20forcipata_1592390756122793.png,17206425236690115184
LOIR_Database,Fallacia,Fallacia%20versicolor.png,17263845939872361140
LOIR_Database,Fallacia,Fallacia%2027.png,16890914876519774795
LOIR_Database,Fallacia,Fallacia%20reichardti.png,16916247113324588385
LOIR_Database,Fallacia,Fallacia%20litoricola.png,17178296410385771621
LOIR_Database,Fallacia,Fallacia%20pygmaea.png,18055922018660133517
LOIR_Database,Fallacia,Fallacia%20ny.png,16759747203440143670
LOIR_Database,Fallacia,Fallacia%20forcipata%20b.png,17160562416133684046
LOIR_Database,Fallacia,Fallacia%20pygmaea_15923911549497.png,16903586516471555675
LOIR_Database,Fallacia,Fallacia%20forcipata_1592390784872582.png,17248945588078143495
LOIR_Database,Fallacia,Fallacia%20forcipata%20densestriata.png,16877122780965845616
LOIR_Database,Fallacia,Fallacia%20diploneoides.png,18043255866978873406
LOIR_Database,Fallacia,Fallacia%20nummularia.png,17899140110425889647
LOIR_Database,Fallacia,Fallacia%2012.png,16819139856940229997
LOIR_Database,Fallacia,Fallacia%20versicolor_1592391802634877.png,18035374509648023858
LOIR_Database,Fallacia,Fallacia%20nyella.png,16759749415076194454
LOIR_Database,Fallacia,Fallacia%20forcipata_1592391030072079.png,12623256401885423740
LOIR_Database,Fallacia,Fallacia%20sp.png,13627494869196179910
LOIR_Database,Gomphonema,Gomphonema.png,16882476099465231462
LOIR_Database,Gomphonema,Gomphonema%20parvulum.png,12800856639840097098
LOIR_Database,Gomphonema,Gomphonema%20intricatum%20.png,16898795715510453535
LOIR_Database,Gomphonema,Gomphonema%20angustatum.png,16975626548135768409
LOIR_Database,Gomphonema,Gomphonema%20intricatum.png,13826262096475631623
LOIR_Database,Gomphonema,Gomphonema%20sp.png,17018420823136790178
LOIR_Database,Gomphonema,Gomphonema%20gracile.png,13790244274990067110
LOIR_Database,Gomphonema,Gomphonema%20angustatum%202.png,13538332095584161592
LOIR_Database,Gomphonema,Gomphonema%20intricatum_1592390220054214.png,12361502765286070558
LOIR_Database,Gomphonema,Gomphonema%20acuminatum_1592390329173334.png,16882470617835619050
LOIR_Database,Gomphonema,Gomphonema%20constrictum.png,13779537670886307765
LOIR_Database,Gomphonema,Gomphonema%20acuminatum.png,13798695647757088549
LOIR_Database,Stauroneis,Stauroneis.png,11436258322184035997
LOIR_Database,Stauroneis,Stauroneis%20gregorii_1592391587823511.png,13492437867831419248
LOIR_Database,Stauroneis,Stauroneis%20anceps%20%20(2).png,18044944665761736097
LOIR_Database,Stauroneis,Stauroneis%20sp.png,16875418564190397794
LOIR_Database,Stauroneis,Stauroneis%20africana.png,13706355586032386392
LOIR_Database,Stauroneis,Stauroneis%20salina_159239133399051.png,16903568851287451219
LOIR_Database,Stauroneis,Stauroneis%20salina.png,18031152593234651754
LOIR_Database,Stauroneis,Stauroneis%20phenicenteron%203.png,18321450432535046283
LOIR_Database,Stauroneis,Stauroneis%20gregorii.png,16876564836900731001
LOIR_Database,Stauroneis,Stauroneis%20anceps%20.png,16977872089965531013
LOIR_Database,Stauroneis,Stauroneis%20dubitabilis%20(2).png,16888381180746951361
LOIR_Database,Stauroneis,Stauroneis%20smithii.png,16879075515162404064
LOIR_Database,Stauroneis,Stauroneis%20africana_1592391811292718.png,12364010890114676057
LOIR_Database,Stauroneis,Stauroneis%20pygmaea%20a%20.png,17204754690610576083
LOIR_Database,Stauroneis,Stauroneis%20anceps.png,13417800872886444272
LOIR_Database,Stauroneis,Stauroneis%20anceps_159239160596405.png,16800562791148668528
LOIR_Database,Stauroneis,Stauroneis%20phenicenteron.png,17176970436251479041
LOIR_Database,Stauroneis,Stauroneis%20salina_1592391095175002.png,16950023718088402145
LOIR_Database,Stauroneis,Stauroneis%20gregoryii.png,17203910259922759835
LOIR_Database,Stauroneis,Stauroneis%20phenicenteron%202.png,12664361926819576837
LOIR_Database,Pleurosigma,Pleurosigma%20strigosum.png,13780903559504599116
LOIR_Database,Pleurosigma,Pleurosigma%20aestuarii%203.png,15668800590892162049
LOIR_Database,Pleurosigma,Pleurosigma%20sp.%202.png,12592305466703278343
LOIR_Database,Pleurosigma,Pleurosigma%20delicatulum_1592390811475248.png,13802618519582603713
LOIR_Database,Pleurosigma,Pleurosigma%20ibericum_1592390863150428.png,11789521562195475482
LOIR_Database,Pleurosigma,Pleurosigma_1592390961707417.png,12616710410585825490
LOIR_Database,Pleurosigma,Pleurosigma%20%20intermedium.png,12255925048849247318
LOIR_Database,Pleurosigma,Pleurosigma%20elongatum_1592391012483937.png,14506806397897661577
LOIR_Database,Pleurosigma,Pleurosigma%20marinum.png,16948622430941259986
LOIR_Database,Pleurosigma,Pleurosigma%20angulatum.png,12264883758776232049
LOIR_Database,Pleurosigma,Pleurosigma%20nicobaricum.png,13456930735042322958
LOIR_Database,Pleurosigma,Pleurosigma%20speciosum.png,18032641145576483210
LOIR_Database,Pleurosigma,Pleurosigma%20delicatulum.png,13538047223850266631
LOIR_Database,Pleurosigma,Pleurosigma%20sp..png,17167319222360941880
LOIR_Database,Pleurosigma,Pleurosigma%20aestuarii.png,18033204095470775457
LOIR_Database,Pleurosigma,Pleurosigma%20delicatulum_1592391094708803.png,13529602974573574177
LOIR_Database,Pleurosigma,Pleurosigma%20intermedium_159239158587937.png,13745161095118387459
LOIR_Database,Pleurosigma,Pleurosigma%20strigosum_159239086602479.png,12255854019526850804
LOIR_Database,Pleurosigma,Pleurosigma%20angulatum%20un.png,16336132286043657739
LOIR_Database,Pleurosigma,Pleurosigma%20delicatulum%20b.png,12553109203231877332
LOIR_Database,Pleurosigma,Pleurosigma.png,9791065339907725839
LOIR_Database,Pleurosigma,Pleurosigma%20intermedium.png,12675532999568436653
LOIR_Database,Pleurosigma,Pleurosigma%20aestuari.png,17031436698395907249
LOIR_Database,Pleurosigma,Pleurosigma%20elongatum_1592391848983084.png,16912593633953360212
LOIR_Database,Pleurosigma,Pleurosigma%20strigosum_1592390813374443.png,16922984916657180524
LOIR_Database,Pleurosigma,Pleurosigma%20aestuarii%202.png,15668519051155463304
LOIR_Database,Pleurosigma,Pleurosigma%20estuarii%202.png,17164796303981683321
LOIR_Database,Pleurosigma,Pleurosigma%20marinum_1592390964667127.png,17203921228038924330
LOIR_Database,Pleurosigma,Pleurosigma%20longum%20var.%20inflata.png,11389535219587722583
LOIR_Database,Pleurosigma,Pleurosigma%20ibericum.png,16953970889595331885
LOIR_Database,Pleurosigma,Pleurosigma%20longum.png,17170214487859310727
LOIR_Database,Pleurosigma,Pleurosigma%20naviculaceum.png,16975644011791542705
LOIR_Database,Pleurosigma,Pleurosigma%20formosum.png,13729718689630054684
LOIR_Database,Pleurosigma,Pleurosigma_1592391054778631.png,10798061119413362280
LOIR_Database,Pleurosigma,Pleurosigma%20angulatum_1592391722633156.png,16903639297324234587
LOIR_Database,Pleurosigma,Pleurosigma%20delicatulum%20int.png,16917947053975723011
LOIR_Database,Pleurosigma,Pleurosigma%20delicatulum_1592390792979274.png,13444874800717147222
LOIR_Database,Pleurosigma,Pleurosigma%20nicobaricum_159239167974743.png,13444874800717147222
LOIR_Database,Pleurosigma,pleurosigma%20elongatum.png,16917936080083729572
LOIR_Database,Fragilaria,Fragilaria%20investiens.png,13420035047144270164
LOIR_Database,Fragilaria,Fragilaria%20intermedia.png,12529162712372990653
LOIR_Database,Fragilaria,Fragilaria%20crotonensis.png,13730562548005486488
LOIR_Database,Fragilaria,Fragilaria%20pinnata.png,16438309937026492259
LOIR_Database,Fragilaria,Fragilaria%20intermedia_1592391609474493.png,12515648825652640688
LOIR_Database,Fragilaria,Fragilaria%20capucina_1592390295778532.png,13502018297958739105
LOIR_Database,Fragilaria,Fragilaria%20sopotensis%20S%20.png,12882425206337752632
LOIR_Database,Fragilaria,Fragilaria%20vaucheriae.png,17251760225371472005
LOIR_Database,Fragilaria,Fragilaria%20virescens.png,13492719340766174095
LOIR_Database,Fragilaria,Fragilaria%20capucina_1592390305628009.png,16953975287363463467
LOIR_Database,Fragilaria,Fragilaria%20capucina.png,12291957694156811350
LOIR_Database,Fragilaria,Fragilaria%20pulchella.png,16953970889342101803
LOIR_Database,Fragilaria,Fragilaria%20virescens_1592390307074415.png,13408846416015109206
LOIR_Database,Fragilaria,Fragilaria%20martyi.png,16529787995182974614
LOIR_Database,Fragilaria,Fragilaria.png,17016187472131046288
LOIR_Database,Fragilaria,Fragilaria%20intermedia_1592390306209325.png,13720662024481849403
LOIR_Database,Navicula,Navicula%20salva.png,16895699877036173613
LOIR_Database,Navicula,Navicula%20sp%20A.png,13538048185939196929
LOIR_Database,Navicula,Navicula%20X.png,18319378590187889008
LOIR_Database,Navicula,Navicula%20peregrinopsis.png,12616704912824394225
LOIR_Database,Navicula,Navicula%20cincta_1592391599519971.png,13779537688417456261
LOIR_Database,Navicula,Navicula%20M.png,18319660046914347488
LOIR_Database,Navicula,Navicula%20flagellifera_1592391485089224.png,11048091493358538540
LOIR_Database,Navicula,Navicula%20cincta.png,18071431487129772044
LOIR_Database,Navicula,Navicula%20phyllepta.png,13413624977516056816
LOIR_Database,Navicula,Navicula%2021.png,13775315886674785588
LOIR_Database,Navicula,Navicula%20sp.%201.png,13533532587394379791
LOIR_Database,Navicula,Navicula%20limata%2027.png,13531562292148712643
LOIR_Database,Navicula,Navicula%20trivialis.png,16903586529153823571
LOIR_Database,Navicula,Navicula%20B.png,16976189506929734489
LOIR_Database,Navicula,Navicula%20E.png,16950023860090713193
LOIR_Database,Navicula,Navicula%2032.png,13776441785508116788
LOIR_Database,Navicula,Navicula%20bipustulata_1592390844260739.png,12351907162243972228
LOIR_Database,Navicula,Navicula%20sp_1592391553551416.png,16950314763780133568
LOIR_Database,Navicula,Navicula%20salinicola.png,13433047553986520116
LOIR_Database,Navicula,Navicula%20nyassensis.png,16946645731662292321
LOIR_Database,Navicula,Navicula%20glabriuscula%20%20.png,12626634029599241592
LOIR_Database,Navicula,Navicula%20gracilis_1592391392394012.png,12353426072669511740
LOIR_Database,Navicula,Navicula%2026.png,17256334192046433573
LOIR_Database,Navicula,Navicula%20sp.%2031.png,13776441716536993900
LOIR_Database,Navicula,Navicula%2036.png,16972259477562700958
LOIR_Database,Navicula,Navicula%20scandinavica_1592391671499771.png,16918483519944167859
LOIR_Database,Navicula,Navicula%20flagellifera.png,13498348614731416716
LOIR_Database,Navicula,Navicula%20graciloides.png,17167600560158778736
LOIR_Database,Navicula,Navicula%20P.png,13790796721849286797
LOIR_Database,Navicula,Navicula%20palpebralis_1592391831195346.png,16961282549916775725
LOIR_Database,Navicula,Navicula%20besarensis_1592390935675273.png,12625725842896249284
LOIR_Database,Navicula,Navicula%20peregrina_1592391578029752.png,13411028946293796307
LOIR_Database,Navicula,Navicula%20integra.png,13489341690081948872
LOIR_Database,Navicula,Navicula%20palpebralis_1592391070258518.png,16891178683146594665
LOIR_Database,Navicula,Navicula%20digitoradiata.png,12291953278964115929
LOIR_Database,Navicula,Navicula%20arenaria_1592391068783141.png,18033199173438252460
LOIR_Database,Navicula,Navicula%20sp.3.png,18042129929953011109
LOIR_Database,Navicula,Navicula%20sp.%2024.png,16964660404781015404
LOIR_Database,Navicula,Navicula%20crucicula.png,16918504501606606349
LOIR_Database,Navicula,Navicula%20pusilla_1592390278603357.png,16792116196295785884
LOIR_Database,Navicula,Navicula%20salinarum%20%20(2).png,13495815518329573314
LOIR_Database,Navicula,Navicula%20agnita_1592391031768694.png,16903586434698619348
LOIR_Database,Navicula,Navicula%20capitoradiata.png,16949179311128421730
LOIR_Database,Navicula,Navicula%20digitoradiata_1592390660378978.png,18402975373024993396
LOIR_Database,Navicula,Navicula%20rhynchocephala_1592391839778105.png,14710414799181311173
LOIR_Database,Navicula,Navicula%20digitoradiata_1592390869208449.png,13408851921861127506
LOIR_Database,Navicula,Navicula%20sp.%20(duerrenbergiana%20int).png,17179203544367475873
LOIR_Database,Navicula,Navicula%20lanceolata.png,17234009757160808688
LOIR_Database,Navicula,Navicula%20directa_1592391032158083.png,13817217589644687619
LOIR_Database,Navicula,Navicula%20p%202.png,13720710624885969213
LOIR_Database,Navicula,Navicula%20F_1592391479228511.png,17237686744369761336
LOIR_Database,Navicula,Navicula%20diversistriata_159239099237189.png,16773594382775130673
LOIR_Database,Navicula,Navicula%2027.png,13502581238246389158
LOIR_Database,Navicula,Navicula%20pseudohalophila%20.png,17162814184267624625
LOIR_Database,Navicula,Navicula%20lanceolata_1592390276013799.png,16903639314571371609
LOIR_Database,Navicula,Navicula%20agnita.png,16951723478945360909
LOIR_Database,Navicula,Navicula.png,17252428794760960553
LOIR_Database,Navicula,Navicula%20longa.png,16880228285144738219
LOIR_Database,Navicula,Navicula%20palpebralis%20angulosa.png,13795300287115354273
LOIR_Database,Navicula,Navicula%20crucifera.png,17908147720785600986
LOIR_Database,Navicula,Navicula%20sp.%20f.png,18064080262336192986
LOIR_Database,Navicula,Navicula%20hamiltonii_1592391817713249.png,16891759296617537829
LOIR_Database,Navicula,Navicula%20phyllepta_1592391747525023.png,16529787959951086230
LOIR_Database,Navicula,Navicula%20subrhynchocephala.png,16950850543301789122
LOIR_Database,Navicula,Navicula%20cancelllata.png,11232228810883063834
LOIR_Database,Navicula,Navicula%20normaloides_1592391468086484.png,13702977916100391408
LOIR_Database,Navicula,Navicula%20phylleptosoma.png,16445337986822204475
LOIR_Database,Navicula,Navicula%20gracilis.png,17162815554343309808
LOIR_Database,Navicula,Navicula%2034.png,13276268384251536688
LOIR_Database,Navicula,Navicula%20salinarum_1592391840770049.png,12494903538170654881
LOIR_Database,Navicula,Navicula%20microdigitoradiata_1592390829561937.png,13749636751053279623
LOIR_Database,Navicula,Navicula%20radiosa_1592390279262163.png,16882476107803961767
LOIR_Database,Navicula,Navicula%20kefvingensis_1592391838572262.png,14712631964369808477
LOIR_Database,Navicula,Navicula%20cancellata_1592391675342892.png,12336936963340936017
LOIR_Database,Navicula,Navicula%20hungarica.png,12621004602593948069
LOIR_Database,Navicula,Navicula%20palpebralis_1592391759351931.png,13417805223578363571
LOIR_Database,Navicula,Navicula%20oblonga.png,12256416976946129148
LOIR_Database,Navicula,Navicula%20R.png,18044399325509464365
LOIR_Database,Navicula,Navicula%20microdigitoradiata_1592391818026045.png,13708606247672988128
LOIR_Database,Navicula,Navicula%20pennata.png,13443743422786945354
LOIR_Database,Navicula,Navicula%20diversistriata_1592391670755744.png,12195067059114328935
LOIR_Database,Navicula,Navicula%20palpebralis_1592390959852361.png,12291953828451496793
LOIR_Database,Navicula,Navicula%20gregaria.png,16925817235956864411
LOIR_Database,Navicula,Navicula%20besarensis.png,12379147038086032809
LOIR_Database,Navicula,Navicula%20H.png,17167600560225886520
LOIR_Database,Navicula,Navicula%20cancellata.png,16902273558198924610
LOIR_Database,Navicula,Navicula%20mannii.png,13601309840201180748
LOIR_Database,Navicula,Navicula%20palpebralis_1592391468556032.png,13485959651975049670
LOIR_Database,Navicula,Navicula%20sp_1592391600913056.png,18319096844635504805
LOIR_Database,Navicula,Navicula_1592390531577308.png,13116673341135857482
LOIR_Database,Navicula,Navicula%20northumbrica.png,16953970889300244803
LOIR_Database,Navicula,Navicula%20pusilla.png,17165067322756852072
LOIR_Database,Navicula,Navicula%20pseudopalpebralis.png,16889226055382609191
LOIR_Database,Navicula,Navicula%20rhynchocephala%20elongata.png,17239948916956325005
LOIR_Database,Navicula,Navicula%20quadriseriata.png,16817452131056366907
LOIR_Database,Navicula,Navicula%20sp.%209.png,17238531154798154944
LOIR_Database,Navicula,Navicula%20sp.%20g%20(2).png,13491593438625236192
LOIR_Database,Navicula,Navicula%20crucicula_1592391331073544.png,13447693930779816776
LOIR_Database,Navicula,Navicula%20ramosissima.png,13417783280685594738
LOIR_Database,Navicula,Navicula%20normaloides.png,13489845264096307481
LOIR_Database,Navicula,Navicula%20lusoria_15923910696106.png,13562805538319687728
LOIR_Database,Navicula,Navicula%20bipustulata.png,12601241867683488526
LOIR_Database,Navicula,Navicula%20kefvingensis.png,12626915521285828832
LOIR_Database,Navicula,Navicula%20sp_1592391552967295.png,13447067247628835365
LOIR_Database,Navicula,Navicula%20lusoria.png,16925518180403734983
LOIR_Database,Navicula,Navicula%20palpebralis%20%20angulosa.png,16915403378537753620
LOIR_Database,Navicula,Navicula%20gastrum.png,13444869150820131282
LOIR_Database,Navicula,Navicula%20johanrossii.png,15912048909899172642
LOIR_Database,Navicula,Navicula%20johanrossii%20int.png,16821755007866825858
LOIR_Database,Navicula,Navicula%20sp.png,18107459733319180550
LOIR_Database,Navicula,Navicula%20luxoriosa.png,18116504173823169689
LOIR_Database,Navicula,Navicula%20A.png,16257034143481141349
LOIR_Database,Navicula,Navicula%20rhynchocephala.png,13411031686770108121
LOIR_Database,Navicula,Navicula%20radiosa_1592391392800282.png,16917073924064665882
LOIR_Database,Navicula,Navicula%20palpebralis%20(2).png,13778412041914015936
LOIR_Database,Navicula,Navicula%20bipustulata_1592391465174196.png,16889226000354747824
LOIR_Database,Navicula,Navicula%20sp.%20N.png,16916253233873004963
LOIR_Database,Navicula,Navicula%20digitoradiata_1592391816894324.png,16912593633970137424
LOIR_Database,Navicula,Navicula%20vandamii%20int.png,16893166887658295701
LOIR_Database,Navicula,Navicula%20I.png,16964941669305386468
LOIR_Database,Navicula,Navicula%20cincta_1592390659664198.png,18031715690827555120
LOIR_Database,Navicula,Navicula%20arenaria_1592390765924333.png,16882477353327240748
LOIR_Database,Navicula,Navicula%20diversistriata.png,16984723760970761672
LOIR_Database,Navicula,Navicula%20N.png,16882480497235455276
LOIR_Database,Navicula,Navicula%20palpebralis_1592391818570272.png,13826207110699410956
LOIR_Database,Navicula,Navicula%20L.png,17163079436345509072
LOIR_Database,Navicula,Navicula%20cancellata_1592390837474812.png,18026367524536332091
LOIR_Database,Navicula,Navicula%20directa_1592390767422331.png,16876564820818830163
LOIR_Database,Navicula,Navicula%20longa_1592390936358421.png,13529550163413033486
LOIR_Database,Navicula,Navicula%20arenaria_1592391463922102.png,12255872148583917267
LOIR_Database,Navicula,Navicula_1592390513378196.png,14689976116944044954
LOIR_Database,Navicula,Navicula%20palpebralis_1592390767827216.png,16882475705057666604
LOIR_Database,Navicula,Navicula%20sp_1592390933255866.png,17180829681735066977
LOIR_Database,Navicula,Navicula%20cancellata_1592391670120341.png,16879374587075781255
LOIR_Database,Navicula,Navicula%20halophila%20.png,13410525572383448715
LOIR_Database,Navicula,Navicula%20sp..png,13776441785508116788
LOIR_Database,Navicula,Navicula%20palpebralis.png,12337282151594536252
LOIR_Database,Navicula,Navicula%20slevicensis.png,16915384417183735766
LOIR_Database,Navicula,Navicula%20hamiltonii_1592391466787746.png,12568017781117399460
LOIR_Database,Navicula,Navicula%20scandinavica.png,13792204143442356336
LOIR_Database,Navicula,Navicula%20J.png,17199361461769439200
LOIR_Database,Navicula,Navicula%20flagellifera_1592390787382181.png,12546900355751928153
LOIR_Database,Navicula,Navicula%20sp_1592391841322729.png,18320222997941486048
LOIR_Database,Navicula,Navicula%20zostereti_1592391469771351.png,16903639314504262489
LOIR_Database,Navicula,Navicula%20pennata_1592391675995631.png,13745161129377131533
LOIR_Database,Navicula,Navicula%20G.png,16845647579031049788
LOIR_Database,Navicula,Navicula%20arenaria_1592391674694759.png,13754216578546121765
LOIR_Database,Navicula,Navicula%20hamiltonii.png,12626634033357272377
LOIR_Database,Navicula,Navicula%20salinarum.png,13745142454862210573
LOIR_Database,Navicula,Navicula%20microdigitoradiata.png,13817254897220894751
LOIR_Database,Navicula,Navicula%20besarensis_1592391464550364.png,13444024895025932438
LOIR_Database,Navicula,Navicula%20perminuta.png,16891765890375556192
LOIR_Database,Navicula,Navicula%20radiosa.png,12673287237407341569
LOIR_Database,Navicula,Navicula%20cancellata_1592390766727955.png,18065515112773493331
LOIR_Database,Navicula,Navicula%20viridula.png,17159701479984701924
LOIR_Database,Navicula,Navicula%20O.png,17191869690655845714
LOIR_Database,Navicula,Navicula%20salinicola_1592391469107316.png,16901891961723499888
LOIR_Database,Navicula,Navicula%20kefvingensis_1592391746191505.png,16912646358940431193
LOIR_Database,Navicula,Navicula%20K.png,12385110286931995632
LOIR_Database,Navicula,Navicula%20longa_1592391357792998.png,13408846415729835102
LOIR_Database,Navicula,Navicula%20zostereti_1592390769215041.png,12616706012529337811
LOIR_Database,Navicula,Navicula%20palpebralis_1592390664179694.png,12255871627833827569
LOIR_Database,Navicula,Navicula%2030.png,17180829613553279201
LOIR_Database,Navicula,Navicula%20peregrina.png,12673352667977219077
LOIR_Database,Navicula,Navicula%20directa.png,12544648418526554580
LOIR_Database,Navicula,Navicula%2035.png,16964642605119727721
LOIR_Database,Navicula,Navicula%20mollis%20vivantes.png,17831469745617333416
LOIR_Database,Navicula,Navicula%20globulifera.png,17275982652149456909
LOIR_Database,Navicula,Navicula%20spuria_159239096021982.png,12594487000843544835
LOIR_Database,Navicula,Navicula%20agnita_1592391816293684.png,13408846416017144920
LOIR_Database,Navicula,Navicula%20spuria.png,12327911724385090654
LOIR_Database,Navicula,Navicula%20transistantioides%20a.png,16007436685592873297
LOIR_Database,Navicula,Navicula%20phylleptosoma%20.png,17250071468318156135
LOIR_Database,Navicula,Navicula%20zostereti.png,12616706149708246099
LOIR_Database,Navicula,Navicula%20gregaria%20(2).png,16915684575338252912
LOIR_Database,Navicula,Navicula%20directa_1592391465998937.png,13745771384083968390
LOIR_Database,Navicula,Navicula_1592390958518833.png,12595049950771799340
LOIR_Database,Navicula,Navicula%20slesvicensis.png,18028333489982907506
LOIR_Database,Navicula,Navicula%20directa_1592391577507626.png,18035449840485776545
LOIR_Database,Navicula,Navicula%20salinarum%20.png,18021036160343350023
LOIR_Database,Navicula,Navicula%20sp.%20b.png,16911179670046645994
LOIR_Database,Navicula,Navicula%20bottnica.png,12646618452103127134
LOIR_Database,Navicula,Navicula%20sp.%20a.png,17055624776360366790
LOIR_Database,Navicula,Navicula%20mollis.png,18332607690761208245
LOIR_Database,Navicula,Navicula%20palpebralis_1592391700244281.png,16903569942259476177
LOIR_Database,Navicula,Navicula%20arenaria%20arenaria.png,16918493382264989097
LOIR_Database,Navicula,Navicula%20bottnica_1592391576289093.png,18142925030618428166
LOIR_Database,Navicula,Navicula%20sp%203.png,14782472427578712093
LOIR_Database,Navicula,Navicula%20sp.%202.png,16964642605119727721
LOIR_Database,Navicula,Navicula%20radiosa%20tenella.png,17488766306114490276
LOIR_Database,Navicula,Navicula%20uniseriata.png,16888645471099871669
LOIR_Database,Navicula,Navicula%20digitoradiata_1592390829038718.png,12300614862761512933
LOIR_Database,Navicula,Navicula%20radiosa%20tenella%203.png,12185499124541134508
LOIR_Database,Navicula,Navicula%20trivialis_1592391393421516.png,12664618293107560289
LOIR_Database,Navicula,Navicula%20F.png,16963593695001945388
LOIR_Database,Navicula,Navicula%20bipustulata_1592390959197008.png,18357404565916983860
LOIR_Database,Navicula,Navicula%20bottnica_159239133065041.png,17179221102235594017
LOIR_Database,Navicula,Navicula%20trivialis_1592391841972914.png,9934579250395056931
LOIR_Database,Navicula,Navicula%20rhynchocephala_1592391332109549.png,13411032236525922001
LOIR_Database,Navicula,Navicula%20cryptocephala.png,18124037858615879002
LOIR_Database,Navicula,Navicula_1592390395013964.png,13411028405245225204
LOIR_Database,Navicula,Navicula%20arenaria.png,16876565386656659824
LOIR_Database,Brachysira,Brachysira%20serians.png,16963593712173526181
LOIR_Database,Brachysira,Brachysira%20serians_1592391589879342.png,13420376975327805665
LOIR_Database,Neidium,Neidium%20affine.png,12327912153922987603
LOIR_Database,Neidium,Neidium%20iridis.png,13457476625384727310
LOIR_Database,Neidium,Neidium%20dubium.png,13805151674402946196
LOIR_Database,Neidium,Neidium%20affine%20.png,13415046162169548689
LOIR_Database,Mastogloia,Mastogloia%20elegans.png,18146063706274706477
LOIR_Database,Mastogloia,Mastogloia%20mauritiana_1592391106763258.png,13274577350630544071
LOIR_Database,Mastogloia,Mastogloia%20sp.%2017%20crete.png,16951431076597703776
LOIR_Database,Mastogloia,Mastogloia%20sp.%202%20c.png,17187866063414254440
LOIR_Database,Mastogloia,Mastogloia%20citrus.png,12483081450172941966
LOIR_Database,Mastogloia,Mastogloia%20sp.%20W.png,17036485384102922870
LOIR_Database,Mastogloia,Mastogloia%20pisciculus.png,17188429372177868858
LOIR_Database,Mastogloia,Mastogloia_1592390958156114.png,12544103594173178841
LOIR_Database,Mastogloia,Mastogloia%20N.png,13589824303653619564
LOIR_Database,Mastogloia,Mastogloia%20erythraea%201b_1592391198359041.png,16890914880729213544
LOIR_Database,Mastogloia,Mastogloia%20sp.15.png,17060909239668447800
LOIR_Database,Mastogloia,Mastogloia%20sp_1592391270733653.png,16539130331628488813
LOIR_Database,Mastogloia,Mastogloia%20sp.%20G.png,16846137303785971256
LOIR_Database,Mastogloia,Mastogloia%20sp.%2012%20a.png,13008317431859072109
LOIR_Database,Mastogloia,Mastogloia%20sp_1592391291717795.png,15586084072765764379
LOIR_Database,Mastogloia,Mastogloia%20subaspera.png,17210195959101757888
LOIR_Database,Mastogloia,Mastogloia%20acutiuscula_1592391189882107.png,13579975496933580316
LOIR_Database,Mastogloia,Mastogloia%20sp.%20P.png,16946365351635887585
LOIR_Database,Mastogloia,Mastogloia%20undulata%201.png,13314546482956584504
LOIR_Database,Mastogloia,Mastogloia%20subaffirmata%201.png,18346136168315865754
LOIR_Database,Mastogloia,Mastogloia%20rostellata_1592391282232113.png,17035309344707720764
LOIR_Database,Mastogloia,Mastogloia%20sp.%20P%20b.png,13584759978043035341
LOIR_Database,Mastogloia,Mastogloia%20jelinecki.png,13420049327482249676
LOIR_Database,Mastogloia,Mastogloia%20meisteri.png,16988307546046701875
LOIR_Database,Mastogloia,Mastogloia%20sp.%20R.png,16886693111570653641
LOIR_Database,Mastogloia,Mastogloia%20subaffirmata.png,13590952606466585682
LOIR_Database,Mastogloia,Mastogloia%20foliolum_1592391461552197.png,18028618377846483384
LOIR_Database,Mastogloia,Mastogloia%20borneensis%202.png,17059797280924097112
LOIR_Database,Mastogloia,Mastogloia%20labuensis_1592391211671966.png,13601926671095744406
LOIR_Database,Mastogloia,Mastogloia%20peragalli_1592390723821458.png,17250920263504660891
LOIR_Database,Mastogloia,Mastogloia%20jelinecki_1592391193992135.png,17047118288655096333
LOIR_Database,Mastogloia,Mastogloia%20regula.png,13777848591887732525
LOIR_Database,Mastogloia,Mastogloia%20pusilla_1592391269501704.png,14900706610161815661
LOIR_Database,Mastogloia,Mastogloia%20sp.%20a.png,18030871259991728492
LOIR_Database,Mastogloia,Mastogloia%20erythraea%203a.png,16920187694195698416
LOIR_Database,Mastogloia,Mastogloia%20ovulum%20(2).png,17980274494327801545
LOIR_Database,Mastogloia,Mastogloia%20gracilis.png,16819967389730051692
LOIR_Database,Mastogloia,Mastogloia%20mauritiana.png,16883596092352391208
LOIR_Database,Mastogloia,Mastogloia%20apiculata_1592390711620633.png,13274860826991575865
LOIR_Database,Mastogloia,Mastogloia%20linearis_1592391220025409.png,13284429748067470995
LOIR_Database,Mastogloia,Mastogloia%20urveae_1592390726531055.png,14538676492330898974
LOIR_Database,Mastogloia,Mastogloia%20acutiuscula.png,13532406704197480473
LOIR_Database,Mastogloia,Mastogloia%20sp.%20X.png,13271198168337778492
LOIR_Database,Mastogloia,Mastogloia%20decussata_1592391247803902.png,16869218913776361188
LOIR_Database,Mastogloia,Mastogloia%20sp3.png,16798010726593041977
LOIR_Database,Mastogloia,Mastogloia%20peragalli.png,17271744731152226928
LOIR_Database,Mastogloia,Mastogloia%20asperuloides_159239172911475.png,18188284648900248398
LOIR_Database,Mastogloia,Mastogloia%20adriatica%201.png,16845315526506747441
LOIR_Database,Mastogloia,Mastogloia%20rostellata.png,12529230634454346124
LOIR_Database,Mastogloia,Mastogloia%203.png,16798010726660146745
LOIR_Database,Mastogloia,Mastogloia%20Q.png,17060358032887432902
LOIR_Database,Mastogloia,Mastogloia%20angulata_1592391275987633.png,17108494256795521926
LOIR_Database,Mastogloia,Mastogloia%20ovalis_1592391734907624.png,13502038608106147481
LOIR_Database,Mastogloia,Mastogloia%20apiculata_1592391455301944.png,14698254177330373962
LOIR_Database,Mastogloia,Mastogloia%20erythraea%20b_1592391164969643.png,16998225597155607340
LOIR_Database,Mastogloia,Mastogloia%20sp.%207.png,13589492856701636239
LOIR_Database,Mastogloia,Mastogloia%20exilis_1592391149831359.png,16732778489263070862
LOIR_Database,Mastogloia,Mastogloia%20spF.png,13770812216736954586
LOIR_Database,Mastogloia,Mastogloia%20sp.%20M.png,13560551571804624444
LOIR_Database,Mastogloia,Mastogloia%20acutiuscula_1592391252872521.png,13803744546449447478
LOIR_Database,Mastogloia,Mastogloia%20gibbosa.png,13491822968297364078
LOIR_Database,Mastogloia,Mastogloia%20biocellata_1592391782847191.png,13826273073080808612
LOIR_Database,Mastogloia,Mastogloia%20crucicula_1592390714378734.png,17191050238360198881
LOIR_Database,Mastogloia,Mastogloia%20acutiuscula%20var.%20elliptica.png,17211509987168071950
LOIR_Database,Mastogloia,Mastogloia%20fimbriata.png,13516626683566018342
LOIR_Database,Mastogloia,Mastogloia%20foliolum%201.png,13563928644526576583
LOIR_Database,Mastogloia,Mastogloia%20sp.%2020%20a.png,13561682990966950857
LOIR_Database,Mastogloia,Mastogloia%20sp.%20N.png,13316515811379954489
LOIR_Database,Mastogloia,Mastogloia%20sp.%20P%20%20a.png,16819123364988097078
LOIR_Database,Mastogloia,Mastogloia%20sp.%209%20Dal.png,17043475637131319913
LOIR_Database,Mastogloia,Mastogloia%20peragalli_1592391735321672.png,17235716483889076848
LOIR_Database,Mastogloia,Mastogloia%20similis-paradoxa%2039.png,14916908763049672432
LOIR_Database,Mastogloia,Mastogloia%20sp%20D%201.png,16493468897933740397
LOIR_Database,Mastogloia,Mastogloia%20labuensis_1592390652748366.png,17019878614671529923
LOIR_Database,Mastogloia,Mastogloia%20emarginata_1592391248685415.png,13577438330942116810
LOIR_Database,Mastogloia,Mastogloia%20erythraea_1592391363791132.png,17165910619645142512
LOIR_Database,Mastogloia,Mastogloia%20erythraea%203c.png,12334748956405541785
LOIR_Database,Mastogloia,Mastogloia%20cuneata%20un.png,17179156222399461538
LOIR_Database,Mastogloia,Mastogloia%20sp.%20F%202.png,12674204797289137423
LOIR_Database,Mastogloia,Mastogloia%20constricta.png,13790249765021675910
LOIR_Database,Mastogloia,Mastogloia%20frickei_1592391771688326.png,16893054521501741266
LOIR_Database,Mastogloia,Mastogloia%20cf.%20cyclops%201.png,16733273286691509041
LOIR_Database,Mastogloia,Mastogloia%20asperuloides_1592391360861514.png,10253207148229346212
LOIR_Database,Mastogloia,Mastogloia%20erythraea%202e.png,12869541056862657672
LOIR_Database,Mastogloia,Mastogloia%20robusta%201.png,12598415474475191144
LOIR_Database,Mastogloia,Mastogloia%20sp.%205.png,13588630886860529212
LOIR_Database,Mastogloia,Mastogloia%20biocellata_1592391456906572.png,13326312167659520542
LOIR_Database,Mastogloia,Mastogloia%20sp.%206.png,16887304213326876242
LOIR_Database,Mastogloia,Mastogloia%20sp.%20C.png,13453537741480641871
LOIR_Database,Mastogloia,Mastogloia%20affinis.png,17018700268164974230
LOIR_Database,Mastogloia,Mastogloia%20asperula_1592391253857387.png,11210556745475204140
LOIR_Database,Mastogloia,Mastogloia%20sp_1592391286563749.png,13708044409593815141
LOIR_Database,Mastogloia,Mastogloia%20borneensis_1592391283512612.png,9929282918072686095
LOIR_Database,Mastogloia,Mastogloia%20vivante.png,13381750076204001813
LOIR_Database,Mastogloia,Mastogloia%20sp%20N.png,13316515811379954489
LOIR_Database,Mastogloia,Mastogloia%2030.png,15593236078110796901
LOIR_Database,Mastogloia,Mastogloia%20fallax.png,13754139171148953737
LOIR_Database,Mastogloia,Mastogloia%20laterostrata%20int.png,18320504550822301224
LOIR_Database,Mastogloia,Mastogloia%20graciloides_1592391266013986.png,16825895067390713569
LOIR_Database,Mastogloia,Mastogloia%20emarginata_159239120958734.png,13603052562406754104
LOIR_Database,Mastogloia,Mastogloia%20erythraea%202a.png,18100179746045902415
LOIR_Database,Mastogloia,Mastogloia%20cyclops_1592391363038865.png,13502501543420767661
LOIR_Database,Mastogloia,Mastogloia%20sp.%20cf.%20horvathiana.png,16920192367109244463
LOIR_Database,Mastogloia,Mastogloia%20subaffirmata%201_1592391274270234.png,14473411419601015999
LOIR_Database,Mastogloia,Mastogloia%20spH.png,18036007428911503564
LOIR_Database,Mastogloia,Mastogloia%20exilis_1592391460475324.png,17264149400719290518
LOIR_Database,Mastogloia,Mastogloia%20subaffirmata%20M.png,13516362886631395213
LOIR_Database,Mastogloia,Mastogloia%20sp.%2015%20b.png,13705792612509359676
LOIR_Database,Mastogloia,Mastogloia%20biocellata%20a.png,13780381819165032349
LOIR_Database,Mastogloia,Mastogloia%20L.png,13529591997899268367
LOIR_Database,Mastogloia,Mastogloia%20erythraea%203e.png,12483082037307151971
LOIR_Database,Mastogloia,Mastogloia%20vasta_1592391744798217.png,13603053988403004216
LOIR_Database,Mastogloia,Mastogloia%20borneensis%203.png,16901658011544329964
LOIR_Database,Mastogloia,Mastogloia%20sp.%20E.png,13533814263418273220
LOIR_Database,Mastogloia,Mastogloia%20P.png,13288371625873805878
LOIR_Database,Mastogloia,Mastogloia%20pisciculus%202.png,13274860303070037702
LOIR_Database,Mastogloia,Mastogloia%20labuensis.png,13501445962226306281
LOIR_Database,Mastogloia,Mastogloia%20horvathiana_1592391304896366.png,13372260677972428773
LOIR_Database,Mastogloia,Mastogloia%20impressa.png,13447127129651557145
LOIR_Database,Mastogloia,Mastogloia%20fallax%201.png,16831805006787942020
LOIR_Database,Mastogloia,Mastogloia%20grunowii_1592391266713518.png,13777567219463277083
LOIR_Database,Mastogloia,Mastogloia%20corsicana_159239173188549.png,15861291829649449852
LOIR_Database,Mastogloia,Mastogloia%20sp.%20cf.%20barbadensis.png,13280202065565042533
LOIR_Database,Mastogloia,Mastogloia%20ovalis_1592391158271655.png,13419255608981794188
LOIR_Database,Mastogloia,Mastogloia%20foliolum.png,14492272342740473765
LOIR_Database,Mastogloia,Mastogloia%20similis_159239144798054.png,16891191953893658234
LOIR_Database,Mastogloia,Mastogloia%20sp.%202%20b.png,12674471630984334889
LOIR_Database,Mastogloia,Mastogloia%20robusta%202.png,17249210338470518565
LOIR_Database,Mastogloia,Mastogloia%20biocellata_1592391245788283.png,13601876020612745110
LOIR_Database,Mastogloia,Mastogloia%20ovalis_1592391442637988.png,13359865141828216117
LOIR_Database,Mastogloia,Mastogloia%20graciloides%201.png,13368517815833315193
LOIR_Database,Mastogloia,Mastogloia%20smithii_1592391738166349.png,13532406704197480473
LOIR_Database,Mastogloia,Mastogloia%20sp.%2015%20corf.png,11067528329927898755
LOIR_Database,Mastogloia,Mastogloia%20sp.%20C%20Corf.png,9940225099120965224
LOIR_Database,Mastogloia,Mastogloia%20erythraea%201.png,13603056234670360380
LOIR_Database,Mastogloia,Mastogloia%20ovum%20paschale_1592391365888259.png,13518905447230457422
LOIR_Database,Mastogloia,Mastogloia%20ovata_1592391443398188.png,13724940371318002561
LOIR_Database,Mastogloia,Mastogloia%20foliolum%202.png,13313701800062785084
LOIR_Database,Mastogloia,Mastogloia%20ignorata_159239144083751.png,13301318177753045891
LOIR_Database,Mastogloia,Mastogloia%20cyclops.png,13349957350869785321
LOIR_Database,Mastogloia,Mastogloia%20subacuta.png,17193849893193326226
LOIR_Database,Mastogloia,Mastogloia%20splendida_1592391744101557.png,18091703427260649035
LOIR_Database,Mastogloia,Mastogloia%20acutiuscula%201.png,18054510057948749432
LOIR_Database,Mastogloia,Mastogloia%20biocellata%20c.png,13816428766718603053
LOIR_Database,Mastogloia,Mastogloia%20sp.%20C%20dal.png,13492720441781870960
LOIR_Database,Mastogloia,Mastogloia%20sp_1592391234508379.png,13721501146154094442
LOIR_Database,Mastogloia,Mastogloia%20erythraea%20b.png,11993817564917504456
LOIR_Database,Mastogloia,Mastogloia%20pumila.png,16805343391920080531
LOIR_Database,Mastogloia,Mastogloia%20grunowii.png,13314548395041461955
LOIR_Database,Mastogloia,Mastogloia%20sp.%20L.png,13529029047945847183
LOIR_Database,Mastogloia,Mastogloia%20smithii_1592391330234952.png,17183912657242776884
LOIR_Database,Mastogloia,Mastogloia%20citrus_1592391277267545.png,13608406458184799020
LOIR_Database,Mastogloia,Mastogloia%20borneensis_1592391192409119.png,13023446725814737932
LOIR_Database,Mastogloia,Mastogloia%20asperula.png,13552106901865731731
LOIR_Database,Mastogloia,Mastogloia%20subaspera%201.png,16751852592532002665
LOIR_Database,Mastogloia,Mastogloia%20decussata_1592391257611945.png,12912885338793610702
LOIR_Database,Mastogloia,Mastogloia%20fimbriata_1592391734519143.png,12363705178961268518
LOIR_Database,Mastogloia,Mastogloia%20fallax%202.png,16878794040795424858
LOIR_Database,Mastogloia,Mastogloia%20pisciculus_1592391445497556.png,13368590769351791299
LOIR_Database,Mastogloia,Mastogloia%20ignorata_1592390719493633.png,16844468920528967224
LOIR_Database,Mastogloia,Mastogloia%20N_1592390707471854.png,17061769779225350712
LOIR_Database,Mastogloia,Mastogloia%20sp.%2019%20c.png,13531562156615339837
LOIR_Database,Mastogloia,Mastogloia%20tenera%20(2).png,12264878809907521235
LOIR_Database,Mastogloia,Mastogloia%20seychellensis%202.png,13769704015332183823
LOIR_Database,Mastogloia,Mastogloia%20decipiens.png,18055640159016204439
LOIR_Database,Mastogloia,Mastogloia%20sp.%20cf.%20tenera.png,13269793159877578651
LOIR_Database,Mastogloia,Mastogloia%20acutiuscula%202.png,16892018773768572626
LOIR_Database,Mastogloia,Mastogloia%20crucicula_1592391732559294.png,17281037902399409098
LOIR_Database,Mastogloia,Mastogloia%20corsicana_1592390713917352.png,16827302506406712124
LOIR_Database,Mastogloia,Mastogloia%20erythraea%201b.png,17251466261990645488
LOIR_Database,Mastogloia,Mastogloia%20ignorata%201.png,13602771189709575993
LOIR_Database,Mastogloia,Mastogloia%20pseudoparadoxa.png,13506511357259488206
LOIR_Database,Mastogloia,Mastogloia%20pseudoparadoxa_1592391213584763.png,17179421792652368794
LOIR_Database,Mastogloia,Mastogloia%20cyclops%202.png,16892603703562809660
LOIR_Database,Mastogloia,Mastogloia%20E.png,13533814263418273220
LOIR_Database,Mastogloia,Mastogloia%20ovum%20paschale_1592390875327039.png,13707211846098913039
LOIR_Database,Mastogloia,Mastogloia%20sp.%20H.png,11206563602910602571
LOIR_Database,Mastogloia,Mastogloia%20corsicana_1592391278262867.png,17998503138419053112
LOIR_Database,Mastogloia,Mastogloia%20sp%20C.png,16805330703780124353
LOIR_Database,Mastogloia,Mastogloia%20macdonaldii_1592391281036093.png,13359866295772287544
LOIR_Database,Mastogloia,Mastogloia%20erythraea%202_1592391262551455.png,14670454070888372047
LOIR_Database,Mastogloia,Mastogloia%20urveae%202.png,13519736677990963854
LOIR_Database,Mastogloia,Mastogloia%20biocellata_1592390712905093.png,13725777062530867308
LOIR_Database,Mastogloia,Mastogloia%20decipiens_1592391209098988.png,12699240294909189766
LOIR_Database,Mastogloia,Mastogloia%20tenera.png,17211773933000744973
LOIR_Database,Mastogloia,Mastogloia%20ovalis_1592390653778281.png,13503129323640901273
LOIR_Database,Mastogloia,Mastogloia%20binotata.png,11173406425587418054
LOIR_Database,Mastogloia,Mastogloia%20sp.%20K.png,17914341179799805484
LOIR_Database,Mastogloia,Mastogloia%20varians.png,17073588259009631026
LOIR_Database,Mastogloia,Mastogloia%20asperuloides_1592390712041925.png,13301031209485440711
LOIR_Database,Mastogloia,Mastogloia%20peracuta.png,17047127870661236269
LOIR_Database,Mastogloia,Mastogloia%20emarginata_159239125980837.png,16851225380826039052
LOIR_Database,Mastogloia,Mastogloia%20H.png,13424598487414839500
LOIR_Database,Mastogloia,Mastogloia%20seychellensis.png,12284858293920078396
LOIR_Database,Mastogloia,Mastogloia%20pusilla_1592391736711714.png,13416721708521908547
LOIR_Database,Mastogloia,Mastogloia%20ovata_1592391150788757.png,13273165388722128838
LOIR_Database,Mastogloia,Mastogloia%20laterostrata_1592391106331834.png,13343258408002307782
LOIR_Database,Mastogloia,Mastogloia%20sp.%2015%20Sard.png,18045507616788604197
LOIR_Database,Mastogloia,Mastogloia%20erythraea%202.png,17200813843639454395
LOIR_Database,Mastogloia,Mastogloia%20spun.png,16974230201809540462
LOIR_Database,Mastogloia,Mastogloia%20sp_1592391159807163.png,16906096156410388126
LOIR_Database,Mastogloia,Mastogloia%20sp_1592391656969896.png,13718186699003638661
LOIR_Database,Mastogloia,Mastogloia%20corsicana_1592391458283547.png,17233799889775597190
LOIR_Database,Mastogloia,Mastogloia%20apiculata_1592391360468941.png,17971210163419977363
LOIR_Database,Mastogloia,Mastogloia%20pisciculus_1592391213128271.png,13603053649100576664
LOIR_Database,Mastogloia,Mastogloia%20regula_1592391772473014.png,16904706926233073106
LOIR_Database,Mastogloia,Mastogloia%20erythraea%203d.png,13750272946337322951
LOIR_Database,Mastogloia,Mastogloia%20asperuloides_1592391208383235.png,13300190104560174820
LOIR_Database,Mastogloia,Mastogloia%20biocellata%20d.png,13746895440158967780
LOIR_Database,Mastogloia,Mastogloia%20exilis.png,17912158650294376024
LOIR_Database,Mastogloia,Mastogloia%20rhombica_1592391214134498.png,16806472705502516835
LOIR_Database,Mastogloia,Mastogloia%20decipiens%202.png,17974859609742546627
LOIR_Database,Mastogloia,Mastogloia%20subaffirmata%202_1592391274570313.png,17190487507579018722
LOIR_Database,Mastogloia,Mastogloia%20spendida.png,18046352269890079632
LOIR_Database,Mastogloia,Mastogloia%20sp_1592391286225342.png,17180812105941147693
LOIR_Database,Mastogloia,Mastogloia%20adriatica%201_1592391312418097.png,16806457209327425073
LOIR_Database,Mastogloia,Mastogloia%20citrus%20un.png,18180963460534604393
LOIR_Database,Mastogloia,Mastogloia%20pusilla_159239122618303.png,13531843705471029850
LOIR_Database,Mastogloia,Mastogloia%20pusilla%20subcapitata.png,13562803371618043591
LOIR_Database,Mastogloia,Mastogloia%20sp.%203%20b.png,16798010726593041977
LOIR_Database,Mastogloia,Mastogloia%20pusilla.png,13416440783301011779
LOIR_Database,Mastogloia,Mastogloia%20foliolum_1592391783869532.png,13563933200346485447
LOIR_Database,Mastogloia,Mastogloia%20punctifera%202.png,17108545593775656525
LOIR_Database,Mastogloia,Mastogloia%20erythraea%20biocellata.png,16903586443272168657
LOIR_Database,Mastogloia,Mastogloia%20tenuis.png,17179702699442715757
LOIR_Database,Mastogloia,Mastogloia%20angulata_1592391190733782.png,17969581932477062728
LOIR_Database,Mastogloia,Mastogloia%20acutiuscula%20elliptica.png,17958263117654247363
LOIR_Database,Mastogloia,Mastogloia%20pseudoparadoxa_1592390931601598.png,17179421242896554906
LOIR_Database,Mastogloia,Mastogloia%20ovum%20paschale_1592391444232657.png,13506234640845801110
LOIR_Database,Mastogloia,Mastogloia%20pisciculus_1592391367214116.png,16878231105874649464
LOIR_Database,Mastogloia,Mastogloia%20robusta.png,12423691698955731768
LOIR_Database,Mastogloia,Mastogloia%20apiculata_1592391243154838.png,17997447793027618436
LOIR_Database,Mastogloia,Mastogloia%20ovulum_1592391222074106.png,17996811304647316280
LOIR_Database,Mastogloia,Mastogloia%20similis_159239173734387.png,13779537962755319989
LOIR_Database,Mastogloia,Mastogloia%20corsicana_159239119299409.png,16903014289454717575
LOIR_Database,Mastogloia,Mastogloia%20exigua_1592390456456865.png,17184259695016648594
LOIR_Database,Mastogloia,Mastogloia%20spG.png,13313704566474977596
LOIR_Database,Mastogloia,Mastogloia%20sp.%20D%20Grec.png,14475396093759429389
LOIR_Database,Mastogloia,Mastogloia%20ovata.png,17171294864086978066
LOIR_Database,Mastogloia,Mastogloia%20erythraea%201_1592391261839118.png,17286698286129450460
LOIR_Database,Mastogloia,Mastogloia%20gracilis_159239110412792.png,13458938458196502982
LOIR_Database,Mastogloia,Mastogloia%20braunii.png,17018471291577275994
LOIR_Database,Mastogloia,Mastogloia%20pumila_159239157291806.png,16852962518204128120
LOIR_Database,Mastogloia,Mastogloia%20pumila%201.png,13699604552471580221
LOIR_Database,Mastogloia,Mastogloia%20crucicula_1592391182082783.png,12328591661771837664
LOIR_Database,Mastogloia,Mastogloia%20crucicula_1592391458930494.png,16733555237671889176
LOIR_Database,Mastogloia,Mastogloia%20sp.%20F%20b.png,12674204797289137423
LOIR_Database,Mastogloia,Mastogloia%20cyclops%201.png,16831877501281540645
LOIR_Database,Mastogloia,Mastogloia%20exilis_1592390931293559.png,16891196354718228773
LOIR_Database,Mastogloia,Mastogloia%20sp.%20Q.png,17060639507864143556
LOIR_Database,Mastogloia,Mastogloia%20exilis_1592391263492479.png,13605024764144485948
LOIR_Database,Mastogloia,Mastogloia%20urveae%201.png,17205599102585511484
LOIR_Database,Mastogloia,Mastogloia%20rimosa.png,16806457101953258059
LOIR_Database,Mastogloia,Mastogloia%20mauritana.png,13569293715733267248
LOIR_Database,Mastogloia,Mastogloia%20spB.png,12639590431073691192
LOIR_Database,Mastogloia,Mastogloia%20sp.png,16948053807842381510
LOIR_Database,Mastogloia,Mastogloia%20elliptica_159239125918687.png,13435011992482857958
LOIR_Database,Mastogloia,Mastogloia%20asperula_1592391276592898.png,13569280482948465528
LOIR_Database,Mastogloia,Mastogloia%20angulata_1592391162422499.png,17115530683737543219
LOIR_Database,Mastogloia,Mastogloia%20barbadensis.png,16918499523019721010
LOIR_Database,Mastogloia,Mastogloia%20M.png,13560551576099591708
LOIR_Database,Mastogloia,Mastogloia%20fimbriata_159239178861144.png,16036649888132798950
LOIR_Database,Mastogloia,Mastogloia%20punctifera%202_1592391225444278.png,16988023357574141123
LOIR_Database,Mastogloia,Mastogloia%20sp.%20S%20Crete.png,11329337158193594723
LOIR_Database,Mastogloia,Mastogloia%20erythraea_1592391733184227.png,17169905100850949260
LOIR_Database,Mastogloia,Mastogloia%20ignorata_159239126712239.png,14727601516524935943
LOIR_Database,Mastogloia,Mastogloia%20erythraea%201a.png,13308353845290809909
LOIR_Database,Mastogloia,Mastogloia%20laminaris.png,16830962012018017897
LOIR_Database,Mastogloia,Mastogloia%20borneensis_1592391361467566.png,13793330025896603685
LOIR_Database,Mastogloia,Mastogloia%20ignorata_1592391364822463.png,16773539811984982584
LOIR_Database,Mastogloia,Mastogloia%20gibbosa_1592391265296688.png,13745479976425742631
LOIR_Database,Mastogloia,Mastogloia%20urveae.png,18117630080741292846
LOIR_Database,Mastogloia,Mastogloia%20ovum%20paschale_1592391284694556.png,17061545633489131014
LOIR_Database,Mastogloia,Mastogloia%20ignorata.png,17251531727463147565
LOIR_Database,Mastogloia,Mastogloia%20angulata.png,12482502131807998918
LOIR_Database,Mastogloia,Mastogloia%20meisteri_1592391789014124.png,13390209621240547128
LOIR_Database,Mastogloia,Mastogloia%20erythraea_1592391103239062.png,13794174438730522929
LOIR_Database,Mastogloia,Mastogloia%20cocconeiformis_1592391147043826.png,13745769883848906301
LOIR_Database,Mastogloia,Mastogloia%20macdonaldii.png,12423127447358849848
LOIR_Database,Mastogloia,Mastogloia%20sp.%208.png,12569706613995136497
LOIR_Database,Mastogloia,Mastogloia%20ovum%20paschale_1592391223044762.png,13826275224063755068
LOIR_Database,Mastogloia,Mastogloia%20emarginata_1592391770923074.png,16916792398023875248
LOIR_Database,Mastogloia,Mastogloia%20ovata_1592391307283709.png,13271475705632966418
LOIR_Database,Mastogloia,Mastogloia%20cuneata_1592391279308451.png,12349092961165095910
LOIR_Database,Mastogloia,Mastogloia%20erythraea%203f.png,13636270814418080707
LOIR_Database,Mastogloia,Mastogloia%20angusta.png,17166474660319044080
LOIR_Database,Mastogloia,Mastogloia%20erythraea_1592391459670672.png,16915684158729853816
LOIR_Database,Mastogloia,Mastogloia%20adriatica%202.png,17026352724082656902
LOIR_Database,Mastogloia,Mastogloia%20apiculata_1592391099494016.png,17925390004655343236
LOIR_Database,Mastogloia,Mastogloia%20pseudoparadoxa_1592391789781407.png,13747450296979349653
LOIR_Database,Mastogloia,Mastogloia%20sp_1592391272016115.png,13393740229503783318
LOIR_Database,Mastogloia,Mastogloia%20sp%204%20b.png,13322706633840090057
LOIR_Database,Mastogloia,Mastogloia%20adriatica_1592391453111893.png,17934889769009055622
LOIR_Database,Mastogloia,Mastogloia%20sp.%209%20Corf.png,16901610491740838543
LOIR_Database,Mastogloia,Mastogloia%20decipiens_1592390714751332.png,13314541295662581603
LOIR_Database,Mastogloia,Mastogloia%20crucicula%20alternans.png,13289490902206092935
LOIR_Database,Mastogloia,Mastogloia%20R.png,16868678575622351305
LOIR_Database,Mastogloia,Mastogloia%20sp_1592391230094421.png,13275088425860058011
LOIR_Database,Mastogloia,Mastogloia%20cuneata.png,13533743969863343920
LOIR_Database,Mastogloia,Mastogloia%20sp8.png,13708044409593815156
LOIR_Database,Mastogloia,Mastogloia%20sp.%2012%20b.png,13721783450059885443
LOIR_Database,Mastogloia,Mastogloia%20sp.%20O.png,13002388859407331637
LOIR_Database,Mastogloia,Mastogloia%20Q_1592391727784547.png,15907419906822153701
LOIR_Database,Mastogloia,Mastogloia%20cf.%20rimosa.png,17998292011740862056
LOIR_Database,Mastogloia,Mastogloia%20sp.%202%20%20a.png,16820548511422750411
LOIR_Database,Mastogloia,Mastogloia%20sp.%20Z.png,12673623353468530283
LOIR_Database,Mastogloia,Mastogloia%20robusta_1592391185019628.png,17229230527392672824
LOIR_Database,Mastogloia,Mastogloia%20ciskeiensis.png,12628041406511782746
LOIR_Database,Mastogloia,Mastogloia%20sp.%2020%20b.png,13275702730779954796
LOIR_Database,Mastogloia,Mastogloia%20adriatica_1592391162049526.png,16877105228449407330
LOIR_Database,Mastogloia,Mastogloia%20pisciculus%201.png,17012003898699191913
LOIR_Database,Mastogloia,Mastogloia%20apiculata_1592391191325898.png,17118910689904794316
LOIR_Database,Mastogloia,Mastogloia%20elliptica%20.png,18078223414202242851
LOIR_Database,Mastogloia,Mastogloia%20erythraea_1592390538505376.png,15826991309276677183
LOIR_Database,Mastogloia,Mastogloia%20fimbriata_1592391251294982.png,13606149822504994770
LOIR_Database,Mastogloia,Mastogloia%20C.png,12593683309031983993
LOIR_Database,Mastogloia,Mastogloia%20sp.%204.png,13274012188700417582
LOIR_Database,Mastogloia,Mastogloia%20ovata_1592391365221104.png,13569280611792896829
LOIR_Database,Mastogloia,Mastogloia%20sp.%20D%201.png,13272607068644417068
LOIR_Database,Mastogloia,Mastogloia%20erythraea%202d.png,13601926649143508720
LOIR_Database,Mastogloia,Mastogloia%20similis.png,13779537945577547957
LOIR_Database,Mastogloia,Mastogloia%20ovalis_1592391306797578.png,17069136386853738222
LOIR_Database,Mastogloia,Mastogloia%20punctifera_1592391268797464.png,17190453218512836972
LOIR_Database,Mastogloia,Mastogloia%20graciloides_1592391462168978.png,13384847178448231068
LOIR_Database,Mastogloia,Mastogloia%20asperuloides%202.png,17971760030643373938
LOIR_Database,Mastogloia,Mastogloia%20ignorata_1592391211169952.png,13314829838886029084
LOIR_Database,Mastogloia,Mastogloia%208.png,13708044409593815156
LOIR_Database,Mastogloia,Mastogloia%20adriatica.png,16806455049714108009
LOIR_Database,Mastogloia,Mastogloia%20peragalli_1592391444928266.png,13602209306211358238
LOIR_Database,Mastogloia,Mastogloia%20vasta.png,13603053988403004216
LOIR_Database,Mastogloia,Mastogloia%20cocconeiformis_1592391362087708.png,11285994075515969641
LOIR_Database,Mastogloia,Mastogloia%20sp.%20D%202.png,16975076821904677433
LOIR_Database,Mastogloia,Mastogloia%20ovalis.png,15016320158132285778
LOIR_Database,Mastogloia,Mastogloia%20S.png,16782527228626245176
LOIR_Database,Mastogloia,Mastogloia%20sp.%20cf.%20kariana.png,13531558308324642621
LOIR_Database,Mastogloia,Mastogloia%20paradoxa.png,12551132938929277839
LOIR_Database,Mastogloia,Mastogloia%20erythraea%202b.png,12580128653983510308
LOIR_Database,Mastogloia,Mastogloia%20sp.%2017%20dal.png,13779208150634810169
LOIR_Database,Mastogloia,Mastogloia%20acutiuscula_1592390708767086.png,17069701996235425484
LOIR_Database,Mastogloia,Mastogloia%20pseudolacrimata.png,13568437290663712364
LOIR_Database,Mastogloia,Mastogloia%20grunowii_1592391462893126.png,18117845581460809061
LOIR_Database,Mastogloia,Mastogloia%20erythraea%20a.png,12665204284514419516
LOIR_Database,Mastogloia,Mastogloia%20biocellata%20f.png,13299909513605531444
LOIR_Database,Mastogloia,Mastogloia%20corsicana%201.png,12809660570389853633
LOIR_Database,Mastogloia,Mastogloia%20decipiens%2032.png,16742857742878089159
LOIR_Database,Mastogloia,Mastogloia%20sp.%209.png,18068868519891196536
LOIR_Database,Mastogloia,Mastogloia%20C_1592390703558278.png,13492437867830403568
LOIR_Database,Mastogloia,Mastogloia%20G.png,13313704566038762044
LOIR_Database,Mastogloia,Mastogloia%20cocconeiformis_1592391731187599.png,17175209065413187116
LOIR_Database,Mastogloia,Mastogloia%20sp.%2014.png,16816884213084429016
LOIR_Database,Mastogloia,Mastogloia%20ovalis%201.png,17878311099670169543
LOIR_Database,Mastogloia,Mastogloia%20pusilla_1592391446072256.png,18213615949404489513
LOIR_Database,Mastogloia,Mastogloia%20elliptica%202.png,13288300117947696975
LOIR_Database,Mastogloia,Mastogloia%20ovulum.png,17193037444491287842
LOIR_Database,Mastogloia,Mastogloia%20gilberti_1592391668625592.png,13302735425883235228
LOIR_Database,Mastogloia,Mastogloia%20ovalis%202.png,17111866720949946311
LOIR_Database,Mastogloia,Mastogloia%20subaffirmata%202.png,12566961727690840676
LOIR_Database,Mastogloia,Mastogloia%20erythraea%201c.png,16889226056638818914
LOIR_Database,Mastogloia,Mastogloia%20smithii_1592391228240319.png,13346915078524883811
LOIR_Database,Mastogloia,Mastogloia%20asperuloides%201.png,12207451644489418617
LOIR_Database,Mastogloia,Mastogloia%20peragalli_1592391366801774.png,12455146390163477036
LOIR_Database,Mastogloia,Mastogloia%20sp.%20C%20Sard.png,16988004673731119977
LOIR_Database,Mastogloia,Mastogloia%20sp%2014.png,17133824097090324320
LOIR_Database,Mastogloia,Mastogloia%20ovalis_159239072173506.png,17272589121789967714
LOIR_Database,Mastogloia,Mastogloia%20emarginata.png,16733570700422625676
LOIR_Database,Mastogloia,Mastogloia%20corsicana%20un.png,13660491054135952236
LOIR_Database,Mastogloia,Mastogloia%20erythraea%20C.png,18318820046334273840
LOIR_Database,Mastogloia,Mastogloia%20sp.%2019%20a.png,17191811635875568233
LOIR_Database,Mastogloia,Mastogloia%20subaffirmata%201_1592391310618115.png,17158382233864691936
LOIR_Database,Mastogloia,Mastogloia%20alternans.png,16818013943079265580
LOIR_Database,Mastogloia,Mastogloia%20vasta_1592391451590625.png,13490467712286442704
LOIR_Database,Mastogloia,Mastogloia%20angulata_1592391454947582.png,11453184950366937177
LOIR_Database,Mastogloia,Mastogloia%20pusilla%20linearis.png,12622697571546739813
LOIR_Database,Mastogloia,Mastogloia%20corsicana.png,15870316615755080568
LOIR_Database,Mastogloia,Mastogloia%20sp_159239127304793.png,16991179876213078004
LOIR_Database,Mastogloia,Mastogloia%20punctifera.png,12414616256699340438
LOIR_Database,Mastogloia,Mastogloia%20ovum%20paschale.png,13505406960919889556
LOIR_Database,Mastogloia,Mastogloia%20decipiens%201.png,16747925583926040275
LOIR_Database,Mastogloia,Mastogloia%20binotata_1592391456075452.png,17186740207448542362
LOIR_Database,Mastogloia,Mastogloia%20fimbriata_1592391264643875.png,18082134789128755910
LOIR_Database,Mastogloia,Mastogloia%20sp.%20C%20crete.png,11062481674898294487
LOIR_Database,Mastogloia,Mastogloia%20sp_159239118065339.png,17286082877789281836
LOIR_Database,Mastogloia,Mastogloia%20decussata.png,18055376378010427062
LOIR_Database,Mastogloia,Mastogloia%20linearis.png,16831859913658962456
LOIR_Database,Mastogloia,Mastogloia%20sp22.png,13572095791029362544
LOIR_Database,Mastogloia,Mastogloia%20staurophora.png,16999282192633125500
LOIR_Database,Mastogloia,Mastogloia.png,9451234137338171369
LOIR_Database,Mastogloia,Mastogloia%20biocellata.png,13410529903210357096
LOIR_Database,Mastogloia,Mastogloia%20cyclops_1592391256272895.png,13319894245278388792
LOIR_Database,Mastogloia,Mastogloia%20biocellata%20b.png,13708043304211922494
LOIR_Database,Mastogloia,Mastogloia%20elliptica.png,16615909226582468954
LOIR_Database,Mastogloia,Mastogloia%20erythraea%203.png,13584763277409686329
LOIR_Database,Mastogloia,Mastogloia%20laterostrata.png,17022922629848074012
LOIR_Database,Mastogloia,Mastogloia%20sp.%2015%20Gre.png,13276196733580856219
LOIR_Database,Mastogloia,Mastogloia%20vasta_1592390726910554.png,13561395961546917705
LOIR_Database,Mastogloia,Mastogloia%20frickei_1592391284043181.png,16963035134503793574
LOIR_Database,Mastogloia,Mastogloia%20sp.%20F.png,17172454762652679965
LOIR_Database,Mastogloia,Mastogloia%20cfjelinecki.png,16733552978451469851
LOIR_Database,Mastogloia,Mastogloia%20sp.%2015%20Min.png,14487962223707341763
LOIR_Database,Mastogloia,Mastogloia%20erythraea%203b.png,18118408489172499321
LOIR_Database,Mastogloia,Mastogloia%20sp%20T.png,17060709643941615224
LOIR_Database,Mastogloia,Mastogloia%20sp.%20pisciculus.png,16889488801263409882
LOIR_Database,Mastogloia,Mastogloia%20angusta_1592391253251849.png,13746887588927064996
LOIR_Database,Mastogloia,Mastogloia%20rhombica_1592391281868171.png,17887391488632653458
LOIR_Database,Mastogloia,Mastogloia%20erythraea_1592390649728263.png,17162815553825355828
LOIR_Database,Mastogloia,Mastogloia%20similis-paradoxa%2038.png,11434253868523963193
LOIR_Database,Mastogloia,Mastogloia%20sp.%20Y.png,16946646012287863595
LOIR_Database,Mastogloia,Mastogloia%20subaspera%202.png,16848139407334282853
LOIR_Database,Mastogloia,Mastogloia%20punctifera%201.png,12985731956564151942
LOIR_Database,Mastogloia,Mastogloia%20biocellata%20e.png,13721562190554190483
LOIR_Database,Mastogloia,Mastogloia%20fimbriata_1592391531164696.png,17178841900025026698
LOIR_Database,Mastogloia,Mastogloia%20ovum%20paschale_1592391532005098.png,13281895309183649582
LOIR_Database,Mastogloia,Mastogloia%20sp.%2021.png,13288935649629292504
LOIR_Database,Mastogloia,Mastogloia%20splendida.png,16938781922653802315
LOIR_Database,Mastogloia,Mastogloia%20peragalli_1592391107297172.png,17039797478162535348
LOIR_Database,Mastogloia,Mastogloia%20subaffirmata_159239145126197.png,12380065729633466677
LOIR_Database,Mastogloia,Mastogloia%20sp_1592391285816178.png,16773589984987354729
LOIR_Database,Mastogloia,Mastogloia%20sp_1592391298247043.png,12625226734797623241
LOIR_Database,Mastogloia,Mastogloia%20fimbriata_1592391210312985.png,13756746554027459343
LOIR_Database,Mastogloia,Mastogloia%20biocellata_1592391191686272.png,17179427050423732930
LOIR_Database,Mastogloia,Mastogloia%20corsicana_1592391254238929.png,17495597463565573872
LOIR_Database,Mastogloia,Mastogloia%20tenera_159239097990092.png,17203925624953218605
LOIR_Database,Mastogloia,Mastogloia%20sp_1592391230748258.png,16924967598459067245
LOIR_Database,Mastogloia,Mastogloia%20elliptica_1592391329074379.png,16975626552751339080
LOIR_Database,Mastogloia,Mastogloia%20ovum%20paschale_1592391308723519.png,17061545358619612678
LOIR_Database,Mastogloia,Mastogloia%20spE.png,13533814263418273220
LOIR_Database,Mastogloia,Mastogloia%20gibbosa_1592391183452694.png,12647960885293243104
LOIR_Database,Mastogloia,Mastogloia%20lata%20int.png,13314540702759765836
LOIR_Database,Mastogloia,Mastogloia%20subaffirmata_1592390640132386.png,17179985269623500077
LOIR_Database,Mastogloia,Mastogloia%20apiculata.png,17166474658993629304
LOIR_Database,Mastogloia,Mastogloia%20frickei.png,9878632908855621300
LOIR_Database,Mastogloia,Mastogloia%20erythraea%202c.png,16988303710825040856
LOIR_Database,Mastogloia,Mastogloia%20grunowii_1592391364426633.png,13648603528805388999
LOIR_Database,Mastogloia,Mastogloia%20ovum%20paschale_1592391184576291.png,13606430171999934072
LOIR_Database,Mastogloia,Mastogloia%20similis_1592391790451311.png,16891536126732481510
LOIR_Database,Mastogloia,Mastogloia%20B.png,12639590431077869112
LOIR_Database,Mastogloia,Mastogloia%20pusilla_1592390725857422.png,13437265215693420649
LOIR_Database,Mastogloia,Mastogloia%20rhombica.png,17972903780694594183
LOIR_Database,Mastogloia,Mastogloia%20lanceolata.png,16876564828267800275
LOIR_Database,Mastogloia,Mastogloia%20erythraea%203_1592391262924547.png,10222013488140751396
LOIR_Database,Mastogloia,Mastogloia%20cribrosa_1592391783499713.png,10093679113959960771
LOIR_Database,Mastogloia,Mastogloia%20undulata%201_1592391311469143.png,13343185841050338243
LOIR_Database,Mastogloia,Mastogloia%204.png,12450134342644569709
LOIR_Database,Mastogloia,Mastogloia%20sp.%2019%20b.png,13660987131670695589
LOIR_Database,Mastogloia,Mastogloia%20exigua_1592391368527538.png,12623466875175718640
LOIR_Database,Mastogloia,Mastogloia%20ignorata_1592390874713823.png,17132685414506093464
LOIR_Database,Mastogloia,Mastogloia%20foliolum_1592391163599974.png,17048028264180585155
LOIR_Database,Mastogloia,Mastogloia%20ovata_1592391212397417.png,17933482758821040670
LOIR_Database,Mastogloia,Mastogloia%20graciloides%202.png,16844453462143190652
LOIR_Database,Mastogloia,Mastogloia%20funafutensis.png,16759800133426189881
LOIR_Database,Mastogloia,Mastogloia%20crucicula.png,17263023503889959882
LOIR_Database,Mastogloia,Mastogloia%20decipiens%20int.png,13780593613133220759
LOIR_Database,Mastogloia,Mastogloia%20pseudoparadoxa_159239173597297.png,13533541922914898886
LOIR_Database,Mastogloia,Mastogloia%20ciskeiensis_1592391163028382.png,16875996076334585723
LOIR_Database,Mastogloia,Mastogloia%20sp.%20F%201.png,17036151760676427324
LOIR_Database,Mastogloia,Mastogloia%20smithii.png,17163940474467543401
LOIR_Database,Mastogloia,Mastogloia%20alternans_1592391728555578.png,13424598478710347399
LOIR_Database,Mastogloia,Mastogloia%20splendida_1592391791046675.png,13790814315180756758
LOIR_Database,Mastogloia,Mastogloia%20cocconeiformis.png,17175209340278773288
LOIR_Database,Mastogloia,Mastogloia%20borneensis.png,17088278119880728470
LOIR_Database,Mastogloia,Mastogloia%20ovulum%20int%2012.png,13356199012135782339
LOIR_Database,Mastogloia,Mastogloia%20horvathiana.png,17964169231007794113
LOIR_Database,Mastogloia,Mastogloia%20sp.%20D%20Crete.png,13563934502795072331
LOIR_Database,Mastogloia,Mastogloia%20J.png,17107365834950755994
LOIR_Database,Mastogloia,Mastogloia%20sp.%20T.png,16926381410435046937
LOIR_Database,Mastogloia,Mastogloia%20decussata_159239177036364.png,13697569356975498962
LOIR_Database,Mastogloia,Mastogloia%20pisciculus%201_1592391268178903.png,14912229868375186912
LOIR_Database,Mastogloia,Mastogloia%20ignorata%202.png,17959378370068447849
LOIR_Database,Mastogloia,Mastogloia%206.png,17180812105941147693
LOIR_Database,Mastogloia,Mastogloia%20graciloides%203.png,16881340664369635267
LOIR_Database,Mastogloia,Mastogloia%20ignorata%20b.png,13601928474976372536
LOIR_Database,Mastogloia,Mastogloia%20binotata_1592391729811069.png,13493879857411693202
LOIR_Database,Mastogloia,Mastogloia%20sp.%2015.png,12424798684321193675
LOIR_Database,Mastogloia,Mastogloia%20mediterranea.png,18128347957361390786
LOIR_Database,Mastogloia,Mastogloia%20sp.%2020%20c.png,16752431570616198497
LOIR_Database,Mastogloia,Mastogloia%20angulata_1592391242760398.png,13276260754463180694
LOIR_Database,Mastogloia,Mastogloia%20graciloides.png,12450136545963053628
LOIR_Database,Mastogloia,Mastogloia%20subaffirmata_1592391185439007.png,18213618139829932908
LOIR_Database,Mastogloia,Mastogloia%20binotata_1592391181669386.png,16816888048574483772
LOIR_Database,Mastogloia,Mastogloia%20borneensis%201.png,12627972137755381279
LOIR_Database,Mastogloia,Mastogloia%20erythraea%20c_1592391165741767.png,13313701771019597511
LOIR_Database,Mastogloia,Mastogloia%20laterostrata_159239126762156.png,13735347759674870681
LOIR_Database,Mastogloia,Mastogloia%20labuensis_1592391105860333.png,13274577359220479619
LOIR_Database,Mastogloia,Mastogloia%20labuensis_159239071990377.png,13606430240652706605
LOIR_Database,Mastogloia,Mastogloia%20pseudoexigua.png,12616776501732750144
LOIR_Database,Mastogloia,Mastogloia%20fimbriata_1592391460863261.png,13512738676230888240
LOIR_Database,Mastogloia,Mastogloia%20robusta_1592391307761059.png,13563647650582267451
LOIR_Database,Mastogloia,Mastogloia%20asperula_1592391243872695.png,12423693677871141676
LOIR_Database,Mastogloia,Mastogloia%2032.png,13169594280069339363
LOIR_Database,Mastogloia,Mastogloia%20V.png,17165894126990500964
LOIR_Database,Mastogloia,Mastogloia%20sp%20X.png,13334547621677008700
LOIR_Database,Mastogloia,Mastogloia%20sp_1592391304286391.png,18333187146328002410
LOIR_Database,Mastogloia,Mastogloia%20sp_1592391160526638.png,13602211426599096013
LOIR_Database,Mastogloia,Mastogloia%20sp.%20F%20a.png,17018137362166961724
LOIR_Database,Mastogloia,Mastogloia%20erythraea%202_1592391733893935.png,17162815553825368116
LOIR_Database,Mastogloia,Mastogloia%20splendida_1592391450722512.png,11287370684769154384
LOIR_Database,Mastogloia,Mastogloia%20sp.%20D%20min.png,10099572611222354235
LOIR_Database,Mastogloia,Mastogloia%20gilberti.png,13318205598285468356
LOIR_Database,Mastogloia,Mastogloia%20erythraea%202f.png,17030513464049506032
LOIR_Database,Mastogloia,Mastogloia%20erythraea.png,13559426792874939331
LOIR_Database,Mastogloia,Mastogloia%20jelinecki_1592391150301725.png,11948268188261633504
LOIR_Database,Mastogloia,Mastogloia%20mauritiana_1592391442020653.png,13479207936361483464
LOIR_Database,Mastogloia,Mastogloia%20asperuloides.png,17972111866786464590
LOIR_Database,Mastogloia,Mastogloia%20exigua.png,13418125279129198768
LOIR_Database,Mastogloia,Mastogloia%20cribrosa.png,17092447953234287046
LOIR_Database,Mastogloia,Mastogloia%20biocellata_1592391730556465.png,13437269746824931689
LOIR_Database,Nitzschia,Nitzschia%20panduriformis_1592391474357358.png,14678608100088914183
LOIR_Database,Nitzschia,Nitzschia%20dissipata.png,17203926157621061891
LOIR_Database,Nitzschia,Nitzschia%20sicula.png,17191816810858719568
LOIR_Database,Nitzschia,Nitzschia%20scalpelliformis_1592391477291962.png,12304008663540738475
LOIR_Database,Nitzschia,Nitzschia%20brevissima_1592391845234094.png,13433047553988608404
LOIR_Database,Nitzschia,Nitzschia%20spathulata_1592390677044714.png,16903586572070530132
LOIR_Database,Nitzschia,Nitzschia%20longissima%20parva.png,17067397273134227738
LOIR_Database,Nitzschia,Nitzschia%20R_1592391486799892.png,12639575669706566825
LOIR_Database,Nitzschia,Nitzschia%20agnita.png,17165911736071198144
LOIR_Database,Nitzschia,Nitzschia%20compressa_1592391034032639.png,18071420989777386851
LOIR_Database,Nitzschia,Nitzschia%20ruda%202.png,13499756104846440502
LOIR_Database,Nitzschia,Nitzschia%20coarctata_159239134095318.png,16734399579450925413
LOIR_Database,Nitzschia,Nitzschia%20filiformis.png,12544647869582325884
LOIR_Database,Nitzschia,Nitzschia%20linkei.png,13818099431684980675
LOIR_Database,Nitzschia,Nitzschia%20ruda_1592390776552333.png,18044380701483235374
LOIR_Database,Nitzschia,Nitzschia%20sp_1592391327451532.png,11054336623031936151
LOIR_Database,Nitzschia,Nitzschia%20lanceolata%20minima.png,17190399685722931551
LOIR_Database,Nitzschia,Nitzschia%20majuscula.png,16918509431724763403
LOIR_Database,Nitzschia,Nitzschia%20constricta.png,13699037408426647665
LOIR_Database,Nitzschia,Nitzschia%20vitrea_1592391582356937.png,16963534316169233797
LOIR_Database,Nitzschia,Nitzschia%20pellucida_1592391474948142.png,12567516977264311457
LOIR_Database,Nitzschia,Nitzschia%20normannii.png,17167319085250220512
LOIR_Database,Nitzschia,Nitzschia%20spathulata.png,16867558745755924540
LOIR_Database,Nitzschia,Nitzschia%20dubia.png,13826278562074127365
LOIR_Database,Nitzschia,Nitzschia%20capitellata.png,13746324414251974971
LOIR_Database,Nitzschia,Nitzschia%20sp_1592391395704599.png,16950072086018498206
LOIR_Database,Nitzschia,Nitzschia%20hantzschiana_159239160126238.png,13754779519951485961
LOIR_Database,Nitzschia,Nitzschia%20bulnheimania.png,16818858363993044870
LOIR_Database,Nitzschia,Nitzschia%20vidovichi.png,12544084919622678876
LOIR_Database,Nitzschia,Nitzschia%20tenuissima.png,16876564845507553492
LOIR_Database,Nitzschia,Nitzschia%20sp_1592391369366914.png,13358739294796224142
LOIR_Database,Nitzschia,Nitzschia%20scalpelliformis%20%20(2).png,12255871619227105660
LOIR_Database,Nitzschia,Nitzschia%20panduriformis%20panduriformis_1592390776091024.png,16916229654164565639
LOIR_Database,Nitzschia,Nitzschia%20linearis.png,13411031703780239700
LOIR_Database,Nitzschia,Nitzschia%2079.png,12544101962059213172
LOIR_Database,Nitzschia,Nitzschia%20distans_1592390990950394.png,18386649718070815354
LOIR_Database,Nitzschia,Nitzschia%20bilobata%20(2).png,16876569243587619136
LOIR_Database,Nitzschia,Nitzschia%20persuadens_1592390906127409.png,16846158842059502927
LOIR_Database,Nitzschia,Nitzschia%20communis.png,13511296387143513538
LOIR_Database,Nitzschia,Nitzschia%20fluminensis.png,12639575119986338857
LOIR_Database,Nitzschia,Nitzschia%20spathulata%20hyalina.png,18320883059083554217
LOIR_Database,Nitzschia,Nitzschia%20X.png,12255924507681336406
LOIR_Database,Nitzschia,Nitzschia%20amundonii.png,13408776184709885014
LOIR_Database,Nitzschia,Nitzschia%20vitrea_1592391748549159.png,13790245375598636193
LOIR_Database,Nitzschia,Nitzschia%20navicularis.png,17223895245801205050
LOIR_Database,Nitzschia,Nitzschia%20V.png,12291953296110365782
LOIR_Database,Nitzschia,Nitzschia%20subcapitellata.png,13502018838050876585
LOIR_Database,Nitzschia,Nitzschia%2024.png,12553109744414548432
LOIR_Database,Nitzschia,Nitzschia%20romana.png,12798322370533574505
LOIR_Database,Nitzschia,Nitzschia%20sp..png,18067752597385438913
LOIR_Database,Nitzschia,Nitzschia%20lorenziana.png,12639505850753805321
LOIR_Database,Nitzschia,Nitzschia%20commutata.png,13793048552444477376
LOIR_Database,Nitzschia,Nitzschia%20liebetruthii.png,12555703434495316417
LOIR_Database,Nitzschia,Nitzschia%20sigma.png,17176900032946040203
LOIR_Database,Nitzschia,Nitzschia%20AC.png,17155215661260056944
LOIR_Database,Nitzschia,Nitzschia%20sigma_1592391477803851.png,16951724595636856841
LOIR_Database,Nitzschia,Nitzschia%20marginulata%20didyma.png,12652804211924444009
LOIR_Database,Nitzschia,Nitzschia%20D.png,12378880467226392835
LOIR_Database,Nitzschia,Nitzschia%20miserabilis.png,16891477817077507556
LOIR_Database,Nitzschia,Nitzschia%20hantzschiana_159239033441009.png,16891535568421694633
LOIR_Database,Nitzschia,Nitzschia%20lanceola.png,16990003527102214284
LOIR_Database,Nitzschia,Nitzschia%20bilobata.png,16926076717155188449
LOIR_Database,Nitzschia,Nitzschia%20vitrea.png,16891754893344915245
LOIR_Database,Nitzschia,Nitzschia%20scalpelliformis_1592391848349147.png,13421517544484220073
LOIR_Database,Nitzschia,Nitzschia%20aequorea.png,13674267782272045595
LOIR_Database,Nitzschia,Nitzschia%20sicula_1592390906523857.png,16954023545861679012
LOIR_Database,Nitzschia,Nitzschia%20persuadens.png,13701570577454950746
LOIR_Database,Nitzschia,Nitzschia%20insignis_1592391676471938.png,12351344756702799366
LOIR_Database,Nitzschia,Nitzschia%20pellucida.png,13824010330943532677
LOIR_Database,Nitzschia,Nitzschia%20marginulata_1592391345589618.png,12580184767447213001
LOIR_Database,Nitzschia,Nitzschia%20R.png,18026081673045829741
LOIR_Database,Nitzschia,Nitzschia%20sp.png,16918504484981504387
LOIR_Database,Nitzschia,"Nitzschia%20sp.%2038,6.png",12327911724393031894
LOIR_Database,Nitzschia,Nitzschia%20tryblionella.png,13411031720936251985
LOIR_Database,Nitzschia,Nitzschia%20g.png,16951426679256861648
LOIR_Database,Nitzschia,Nitzschia%20spathulata_1592390777365253.png,12388228366001479728
LOIR_Database,Nitzschia,Nitzschia%20palea.png,12386360289934852857
LOIR_Database,Nitzschia,Nitzschia%20hadriatica_1592391344081818.png,13809655225331105513
LOIR_Database,Nitzschia,Nitzschia%20recta.png,18035471958292609315
LOIR_Database,Nitzschia,Nitzschia%20marginulata_1592390819265562.png,12255872170083924041
LOIR_Database,Nitzschia,Nitzschia%20inconspicua.png,16974509414860889757
LOIR_Database,Nitzschia,Nitzschia%20compressa_1592391341799388.png,16892304644185352549
LOIR_Database,Nitzschia,Nitzschia%20frustulum.png,13385756047105577532
LOIR_Database,Nitzschia,Nitzschia%2068b.png,18069178587802368259
LOIR_Database,Nitzschia,Nitzschia%20sicula_1592391074478827.png,14422132233246312789
LOIR_Database,Nitzschia,Nitzschia%20F.png,17179151854402509956
LOIR_Database,Nitzschia,Nitzschia%20panduriformis%20%20int.png,13720709476469607860
LOIR_Database,Nitzschia,Nitzschia%20acuminata.png,16891477748360066469
LOIR_Database,Nitzschia,Nitzschia%20panduriformis_1592391112674183.png,12565263548551902118
LOIR_Database,Nitzschia,Nitzschia%20hybrida.png,12639575669708598441
LOIR_Database,Nitzschia,Nitzschia%20marginulata_1592391473175962.png,13703540874913016003
LOIR_Database,Nitzschia,Nitzschia%20fusiformis.png,16990562628739790340
LOIR_Database,Nitzschia,Nitzschia%20epithemioides.png,16889226035986131782
LOIR_Database,Nitzschia,Nitzschia%20jelineckii.png,16813013864649382660
LOIR_Database,Nitzschia,Nitzschia%20denticula.png,12889424517640706193
LOIR_Database,Nitzschia,Nitzschia%20sigmoidea_1592391653016915.png,12402521144057520624
LOIR_Database,Nitzschia,Nitzschia%20distans.png,18314875042035107164
LOIR_Database,Nitzschia,Nitzschia%20sigma_1592391832497683.png,11084119741426731818
LOIR_Database,Nitzschia,Nitzschia%20angularis.png,12264879368262887764
LOIR_Database,Nitzschia,Nitzschia%20%20sigma.png,11380843717167472512
LOIR_Database,Nitzschia,Nitzschia%20grossestriata.png,16903862531642525032
LOIR_Database,Nitzschia,Nitzschia%20angularis_1592391689649949.png,13411032254534166644
LOIR_Database,Nitzschia,Nitzschia%20littorea.png,13417783281725913116
LOIR_Database,Nitzschia,Nitzschia%20K.png,16757497708383233380
LOIR_Database,Nitzschia,Nitzschia%20littoralis.png,13790249215267940742
LOIR_Database,Nitzschia,Nitzschia%20sicula_1592390676665946.png,16794370290157335756
LOIR_Database,Nitzschia,Nitzschia%20insignis.png,12255845726146968926
LOIR_Database,Nitzschia,Nitzschia%20brevissima_1592391748023409.png,13745722954133322115
LOIR_Database,Nitzschia,Nitzschia%20Y.png,18044381659975624148
LOIR_Database,Nitzschia,Nitzschia%20carnicobarica.png,13663572041100858265
LOIR_Database,Nitzschia,Nitzschia%20pellucida%20(2).png,16878529094882846827
LOIR_Database,Nitzschia,Nitzschia%20marginulata%20(2).png,18068615641070172438
LOIR_Database,Nitzschia,Nitzschia%20levidensis_1592391847202153.png,12630574640151573541
LOIR_Database,Nitzschia,Nitzschia%2016.png,13491593180931146884
LOIR_Database,Nitzschia,Nitzschia%20compressa.png,12592844372157098465
LOIR_Database,Nitzschia,Nitzschia%20scapelliformis_1592390856749563.png,15668182702686137998
LOIR_Database,Nitzschia,Nitzschia%20angularis_1592391071217207.png,16891553667413814689
LOIR_Database,Nitzschia,Nitzschia%20linkei%20292%20copie.png,12291953296110365782
LOIR_Database,Nitzschia,"Nitzschia%20sp.%2018,5.png",18116438210353218709
LOIR_Database,Nitzschia,Nitzschia%2061.png,16399165787528080470
LOIR_Database,Nitzschia,Nitzschia%20panduriformis_1592390774386244.png,17165915586128456248
LOIR_Database,Nitzschia,Nitzschia%20vitrea_159239133272932.png,13719025071445567276
LOIR_Database,Nitzschia,Nitzschia%20scalpelliformis.png,18107511831513185313
LOIR_Database,Nitzschia,Nitzschia%20scalaris.png,16876569239259095635
LOIR_Database,Nitzschia,Nitzschia%20pusilla.png,13489341381100679473
LOIR_Database,Nitzschia,Nitzschia%20hungarica.png,16903639314504137818
LOIR_Database,Nitzschia,Nitzschia%20panduriformis%20panduriformis.png,13445150862153301140
LOIR_Database,Nitzschia,Nitzschia%20AA.png,16891473423663530389
LOIR_Database,Nitzschia,Nitzschia%20macilenta.png,18392928584227879937
LOIR_Database,Nitzschia,Nitzschia%20amphibia_1592390332295277.png,16975626539839890514
LOIR_Database,Nitzschia,Nitzschia%20panduriformis%20continua.png,16874871050544822720
LOIR_Database,Nitzschia,Nitzschia%20sigma_1592391347251918.png,18029468749355264340
LOIR_Database,Nitzschia,Nitzschia%20levidensis.png,12641270456665930442
LOIR_Database,Nitzschia,Nitzschia%20reversa.png,10131255722103092070
LOIR_Database,Nitzschia,Nitzschia%20tryblionella%20.png,13444879198746881105
LOIR_Database,Nitzschia,Nitzschia%20coarctata.png,18215023336920000204
LOIR_Database,Nitzschia,Nitzschia%20linearis_1592391602025563.png,17052196481732545109
LOIR_Database,Nitzschia,Nitzschia%20fasciculata.png,16912598021249865836
LOIR_Database,Nitzschia,Nitzschia%20marginulata.png,12665195533473839203
LOIR_Database,Nitzschia,Nitzschia%20lanceolata.png,13701289040738116058
LOIR_Database,Nitzschia,Nitzschia%20intermedia.png,13273685684795947284
LOIR_Database,Nitzschia,Nitzschia%20aremonica.png,17239950427906091051
LOIR_Database,Nitzschia,Nitzschia%20spathulata_1592390495148912.png,12673394006778699789
LOIR_Database,Nitzschia,Nitzschia%20dissipatoides.png,13514392581031363826
LOIR_Database,Nitzschia,Nitzschia_1592391579305844.png,16912380444930518102
LOIR_Database,Nitzschia,Nitzschia%20macilenta%20%202.png,13718186680952139196
LOIR_Database,Nitzschia,Nitzschia%20hantzschiana_1592391394375607.png,12264879369305078044
LOIR_Database,Nitzschia,Nitzschia%20lanceolata_1592391702285033.png,16912576024553780083
LOIR_Database,Nitzschia,Nitzschia%20scalpelliformis%20.png,18374863498904373232
LOIR_Database,Nitzschia,Nitzschia%20lanceolata_1592391676858983.png,12841322526167775580
LOIR_Database,Nitzschia,Nitzschia%20tubicola.png,17275971155216669664
LOIR_Database,Nitzschia,Nitzschia%20amphibia.png,16895981347988477317
LOIR_Database,Nitzschia,Nitzschia%20sigmoidea.png,17275966772725452831
LOIR_Database,Nitzschia,Nitzschia%20incrustans.png,18098701159417735738
LOIR_Database,Nitzschia,Nitzschia%20scapelliformis_1592391358419928.png,18392946691809930249
LOIR_Database,Nitzschia,Nitzschia%20commutata_1592390333546556.png,13417800331687012692
LOIR_Database,Nitzschia,Nitzschia%20rigida.png,12255854543445752060
LOIR_Database,Nitzschia,Nitzschia%20sigma_1592391703950888.png,16918500108315764652
LOIR_Database,Nitzschia,Nitzschia%20marginulata_1592391112191916.png,12544637986084415153
LOIR_Database,Nitzschia,Nitzschia%20distans_1592391471054456.png,12351907145062022305
LOIR_Database,Nitzschia,Nitzschia%20hadriatica.png,12616494494013533206
LOIR_Database,Nitzschia,Nitzschia.png,16399165787528047830
LOIR_Database,Nitzschia,Nitzschia%20ruda.png,18150280748296857635
LOIR_Database,Nitzschia,Nitzschia%20tubicola_1592391520606986.png,16929528041179593712
LOIR_Database,Nitzschia,Nitzschia%2068a.png,16918504484981504387
LOIR_Database,Nitzschia,Nitzschia%20sigma_1592391319573296.png,16891536118144019593
LOIR_Database,Nitzschia,Nitzschia%20brevissima.png,12486743121763881396
LOIR_Database,Nitzschia,Nitzschia%20incrustans%20b.png,13718187230707953065
LOIR_Database,Nitzschia,Nitzschia%20sigma_15923915814241.png,13817214299682961667
LOIR_Database,Nitzschia,Nitzschia%20B.png,16867557637687929204
LOIR_Database,Nitzschia,Nitzschia%20sp.%2087.png,16939597639531555284
LOIR_Database,Nitzschia,Nitzschia%20tubicola_1592391348530432.png,13718192719718181897
LOIR_Database,Nitzschia,Nitzschia%20sp.%2077.png,17192433735825921609
LOIR_Database,Nitzschia,Nitzschia%20calciola.png,13749142847261854569
LOIR_Database,Nitzschia,Nitzschia%20fasciculata_1592391831826774.png,14869468308669391074
LOIR_Database,Nitzschia,Nitzschia%20fluminensis_1592391774842424.png,12546354311597189236
LOIR_Database,Nitzschia,Nitzschia%20panduriformis.png,16851224217302229276
LOIR_Database,Nitzschia,Nitzschia%20persuadens_1592391475461967.png,16945521136698800480
LOIR_Database,Nitzschia,Nitzschia%20A.png,13718188321663331369
LOIR_Database,Nitzschia,Nitzschia%20pellucida_1592391346083278.png,13826278562057418754
LOIR_Database,Nitzschia,Nitzschia%20marginulata_15923908452133.png,17239362389479402744
LOIR_Database,Nitzschia,Nitzschia%20compressa_1592390772252706.png,17166756139263535420
LOIR_Database,Nitzschia,Nitzschia%20ruda_1592391476667034.png,18043554913401911652
LOIR_Database,Nitzschia,Nitzschia%20scapelliformis.png,16691994017138379023
LOIR_Database,Nitzschia,Nitzschia%20angularis_1592391700913768.png,16963598101661547649
LOIR_Database,Nitzschia,Nitzschia%20spathulata_1592391478414053.png,17180829677979157888
LOIR_Database,Nitzschia,Nitzschia%20angularis_1592391470481101.png,13512422286258716794
LOIR_Database,Nitzschia,Nitzschia%20didyma.png,17208695520147090884
LOIR_Database,Nitzschia,Nitzschia%20distans_1592391343119192.png,16918509982453856262
LOIR_Database,Nitzschia,Nitzschia%20capitellata_1592391692328704.png,13481400990082054300
LOIR_Database,Nitzschia,Nitzschia%20incrustans%20.png,16888926975088225122
LOIR_Database,Nitzschia,Nitzschia%20elegantula.png,15865536978181261645
LOIR_Database,Nitzschia,Nitzschia%20scalaris_1592391346847875.png,18401935783482555393
LOIR_Database,Nitzschia,Nitzschia%20hantzschiana.png,13754216569991789697
LOIR_Database,Luticola,Luticola%20mutica.png,17090548984990373571
LOIR_Database,Luticola,Luticola%20goppertiana_1592391391795762.png,12665477000603951135
LOIR_Database,Luticola,Luticola%20goppertiana.png,17275966755547689099
LOIR_Database,Planothidium,Planothidium%20campechianum.png,17381862420290234209
LOIR_Database,Planothidium,Planothidium%20lilljeborgei_1592391805722697.png,16950305193855788256
LOIR_Database,Planothidium,Planothidium%20sp..png,16024556915936853636
LOIR_Database,Planothidium,Planothidium%20campechianum_1592390834616584.png,17073316175780202797
LOIR_Database,Planothidium,Planothidium%20heidenii.png,16877122275190318194
LOIR_Database,Planothidium,Planothidium%20delicatulum_1592390792049708.png,16950023845317585304
LOIR_Database,Planothidium,Planothidium%20delicatulum_1592390830012911.png,16241549493839219150
LOIR_Database,Planothidium,Planothidium%20H.png,17151556146722470008
LOIR_Database,Planothidium,Planothidium%20delicatulum.png,16818577103759582564
LOIR_Database,Planothidium,Planothidium.png,17179985270159390004
LOIR_Database,Planothidium,Planothidium%20lanceolatum%20hypo.png,18420219844982086509
LOIR_Database,Planothidium,Planothidium%20lilljeborgei.png,13708325872699647288
LOIR_Database,Planothidium,Planothidium%20lanceolatum.png,16903299625823593163
LOIR_Database,Gyrosigma,Gyrosigma%20distortum%201.png,14424329706187971703
LOIR_Database,Gyrosigma,Gyrosigma%20perthense_1592390944863878.png,11274923466745106054
LOIR_Database,Gyrosigma,Gyrosigma%20attenuatum.png,14653240416328001962
LOIR_Database,Gyrosigma,Gyrosigma%20spencerii%204.png,14542869833290996748
LOIR_Database,Gyrosigma,Gyrosigma%20acuminatum.png,13699332573414139218
LOIR_Database,Gyrosigma,Gyrosigma%2060.png,12336941357044114003
LOIR_Database,Gyrosigma,Gyrosigma%20balticum_1592391568090921.png,13771944717492689934
LOIR_Database,Gyrosigma,Gyrosigma%20fasciola%20un.png,17313752974860192921
LOIR_Database,Gyrosigma,Gyrosigma%20littorale.png,13483652770572564604
LOIR_Database,Gyrosigma,Gyrosigma%20nodiferum.png,12601242391702993167
LOIR_Database,Gyrosigma,Gyrosigma%20balticum_1592391435404846.png,13817201096911679526
LOIR_Database,Gyrosigma,Gyrosigma%20fasciola.png,12906063394395335028
LOIR_Database,Gyrosigma,Gyrosigma%20acuminatum_1592391407067503.png,13411102621097823348
LOIR_Database,Gyrosigma,Gyrosigma%20acuminatum_1592390330966627.png,16953975278756817195
LOIR_Database,Gyrosigma,Gyrosigma%20hippocampus.png,13528969655574591523
LOIR_Database,Gyrosigma,Gyrosigma%20tenuissimum.png,13817218689139538179
LOIR_Database,Gyrosigma,Gyrosigma%20wansbeckii_1592391696359425.png,12580183650753752407
LOIR_Database,Gyrosigma,Gyrosigma%20diminutum.png,17203921116388440199
LOIR_Database,Gyrosigma,Gyrosigma%20reversum.png,16327178555808787542
LOIR_Database,Gyrosigma,Gyrosigma%20littorale_1592391695736629.png,12063116566704077989
LOIR_Database,Gyrosigma,Gyrosigma%20scalprum.png,13771878750827374801
LOIR_Database,Gyrosigma,Gyrosigma%20tenuissimum_1592391010312769.png,17284986425007995011
LOIR_Database,Gyrosigma,Gyrosigma.png,11423350150810100163
LOIR_Database,Gyrosigma,Gyrosigma%20spencerii.png,13466553540772619532
LOIR_Database,Gyrosigma,Gyrosigma%20lineare.png,16863019824059557328
LOIR_Database,Gyrosigma,Gyrosigma%20sp.png,18065520625299003588
LOIR_Database,Gyrosigma,Gyrosigma%20scalproides.png,13788544887674290341
LOIR_Database,Gyrosigma,Gyrosigma%20fasciola%202.png,14712841554895543415
LOIR_Database,Gyrosigma,Gyrosigma%20distortum%202.png,14712876737393450099
LOIR_Database,Gyrosigma,Gyrosigma%20balticum%202.png,14506841581598669961
LOIR_Database,Gyrosigma,Gyrosigma%20acuminatum%20gallica.png,13430524211160759138
LOIR_Database,Gyrosigma,Gyrosigma%20balticum.png,16990003527118811175
LOIR_Database,Gyrosigma,Gyrosigma%20perthense.png,13735356959469120598
LOIR_Database,Gyrosigma,Gyrosigma%20wansbeckii.png,14542867771706702856
LOIR_Database,Gyrosigma,Gyrosigma%20lineare_1592390861474046.png,16834333867425236160
LOIR_Database,Melosira,Melosira%20nummuloides.png,15820200433134547282
LOIR_Database,Melosira,Melosira%20varians_1592390310413248.png,16891806065428507817
LOIR_Database,Melosira,Melosira%20arenaria.png,12327912150695208675
LOIR_Database,Melosira,Melosira%20varians.png,18227231566000610795
LOIR_Database,Melosira,Melosira.png,16023159469006096691
LOIR_Database,Melosira,Melosira%20moniliformis.png,15242573984503136122
LOIR_Database,Melosira,Melosira_1592390512790524.png,17528443653455706715
LOIR_Database,Cocconeis,Cocconeis%2019.png,11850046588876304437
LOIR_Database,Cocconeis,Cocconeis%20fluminenesis%20var.%20subimpletus.png,16877967264489802674
LOIR_Database,Cocconeis,Cocconeis%20barleyi.png,16730456422995891859
LOIR_Database,Cocconeis,Cocconeis%20disculoides%20%20a.png,13703540876260023503
LOIR_Database,Cocconeis,Cocconeis%20stauroneiformis_159239104745253.png,12555122747996608225
LOIR_Database,Cocconeis,Cocconeis%20grata_159239092224061.png,17034462730153021030
LOIR_Database,Cocconeis,Cocconeis%20cinq.png,11474300220821731520
LOIR_Database,Cocconeis,Cocconeis%20placentula%20euglypta.png,16962971435546056859
LOIR_Database,Cocconeis,Cocconeis%20clandestina.png,15790647068651728014
LOIR_Database,Cocconeis,Cocconeis%20peltoides_1592391506468549.png,17120876402838038942
LOIR_Database,Cocconeis,Cocconeis%20britannica.png,17261893167023509394
LOIR_Database,Cocconeis,Cocconeis%20disculus_159239104369567.png,17118962061958486896
LOIR_Database,Cocconeis,Cocconeis%20guttata_1592390736345271.png,13518047200041081397
LOIR_Database,Cocconeis,Cocconeis%20sept.png,14634936025741301473
LOIR_Database,Cocconeis,"Cocconeis%2015,4.png",13632627389522979900
LOIR_Database,Cocconeis,Cocconeis%20J.png,13517242881448975909
LOIR_Database,Cocconeis,Cocconeis%20costata_1592391764264759.png,13708044536218335390
LOIR_Database,Cocconeis,Cocconeis%20obliqua.png,16880812353184778857
LOIR_Database,Cocconeis,Cocconeis%20minutissima.png,11971305645632643536
LOIR_Database,Cocconeis,Cocconeis%20grata.png,15173395075929385280
LOIR_Database,Cocconeis,Cocconeis%20sublittoralis.png,18309245577349089837
LOIR_Database,Cocconeis,Cocconeis%20capensis.png,16905831659404889961
LOIR_Database,Cocconeis,Cocconeis%20costata_1592391043341082.png,13301032307993384824
LOIR_Database,Cocconeis,Cocconeis%20disculoides_1592390969911633.png,13633188703094385688
LOIR_Database,Cocconeis,Cocconeis%20britannica_159239073484925.png,17032826390548812575
LOIR_Database,Cocconeis,Cocconeis%20pinnata_1592391765489509.png,17226146394071584526
LOIR_Database,Cocconeis,Cocconeis%20dirupta.png,14406657994204554242
LOIR_Database,Cocconeis,Cocconeis%20placentula%20un.png,13791307472987344577
LOIR_Database,Cocconeis,Cocconeis%20molesta_159239060992876.png,10308725776056497312
LOIR_Database,Cocconeis,Cocconeis%20pellucida_1592390970557298.png,16874021803718252242
LOIR_Database,Cocconeis,Cocconeis%20douze.png,15133974571796522758
LOIR_Database,Cocconeis,Cocconeis%20fluminensis.png,17140962113877164316
LOIR_Database,Cocconeis,Cocconeis%20peltoides_159239085154274.png,11256927171402615619
LOIR_Database,Cocconeis,Cocconeis%20peltoides.png,16697922887773964380
LOIR_Database,Cocconeis,Cocconeis%20molesta%20%20molesta.png,13301875664612723918
LOIR_Database,Cocconeis,Cocconeis%20guttata_1592390966981714.png,17062381502808891120
LOIR_Database,Cocconeis,Cocconeis%20treize.png,18021336185560734226
LOIR_Database,Cocconeis,Cocconeis%20P.png,13775051799226904394
LOIR_Database,Cocconeis,Cocconeis%20calif.png,13521464470273114887
LOIR_Database,Cocconeis,Cocconeis%20multiperforata.png,14704221030166083009
LOIR_Database,Cocconeis,Cocconeis%20pelta.png,10372623392604680203
LOIR_Database,Cocconeis,Cocconeis%20gutta.png,11498183997151296846
LOIR_Database,Cocconeis,Cocconeis%2022.png,17035641405833518622
LOIR_Database,Cocconeis,Cocconeis%20vingtquat.png,17153790627348429514
LOIR_Database,Cocconeis,Cocconeis%20speciosa_15923910456791.png,13275138105164835273
LOIR_Database,Cocconeis,Cocconeis%20%20L.png,16903105994828258876
LOIR_Database,Cocconeis,Cocconeis%20pediculus_1592391044300327.png,15745682146318235761
LOIR_Database,Cocconeis,Cocconeis%20pinnata.png,17507335911438136449
LOIR_Database,Cocconeis,Cocconeis%20scutelobliqua.png,16873164334989236815
LOIR_Database,Cocconeis,Cocconeis%20heteroidea.png,17120029777892855397
LOIR_Database,Cocconeis,Cocconeis%20discul.png,15790335107725767833
LOIR_Database,Cocconeis,Cocconeis%20molesta_1592391421618811.png,13586463367331433626
LOIR_Database,Cocconeis,Cocconeis%20sp..png,16988338852036254264
LOIR_Database,Cocconeis,Cocconeis%20huit.png,16469539806554149424
LOIR_Database,Cocconeis,Cocconeis%20britannica_159239081558419.png,17199459245284170345
LOIR_Database,Cocconeis,Cocconeis%20britannica_1592390940541411.png,13346917243591039305
LOIR_Database,Cocconeis,Cocconeis%20discrepans.png,17237229485326657672
LOIR_Database,Cocconeis,Cocconeis%20speciosa.png,11236740850384888107
LOIR_Database,Cocconeis,Cocconeis%20placentula.png,16988884888402566752
LOIR_Database,Cocconeis,Cocconeis%20molesta_1592390736795635.png,18028931221042536086
LOIR_Database,Cocconeis,Cocconeis%20scutellum%20var.%20parva.png,17276600435749951840
LOIR_Database,Cocconeis,Cocconeis%20placentula_1592390380782514.png,13747700953481776818
LOIR_Database,Cocconeis,"Cocconeis%20sp.%2014,5.png",17379890997563781433
LOIR_Database,Cocconeis,Cocconeis%20debesi.png,12942747622302852313
LOIR_Database,Cocconeis,Cocconeis%20guttata_1592391764880299.png,16877967345354787527
LOIR_Database,Cocconeis,Cocconeis%20guttata.png,15178727482145146746
LOIR_Database,Cocconeis,Cocconeis%20pseudom.png,12005391868069334052
LOIR_Database,Cocconeis,Cocconeis%20%20guttata.png,17286662655122905201
LOIR_Database,Cocconeis,Cocconeis%20speciosa_1592390738962011.png,13624746120239746502
LOIR_Database,Cocconeis,Cocconeis%20stauroneiformis_1592390612305201.png,17118910191771937190
LOIR_Database,Cocconeis,Cocconeis%20britannica_1592391418805937.png,17046847392191919721
LOIR_Database,Cocconeis,Cocconeis%20guttata_1592390608323097.png,17307500252391826492
LOIR_Database,Cocconeis,Cocconeis%20deux.png,13417828880940253609
LOIR_Database,Cocconeis,Cocconeis%20costata.png,13708044535903525511
LOIR_Database,Cocconeis,Cocconeis%20scutellum_1592390738494586.png,13419743860792467079
LOIR_Database,Cocconeis,Cocconeis%20%20parva.png,12090153282326153531
LOIR_Database,Cocconeis,Cocconeis%20scutellum.png,11218667100265955734
LOIR_Database,Cocconeis,Cocconeis%20pinnata_159239073793286.png,16872108803826096781
LOIR_Database,Cocconeis,Cocconeis%20N.png,16971133767280872241
LOIR_Database,Cocconeis,Cocconeis%20placentula_1592391403070744.png,13497218781887699486
LOIR_Database,Cocconeis,Cocconeis%20H.png,16877685321700121483
LOIR_Database,Cocconeis,Cocconeis%2024%20Mart.png,13368870041812387781
LOIR_Database,Cocconeis,Cocconeis%20a_1592390988780133.png,16734463352621209223
LOIR_Database,Cocconeis,Cocconeis%20dirupta_1592391419156701.png,17897735475055704425
LOIR_Database,Cocconeis,Cocconeis%20vingtdeux.png,13524732883566569243
LOIR_Database,Cocconeis,Cocconeis%20krammeri_159239094101488.png,14509114391863342245
LOIR_Database,Cocconeis,Cocconeis%20pediculus.png,13423983320070507595
LOIR_Database,Cocconeis,Cocconeis%20peltoides_1592390611864395.png,16529779215065244781
LOIR_Database,Cocconeis,Cocconeis%20pelta_1592390737213013.png,16989148165996288147
LOIR_Database,Cocconeis,Cocconeis%20disculoides%20b.png,16733291274347359564
LOIR_Database,Cocconeis,Cocconeis%20un.png,17975230381385615300
LOIR_Database,Cocconeis,Cocconeis%20pelta_159239150532853.png,12480761862754286665
LOIR_Database,Cocconeis,Cocconeis%20discrepans_1592390735575207.png,16730472260818334057
LOIR_Database,Cocconeis,Cocconeis%20sp.%2015.png,13661900591746987160
LOIR_Database,Cocconeis,Cocconeis%20pellucida_1592391085023793.png,13585043944915899090
LOIR_Database,Cocconeis,Cocconeis%20hetero.png,11597781057701531404
LOIR_Database,Cocconeis,Cocconeis.png,9994808411244142310
LOIR_Database,Cocconeis,Cocconeis%20quarnerensis.png,12555403407144204572
LOIR_Database,Cocconeis,Cocconeis%20A.png,13719865089242733461
LOIR_Database,Cocconeis,Cocconeis%20disculus.png,13634879331137956908
LOIR_Database,Cocconeis,Cocconeis%20disculoides.png,15861330182410450197
LOIR_Database,Cocconeis,Cocconeis%20pseudomarginata.png,10084952959711041675
LOIR_Database,Cocconeis,Cocconeis%20quatorze.png,13530155851196451633
LOIR_Database,Cocconeis,Cocconeis_1592390840108399.png,13368870041828100039
LOIR_Database,Cocconeis,Cocconeis%20B.png,13735082146440756372
LOIR_Database,Cocconeis,Cocconeis%20pelta_1592390611484107.png,16805328131279517836
LOIR_Database,Cocconeis,Cocconeis%20irregularis.png,17890980208820013103
LOIR_Database,Cocconeis,Cocconeis%20distantula.png,13730843251341490236
LOIR_Database,Cocconeis,Cocconeis%20ornata.png,14861027378420155271
LOIR_Database,Cocconeis,Cocconeis%20placentula_1592390291390815.png,16863629267058137623
LOIR_Database,Cocconeis,"Cocconeis%20sp.%2022,1.png",18025342603822014087
LOIR_Database,Cocconeis,Cocconeis%20pseudomarginata_159239176615381.png,13517203921852669516
LOIR_Database,Cocconeis,Cocconeis%20molesta_1592390963743857.png,17242176540239871177
LOIR_Database,Cocconeis,Cocconeis%20krammeri.png,13398356280797541741
LOIR_Database,Cocconeis,Cocconeis%20pseudodiruptoides.png,17111871595007623920
LOIR_Database,Cocconeis,Cocconeis%20%20parva_159239096527916.png,14854537437246099811
LOIR_Database,Cocconeis,Cocconeis%20c.png,16819749243788838744
LOIR_Database,Cocconeis,Cocconeis%20peltoides_1592391423114844.png,12986626258288734569
LOIR_Database,Cocconeis,Cocconeis%20scutellum_1592391767345681.png,13707977467082558862
LOIR_Database,Cocconeis,Cocconeis%20placentula_1592391565618571.png,13347759324207615430
LOIR_Database,Cocconeis,Cocconeis%20molesta.png,14095572358227089175
LOIR_Database,Cocconeis,Cocconeis%20six.png,12627513297311206279
LOIR_Database,Cocconeis,Cocconeis%20pseudomarginata_1592390967371954.png,12402510925744161610
LOIR_Database,Cocconeis,Cocconeis%20stauroneiformis.png,11993832984643619033
LOIR_Database,Cocconeis,Cocconeis%20N_1592391504517075.png,12637259536031428043
LOIR_Database,Cocconeis,Cocconeis%20dirupta%20dirupta.png,16890052876588120265
LOIR_Database,Cocconeis,Cocconeis%20nummularia.png,16973104651264053172
LOIR_Database,Cocconeis,Cocconeis%20pellucida.png,13413907274385165359
LOIR_Database,Staurosira,Staurosira%20constru.png,16400030011338819348
LOIR_Database,Staurosira,Staurosira%20construens.png,14489123318920891116
LOIR_Database,Biddulphia,Biddulphia%20alternans.png,17309759674899481042
LOIR_Database,Biddulphia,Biddulphia%20pulchella.png,12593350006463426119
LOIR_Database,Biddulphia,Biddulphia%20biddulphiana.png,17003351691407082791
LOIR_Database,Biddulphia,Biddulphia%20tuomeyi%2037.png,13301810935189785966
LOIR_Database,Amphora,Amphora%20egregia%20exornata.png,11486682168740005895
LOIR_Database,Amphora,Amphora%20subangularis.png,13718192719676286117
LOIR_Database,Amphora,Amphora%20belgica.png,16876556544350414419
LOIR_Database,Amphora,Amphora%20arcus_1592390939767889.png,13491870521379995269
LOIR_Database,Amphora,Amphora%2042.png,16876565370039886304
LOIR_Database,Amphora,Amphora%20%2036.png,13429953572663440561
LOIR_Database,Amphora,Amphora%20Laevissima_1592390740658633.png,17196398269030511013
LOIR_Database,Amphora,Amphora%20inflexa%202.png,13790245932847572132
LOIR_Database,Amphora,Amphora%20aff%20praelata.png,16960983487846909342
LOIR_Database,Amphora,Amphora%20cymbaphora%2026.png,18149651769060262942
LOIR_Database,Amphora,Amphora%20securicula_1592390686849433.png,16300104626861170804
LOIR_Database,Amphora,Amphora%20securicula_159239095143828.png,13491638658347877391
LOIR_Database,Amphora,Amphora%20exigua.png,17119010212848506561
LOIR_Database,Amphora,Amphora%2050.png,13447131007133721682
LOIR_Database,Amphora,Amphora%20subholsatica.png,13506528993866731531
LOIR_Database,Amphora,Amphora%20V.png,13525651408303731778
LOIR_Database,Amphora,Amphora%20acuta.png,13539162000460112471
LOIR_Database,Amphora,Amphora%20arcus_1592390741408568.png,16876563171553501424
LOIR_Database,Amphora,Amphora%20strigosa_1592391414119442.png,18317408291123487042
LOIR_Database,Amphora,Amphora%20acuta_1592391761578449.png,16876565370575561782
LOIR_Database,Amphora,Amphora%20caroliana.png,13777004726890647623
LOIR_Database,Amphora,Amphora%20ovalis_1592390286578945.png,16918495705649767182
LOIR_Database,Amphora,Amphora%20coffeaeformis_1592390742275565.png,18175600949052459789
LOIR_Database,Amphora,Amphora%20proteus_1592390746697129.png,17249596387127892536
LOIR_Database,Amphora,Amphora%20hyalina.png,16907803116624524378
LOIR_Database,Amphora,Amphora%20%20A.png,17200532629950353482
LOIR_Database,Amphora,Amphora%20N.png,12642959625024753731
LOIR_Database,Amphora,Amphora%20bigibba%20var.%20interrupta.png,18188494722914464060
LOIR_Database,Amphora,Amphora%2038.png,13817184631807030631
LOIR_Database,Amphora,Amphora%20marina_1592391709776354.png,13716522084021378714
LOIR_Database,Amphora,Amphora%20arcus_1592391042852177.png,16300102414956165148
LOIR_Database,Amphora,Amphora%2039.png,16876560976755879014
LOIR_Database,Amphora,Amphora%20ostrearia_1592391545445958.png,16917941560780235916
LOIR_Database,Amphora,Amphora%20J.png,13740695004910760139
LOIR_Database,Amphora,Amphora%20praelata_1592390746148134.png,17252305641932482601
LOIR_Database,Amphora,Amphora%20crassa.png,18070838912062865003
LOIR_Database,Amphora,Amphora%20cymbaphora%2023.png,17252305641932482601
LOIR_Database,Amphora,Amphora%20graeffeana_1592391762758605.png,16876556578779592756
LOIR_Database,Amphora,Amphora%20coffeaeformis%20a.png,18131637640043218207
LOIR_Database,Amphora,Amphora%20lineolata.png,10210102972132044650
LOIR_Database,Amphora,Amphora%20turgida_1592390749873617.png,13790237694214808903
LOIR_Database,Amphora,Amphora%20ostrearia_1592391027170612.png,18356813061712150136
LOIR_Database,Amphora,Amphora%20bigibba.png,13397298852737596625
LOIR_Database,Amphora,Amphora%20obtusa%20(2).png,12650203699966210656
LOIR_Database,Amphora,Amphora%2041.png,13718188347399447906
LOIR_Database,Amphora,Amphora%20rhombica_1592390896274966.png,10033440264137445278
LOIR_Database,Amphora,Amphora%20cuneata.png,13718192736856155300
LOIR_Database,Amphora,Amphora%20bioculata.png,10236362793740034242
LOIR_Database,Amphora,Amphora%20nana.png,14643654051295747164
LOIR_Database,Amphora,Amphora%20T.png,13435862261610943770
LOIR_Database,Amphora,Amphora%20graeffeana.png,12653848729956622824
LOIR_Database,Amphora,Amphora%20graeffeana_1592391412975774.png,17232338815971349586
LOIR_Database,Amphora,Amphora%20cymbelloides.png,13817184631807030631
LOIR_Database,Amphora,Amphora%20laevissima.png,18043818783503231848
LOIR_Database,Amphora,Amphora%20sp.%201.png,12641270526326530081
LOIR_Database,Amphora,Amphora.png,13733096359067038585
LOIR_Database,Amphora,Amphora%20marina_1592391544897087.png,17180266736078630194
LOIR_Database,Amphora,Amphora%20proteus_1592390940127649.png,18046070559705418394
LOIR_Database,Amphora,Amphora%20b.png,12264879352133630288
LOIR_Database,Amphora,Amphora%20ocellata.png,17039581463609317029
LOIR_Database,Amphora,Amphora%2046.png,13718192736853930279
LOIR_Database,Amphora,Amphora%20pusio_1592390747453801.png,13792485617008389217
LOIR_Database,Amphora,Amphora%20praelata.png,16918504502142691465
LOIR_Database,Amphora,Amphora%20ocellata_1592390822053977.png,18037642909938337123
LOIR_Database,Amphora,Amphora%20pseudohyalina.png,13807969802114996332
LOIR_Database,Amphora,Amphora%20%20quadrata.png,12296464682017502318
LOIR_Database,Amphora,Amphora%20ocellata%20un.png,13632609720094300317
LOIR_Database,Amphora,Amphora%20obtusa.png,11037729855752444697
LOIR_Database,Amphora,Amphora%2030.png,13747731810806148577
LOIR_Database,Amphora,Amphora%20securicula%201.png,12080300559830427277
LOIR_Database,Amphora,Amphora%20costata.png,16876560976959563780
LOIR_Database,Amphora,Amphora%20limbata.png,17194340413879276460
LOIR_Database,Amphora,Amphora%20graeffeana_1592390743871987.png,17022676136518522817
LOIR_Database,Amphora,Amphora%20graeffi.png,16918495710344247491
LOIR_Database,Amphora,Amphora%2041_1592391120427522.png,18070065933747054214
LOIR_Database,Amphora,Amphora%20proteus.png,18404100784902650210
LOIR_Database,Amphora,Amphora%20coffeaeformis%20%20b.png,17200532625705783370
LOIR_Database,Amphora,Amphora%20acutiuscula.png,18027493625500149113
LOIR_Database,Amphora,Amphora%2040b.png,12279287166943079848
LOIR_Database,Amphora,Amphora%20spectabilis_1592390839432621.png,18090925431797635779
LOIR_Database,Amphora,Amphora%20ocellata_1592390601644344.png,16965552646157538711
LOIR_Database,Amphora,Amphora%20coffeaeformis_1592391410278798.png,16888663114824844575
LOIR_Database,Amphora,Amphora%20grevilleana.png,13490744646856912915
LOIR_Database,Amphora,Amphora%20ostrearia%20belgica.png,16840299937953648626
LOIR_Database,Amphora,Amphora%20obtusa_159239074476777.png,13790236050125601155
LOIR_Database,Amphora,Amphora%20acutiuscula_1592391390907304.png,13826543566603772958
LOIR_Database,Amphora,Amphora%20crassa%202.png,18059862587387575016
LOIR_Database,Amphora,Amphora%20bigibba_1592390969232243.png,13718179555609759043
LOIR_Database,Amphora,Amphora%20proteus_1592391096054419.png,13790237144940392867
LOIR_Database,Amphora,Amphora%20obtusa_1592390836149217.png,17168496521720735532
LOIR_Database,Amphora,Amphora%20arcus.png,18137548530907036321
LOIR_Database,Amphora,Amphora%20inflexa.png,16876556573945029584
LOIR_Database,Amphora,Amphora%20ostrearia.png,18044381889071238738
LOIR_Database,Amphora,Amphora%20spectabilis_1592391353169961.png,12637312346563066259
LOIR_Database,Amphora,Amphora%20elegans_1592390966094641.png,13819506782909539777
LOIR_Database,Amphora,Amphora%20strigosa.png,17178014975657288967
LOIR_Database,Amphora,Amphora%20gigantea.png,18347807124658153318
LOIR_Database,Amphora,Amphora%20acutiuscula_1592391408339161.png,13737317292305334607
LOIR_Database,Amphora,Amphora%20coffeaeformis.png,11402241032771982017
LOIR_Database,Amphora,Amphora%20cingulata%202.png,13769352535963586597
LOIR_Database,Amphora,Amphora%20flebilis.png,13780100620924924963
LOIR_Database,Amphora,Amphora%20W.png,17195184618327871822
LOIR_Database,Amphora,Amphora%20immarginata.png,17205898114272152470
LOIR_Database,Amphora,Amphora%20laevis.png,12605757381773815949
LOIR_Database,Amphora,Amphora%20turgida.png,17214045421650060954
LOIR_Database,Amphora,Amphora%20rhombica.png,16876558777799789028
LOIR_Database,Amphora,Amphora%20coffeaeformis_1592390995942578.png,13790237145344190312
LOIR_Database,Amphora,Amphora%20hamata.png,12530371073132515867
LOIR_Database,Amphora,Amphora%20decussata_159239141209613.png,13452463533542392655
LOIR_Database,Amphora,Amphora%20obtusa%20rectangulata.png,12277035371489506214
LOIR_Database,Amphora,Amphora%20rhombica%20%20intermedia.png,13429957971246759073
LOIR_Database,Amphora,Amphora%20P.png,13429962360168363684
LOIR_Database,Amphora,Amphora%20cymbifera.png,16918504502143349382
LOIR_Database,Amphora,Amphora%20a.png,16876565378090854596
LOIR_Database,Amphora,Amphora%20cingulata.png,13487371120704008339
LOIR_Database,Amphora,Amphora%20securicula.png,16300104626861170804
LOIR_Database,Amphora,Amphora%20proteus_1592391763589782.png,13746041852120349862
LOIR_Database,Amphora,Amphora%20pusio.png,17189836674785553614
LOIR_Database,Amphora,Amphora%20ovalis.png,17267242006139209054
LOIR_Database,Amphora,Amphora%20arenaria_1592390871706214.png,12639575669708663972
LOIR_Database,Amphora,Amphora%20egregia.png,12279287149763210728
LOIR_Database,Amphora,Amphora%20ocellata_1592391351825079.png,12689392669728204089
LOIR_Database,Amphora,Amphora%202.png,13358737233970096489
LOIR_Database,Amphora,Amphora%20kolbei.png,16877967211198555547
LOIR_Database,Amphora,Amphora%20marina.png,14432579942403632274
LOIR_Database,Amphora,Amphora%20spectabilis.png,18100390001869683249
LOIR_Database,Amphora,Amphora%20ocellata%20%201.png,16937353008260552058
LOIR_Database,Amphora,Amphora%20laevissima_1592391078317727.png,12562987585664618150
LOIR_Database,Amphora,Amphora%20ostrearia_159239141360229.png,16877685740853367234
LOIR_Database,Amphora,Amphora%20spectabilis_1592391626267401.png,16915684301720308682
LOIR_Database,Amphora,Amphora%20decussata.png,16876565379164594288
LOIR_Database,Amphora,Amphora%20coffeaeformis_1592391495749373.png,13377034888409301075
LOIR_Database,Amphora,Amphora%2039b.png,16876565379164463332
LOIR_Database,Amphora,Amphora%20elegans.png,12637324419650792609
LOIR_Database,Amphora,Amphora%20strigosa_159239074908078.png,17177452119731101741
LOIR_Database,Amphora,Amphora%20M.png,12673358183787434254
LOIR_Database,Amphora,Amphora%20ovalis_1592391398793229.png,13511841609012920892
LOIR_Database,Amphora,Amphora%20%20praelata.png,18365820153127535647
LOIR_Database,Amphora,Amphora%2073.png,13429951358849016103
LOIR_Database,Amphora,Amphora%2026.png,16908084591567672946
LOIR_Database,Amphora,Amphora%20angularis%2037.png,16948622960320765970
LOIR_Database,Amphora,Amphora%20inflexa_1592391640918579.png,12999296832679175716
LOIR_Database,Amphora,Amphora%20bigibba_159239140925268.png,17178014971370439998
LOIR_Database,Amphora,Amphora%20ostrearia%20vitrea.png,16908084590260086083
LOIR_Database,Amphora,Amphora%20angularis%2030.png,13745497603178507625
LOIR_Database,Amphora,Amphora%20arenaria.png,13504822572953583208
LOIR_Database,Amphora,Amphora%20commutata.png,13790245924257637537
AFD_Database,Cyclotella,Cyclotella_menenghiana_5_LM.png,18437985729408861479
AFD_Database,Cyclotella,Cyclotella_menenghiana_4_LM.png,9592643272315020577
AFD_Database,Cyclotella,Cyclotella_menenghiana_2_LM.png,9256967315828858658
AFD_Database,Cyclotella,Cyclotella_menenghiana_3_LM.png,9547625975067453296
AFD_Database,Cyclotella,Cyclotella_menenghiana_1_LM.png,9326580110258789735
AFD_Database,Eunotia,Eunotia_paludosa_var.paludosa_1_LM.png,14751571063360175238
AFD_Database,Eunotia,Eunotia_muscicola_1_LM.png,10799959142048752286
AFD_Database,Eunotia,Eunotia_spec.1_3_LM.png,11563167296318477659
AFD_Database,Eunotia,Eunotia_muscicola_3_LM.png,9507297358603770774
AFD_Database,Eunotia,Eunotia_paludosa_var.paludosa_3_LM.png,9643398154463105978
AFD_Database,Eunotia,Eunotia_fallax_3_LM.png,12530650954254934934
AFD_Database,Eunotia,Eunotia_fallax_2_LM.png,11876659755598172297
AFD_Database,Eunotia,Eunotia_muscicola_4_LM.png,15411324927757482273
AFD_Database,Eunotia,Eunotia_paludosa_var.paludosa_2_LM.png,11881689691103458196
AFD_Database,Eunotia,Eunotia_spec.1_4_LM.png,11958212985817556434
AFD_Database,Eunotia,Eunotia_muscicola_2_LM.png,15483945196603078973
AFD_Database,Eunotia,Eunotia_spec.1_2_LM.png,9542017054174180053
AFD_Database,Eunotia,Eunotia_paludosa_var.paludosa_5_LM.png,10748517186620014743
AFD_Database,Eunotia,Eunotia_spec.1_1_LM.png,15848453704989178098
AFD_Database,Eunotia,Eunotia_fallax_1_LM.png,10070466714110794872
AFD_Database,Eunotia,Eunotia_muscicola_5_LM.png,10946329965042748356
AFD_Database,Eunotia,Eunotia_paludosa_var.paludosa_4_LM.png,9935360922164416941
AFD_Database,Eunotia,Eunotia_spec.1_5_LM.png,10072433032555521895
AFD_Database,Sellaphora,Sellaphora_tumida_5_LM.png,13870746263629135282
AFD_Database,Sellaphora,Sellaphora_tumida_3_LM.png,16526621906054764546
AFD_Database,Sellaphora,Sellaphora_tumida_1_LM.png,12213277339603794039
AFD_Database,Sellaphora,Sellaphora_subantarctica_4_LM.png,9294461084850314387
AFD_Database,Sellaphora,Sellaphora_subantarctica_2_LM.png,13863820989239041171
AFD_Database,Sellaphora,Sellaphora_tumida_2_LM.png,16039262316010768287
AFD_Database,Sellaphora,Sellaphora_subantarctica_5_LM.png,9258995963650939123
AFD_Database,Sellaphora,Sellaphora_subantarctica_1_LM.png,9313039073514330247
AFD_Database,Sellaphora,Sellaphora_subantarctica_3_LM.png,10950637472297828822
AFD_Database,Sellaphora,Sellaphora_tumida_4_LM.png,9727316491541990792
AFD_Database,Surirella,Surirella_angusta_var.constricta_2_LM.png,11633946824263793332
AFD_Database,Surirella,Surirella_angusta_var.constricta_4_LM.png,9437149465196246089
AFD_Database,Surirella,Surirella_angusta_var.constricta_5_LM.png,11456283906827396099
AFD_Database,Surirella,Surirella_angusta_var.constricta_3_LM.png,12318596050898297162
AFD_Database,Surirella,Surirella_angusta_var.constricta_1_LM.png,9366640626837159680
AFD_Database,Psammothidium,0433_pgermainii_528A_15.6x92.png,10518218717007526265
AFD_Database,Psammothidium,Psammothidium_confusum_var.atomoides_5_LM.png,10817166335593755847
AFD_Database,Psammothidium,0392_Achildanos_485.png,11724416777973809991
AFD_Database,Psammothidium,Psammothidium_oblongellum_3_LM.png,15527930170286632295
AFD_Database,Psammothidium,Psammothidium_germainii_3_LM.png,12282910774910102102
AFD_Database,Psammothidium,0005_201.png,15447381837800803316
AFD_Database,Psammothidium,Psammothidium_therezienii_4_LM.png,12199359882477329714
AFD_Database,Psammothidium,Psammothidium_incognitum_3_LM.png,17289322542604003520
AFD_Database,Psammothidium,0012_A.germainii.3.png,13391649832855870913
AFD_Database,Psammothidium,0006_201.png,17303189975396726345
AFD_Database,Psammothidium,Psammothidium_investians_4_LM.png,14210126188959710305
AFD_Database,Psammothidium,0004_201.png,14012965599500174838
AFD_Database,Psammothidium,Psammothidium_stauroneioides_1_LM.png,11094721043006548371
AFD_Database,Psammothidium,Psammothidium_subatomoides_2_LM.png,10249841152642571617
AFD_Database,Psammothidium,Psammothidium_confusum_var.atomoides_4_LM.png,13849290066622676103
AFD_Database,Psammothidium,Psammothidium_investians_3_LM.png,12279318829152178371
AFD_Database,Psammothidium,Psammothidium_confusiforme_3_LM.png,9329486941456398385
AFD_Database,Psammothidium,Psammothidium_abundans_2_LM.png,9349286425285261931
AFD_Database,Psammothidium,Psammothidium_confusum_2_LM.png,13852513056572685340
AFD_Database,Psammothidium,Psammothidium_levanderi_2_LM.png,14747938468214978593
AFD_Database,Psammothidium,Psammothidium_confusiforme_1_LM.png,13942035456727661798
AFD_Database,Psammothidium,Psammothidium_confusiforme_4_LM.png,14877847327908145236
AFD_Database,Psammothidium,0253_Agermainii_566B.png,15214609381218845167
AFD_Database,Psammothidium,Psammothidium_subatomoides_3_LM.png,10044115057680644144
AFD_Database,Psammothidium,Psammothidium_incognitum_5_LM.png,12304110176533209288
AFD_Database,Psammothidium,Psammothidium_abundans_1_LM.png,13804934256605755433
AFD_Database,Psammothidium,Psammothidium_oblongellum_5_LM.png,9781922394256898440
AFD_Database,Psammothidium,0417_P_GERM.png,9224284168185911647
AFD_Database,Psammothidium,Psammothidium_manguinii_3_LM.png,14911418707298194556
AFD_Database,Psammothidium,Psammothidium_investians_1_LM.png,12315305686455987806
AFD_Database,Psammothidium,Psammothidium_germainii_2_LM.png,12639432168605705395
AFD_Database,Psammothidium,0393_Achildanos_527.png,14014164013978886755
AFD_Database,Psammothidium,Psammothidium_confusum_4_LM.png,15413792958000835672
AFD_Database,Psammothidium,Psammothidium_confusiforme_5_LM.png,9726925944881007752
AFD_Database,Psammothidium,Psammothidium_levanderi_1_LM.png,9334823165195504506
AFD_Database,Psammothidium,1636_Ppapilio_outside.png,12282827289212780113
AFD_Database,Psammothidium,0423_PSAM_GE1.png,10410170514377523622
AFD_Database,Psammothidium,Psammothidium_confusum_5_LM.png,9581647933238844728
AFD_Database,Psammothidium,Psammothidium_oblongellum_2_LM.png,18390590471025635211
AFD_Database,Psammothidium,Psammothidium_investians_5_LM.png,18428907559085658252
AFD_Database,Psammothidium,Psammothidium_therezienii_5_LM.png,16079618954614596897
AFD_Database,Psammothidium,Psammothidium_levanderi_3_LM.png,12345059295546927413
AFD_Database,Psammothidium,Psammothidium_abundans_3_LM.png,13057164946781685834
AFD_Database,Psammothidium,Psammothidium_germainii_1_LM.png,14186023605913918688
AFD_Database,Psammothidium,Psammothidium_germainii_4_LM.png,10766648778270506486
AFD_Database,Psammothidium,Psammothidium_subatomoides_1_LM.png,10043859692481278064
AFD_Database,Psammothidium,Psammothidium_oblongellum_1_LM.png,9325500756808682134
AFD_Database,Psammothidium,0434_pgermainii_566B_13.9x100.png,15497917296014698660
AFD_Database,Psammothidium,Psammothidium_germainii_5_LM.png,18418596921504546017
AFD_Database,Psammothidium,Psammothidium_therezienii_1_LM.png,12294633859167399236
AFD_Database,Psammothidium,Psammothidium_manguinii_4_LM.png,10002715770147015757
AFD_Database,Psammothidium,1637_Ppapilio_inside.png,13001006354276736100
AFD_Database,Psammothidium,Psammothidium_manguinii_5_LM.png,9763320415284999751
AFD_Database,Psammothidium,0001_200.png,17524989681760069873
AFD_Database,Psammothidium,Psammothidium_confusum_3_LM.png,16923414147050421391
AFD_Database,Psammothidium,Psammothidium_subatomoides_5_LM.png,15930219483620484359
AFD_Database,Psammothidium,Psammothidium_confusum_var.atomoides_1_LM.png,14137538045093816804
AFD_Database,Psammothidium,Psammothidium_confusiforme_2_LM.png,14158441261540158615
AFD_Database,Psammothidium,Psammothidium_oblongellum_4_LM.png,9781922394256898440
AFD_Database,Psammothidium,Psammothidium_manguinii_1_LM.png,11707239413064258323
AFD_Database,Psammothidium,0452_holotype1_Pneogerm_566E.png,13666371880269401988
AFD_Database,Psammothidium,0252_Agermainii_528A.png,15360270300766964691
AFD_Database,Psammothidium,Psammothidium_incognitum_4_LM.png,10219184418028890325
AFD_Database,Psammothidium,Psammothidium_subatomoides_4_LM.png,17173811238582726212
AFD_Database,Psammothidium,0454_holotype_Pneogerm_566B.png,13108518659144044378
AFD_Database,Psammothidium,Psammothidium_therezienii_3_LM.png,9991950755676792222
AFD_Database,Psammothidium,Psammothidium_stauroneioides_2_LM.png,12353625247410610643
AFD_Database,Psammothidium,Psammothidium_incognitum_2_LM.png,11515941855691532716
AFD_Database,Psammothidium,Psammothidium_incognitum_1_LM.png,16050969877343604014
AFD_Database,Psammothidium,Psammothidium_investians_2_LM.png,13732180045490874249
AFD_Database,Psammothidium,Psammothidium_stauroneioides_5_LM.png,16893149683374832751
AFD_Database,Psammothidium,Psammothidium_confusum_var.atomoides_2_LM.png,13867431763180010670
AFD_Database,Psammothidium,Psammothidium_confusum_var.atomoides_3_LM.png,9456411712026866582
AFD_Database,Psammothidium,Psammothidium_therezienii_2_LM.png,12277049046290778676
AFD_Database,Psammothidium,Psammothidium_manguinii_2_LM.png,15527334071589007431
AFD_Database,Psammothidium,Psammothidium_abundans_5_LM.png,17651105944174210057
AFD_Database,Psammothidium,Psammothidium_abundans_4_LM.png,16084833807884196071
AFD_Database,Psammothidium,Psammothidium_confusum_1_LM.png,18194264526163033091
AFD_Database,Psammothidium,Psammothidium_stauroneioides_4_LM.png,11671310333753780528
AFD_Database,Psammothidium,Psammothidium_stauroneioides_3_LM.png,14947459232358808773
AFD_Database,Nupela,Nupela_chilensis_5_LM.png,13184298918971784391
AFD_Database,Nupela,Nupela_chilensis_1_LM.png,15311265273541365399
AFD_Database,Nupela,Nupela_chilensis_3_LM.png,9865152091049556150
AFD_Database,Nupela,Nupela_chilensis_4_LM.png,13686439410643844951
AFD_Database,Nupela,Nupela_chilensis_2_LM.png,12102318209461997025
AFD_Database,Aulacoseira,Aulacoseira_distans_4_LM.png,11732298975306368400
AFD_Database,Aulacoseira,Aulacoseira_distans_5_LM.png,11179483131164978479
AFD_Database,Aulacoseira,Aulacoseira_distans_3_LM.png,11393931674530126529
AFD_Database,Aulacoseira,Aulacoseira_distans_1_LM.png,11105710095243187040
AFD_Database,Aulacoseira,Aulacoseira_distans_2_LM.png,11464872173759681136
AFD_Database,Pinnularia,Pinnularia_kolbei_3_LM.png,9793915905472898447
AFD_Database,Pinnularia,Pinnularia_angliciformis_4_LM.png,11593707898583478917
AFD_Database,Pinnularia,Pinnularia_viridiformis_1_LM.png,14067696250537406531
AFD_Database,Pinnularia,0349_Pborealis_444A.png,12334028924602587730
AFD_Database,Pinnularia,0294_Pborealis_524A2.png,12611116954422139768
AFD_Database,Pinnularia,Pinnularia_rabenhorstii_var.rabenhorstii_3_LM.png,9500413139329839147
AFD_Database,Pinnularia,Pinnularia_rhombarea_var.serrata_1_LM.png,10078542812853399657
AFD_Database,Pinnularia,Pinnularia_schoenfelderi_3_LM.png,10871948188123374623
AFD_Database,Pinnularia,Pinnularia_vatii_3_LM.png,15427163121841661287
AFD_Database,Pinnularia,Pinnularia_cuneorostrata_3_LM.png,11318612910279861543
AFD_Database,Pinnularia,Pinnularia_crozetii_1_LM.png,10829793981768185424
AFD_Database,Pinnularia,Pinnularia_borealis_var.scalaris_4_LM.png,10910933155303399648
AFD_Database,Pinnularia,Pinnularia_subcommuata_5_LM.png,14008745485525204119
AFD_Database,Pinnularia,Pinnularia_peracuminata_3_LM.png,10711613399365003638
AFD_Database,Pinnularia,Pinnularia_sagittiformis_3_LM.png,10851609801267394196
AFD_Database,Pinnularia,Pinnularia_divergentissima_var.divergentissima_3_LM.png,15492782525543916642
AFD_Database,Pinnularia,Pinnularia_subantarctica_4_LM.png,14481095809799582881
AFD_Database,Pinnularia,Pinnularia_obscura_1_LM.png,9477998234496741618
AFD_Database,Pinnularia,Pinnularia_carteri_1_LM.png,12371983463967166301
AFD_Database,Pinnularia,Pinnularia_rabenhorstii_var.rabenhorstii_2_LM.png,14018417147219092542
AFD_Database,Pinnularia,Pinnularia_subantarctica_var.elongata_3_LM.png,10620102867186185477
AFD_Database,Pinnularia,Pinnularia_neomajor_2_LM.png,10015633842481786977
AFD_Database,Pinnularia,Pinnularia_rabenhorstii_var.raphecurvata_2_LM.png,10894325246916716863
AFD_Database,Pinnularia,Pinnularia_obscura_2_LM.png,14008779923761852467
AFD_Database,Pinnularia,Pinnularia_extralonga_1_LM.png,10025484552106860702
AFD_Database,Pinnularia,Pinnularia_cuneorostrata_1_LM.png,15537571262023255476
AFD_Database,Pinnularia,Pinnularia_crozetii_2_LM.png,10873495862401492249
AFD_Database,Pinnularia,Pinnularia_divergentissima_var.minor_4_LM.png,10358432592948975757
AFD_Database,Pinnularia,Pinnularia_kolbei_2_LM.png,10799309668620445073
AFD_Database,Pinnularia,Pinnularia_lecohui_5_LM.png,15172186827468827781
AFD_Database,Pinnularia,Pinnularia_divergentissima_var.divergentissima_4_LM.png,10865931071546500458
AFD_Database,Pinnularia,Pinnularia_lecohui_1_LM.png,13995269085302111350
AFD_Database,Pinnularia,Pinnularia_laperousei_4_LM.png,10838309385658458548
AFD_Database,Pinnularia,Pinnularia_microstauron_var.roatrata_1_LM.png,10660105045760551599
AFD_Database,Pinnularia,Pinnularia_cf.microstauron_var.nonfasciata_2_LM.png,14077178466712522805
AFD_Database,Pinnularia,Pinnularia_crozetii_5_LM.png,15423502847641461990
AFD_Database,Pinnularia,Pinnularia_sagittiformis_1_LM.png,12639770924820067110
AFD_Database,Pinnularia,Pinnularia_borealis_var.scalaris_5_LM.png,15170772875917272127
AFD_Database,Pinnularia,Pinnularia_cf.microstauron_var.nonfasciata_3_LM.png,15389444358267594029
AFD_Database,Pinnularia,Pinnularia_vatii_2_LM.png,15400140561476822406
AFD_Database,Pinnularia,Pinnularia_vatii_1_LM.png,15454240794682328546
AFD_Database,Pinnularia,Pinnularia_alpiniformis_4_LM.png,9720714368306402573
AFD_Database,Pinnularia,Pinnularia_amae_2_LM.png,9472265367858819617
AFD_Database,Pinnularia,Pinnularia_bottnica_2_LM.png,14337365995567708554
AFD_Database,Pinnularia,Pinnularia_rhombarea_var.serrata_3_LM.png,10672222832960446825
AFD_Database,Pinnularia,Pinnularia_kolbei_5_LM.png,10516053886616729673
AFD_Database,Pinnularia,0251_Pborealis_524Abwscale.png,17888583243699227865
AFD_Database,Pinnularia,Pinnularia_dulcicola_5_LM.png,9452518395235132133
AFD_Database,Pinnularia,Pinnularia_carteri_4_LM.png,10338642627381260933
AFD_Database,Pinnularia,Pinnularia_crozetii_3_LM.png,9464665684285142162
AFD_Database,Pinnularia,Pinnularia_neomajor_1_LM.png,15539717549197108430
AFD_Database,Pinnularia,Pinnularia_acidicola_var.elongata_1_LM.png,15436239996740756965
AFD_Database,Pinnularia,Pinnularia_kerguelensis_1_LM.png,10897354589594345590
AFD_Database,Pinnularia,Pinnularia_petersenii_1_LM.png,12819586701566376485
AFD_Database,Pinnularia,Pinnularia_bottnica_5_LM.png,9362173546053231633
AFD_Database,Pinnularia,Pinnularia_subantarctica_1_LM.png,10919886177279787066
AFD_Database,Pinnularia,Pinnularia_alpiniformis_3_LM.png,10501901418246709309
AFD_Database,Pinnularia,Pinnularia_pisciculus_5_LM.png,9358514451855864553
AFD_Database,Pinnularia,Pinnularia_lecohui_4_LM.png,15444947975674683659
AFD_Database,Pinnularia,Pinnularia_cuneorostrata_2_LM.png,10070598909977227759
AFD_Database,Pinnularia,Pinnularia_lecohui_2_LM.png,10554871569607697618
AFD_Database,Pinnularia,Pinnularia_rabenhorstii_var.rabenhorstii_1_LM.png,15320692037954661733
AFD_Database,Pinnularia,Pinnularia_viridiformis_2_LM.png,9390902105326694486
AFD_Database,Pinnularia,Pinnularia_lecohui_3_LM.png,14040586990346920965
AFD_Database,Pinnularia,Pinnularia_bottnica_3_LM.png,11058685212971854542
AFD_Database,Pinnularia,Pinnularia_angliciformis_1_LM.png,9281091356040491059
AFD_Database,Pinnularia,Pinnularia_divergentissima_var.divergentissima_2_LM.png,10872126815350366406
AFD_Database,Pinnularia,Pinnularia_divergentissima_var.divergentissima_1_LM.png,9505056239545316661
AFD_Database,Pinnularia,Pinnularia_acidicola_var.acidicola_2_LM.png,15382117341162988855
AFD_Database,Pinnularia,Pinnularia_borealis_var.scalaris_1_LM.png,12825644782932595209
AFD_Database,Pinnularia,Pinnularia_sagittiformis_2_LM.png,10085861433818837647
AFD_Database,Pinnularia,Pinnularia_sagittiformis_5_LM.png,11516366422316164452
AFD_Database,Pinnularia,Pinnularia_rhombarea_var.serrata_4_LM.png,10888114140089278724
AFD_Database,Pinnularia,Pinnularia_cuneorostrata_5_LM.png,11340309907648181090
AFD_Database,Pinnularia,Pinnularia_borealis_var.scalaris_3_LM.png,9275197891471694990
AFD_Database,Pinnularia,Pinnularia_subcommuata_3_LM.png,10944902614528538674
AFD_Database,Pinnularia,Pinnularia_rabenhorstii_var.franconica_3_LM.png,9500360848090414162
AFD_Database,Pinnularia,Pinnularia_amae_3_LM.png,9483665240826704275
AFD_Database,Pinnularia,Pinnularia_subantarctica_var.elongata_5_LM.png,17074837862958440325
AFD_Database,Pinnularia,Pinnularia_divergentissima_var.minor_3_LM.png,14190924954394326047
AFD_Database,Pinnularia,Pinnularia_laperousei_1_LM.png,15454395382961809379
AFD_Database,Pinnularia,Pinnularia_viridiformis_var.minor_4_LM.png,9395423274738802750
AFD_Database,Pinnularia,0241_P.borealis.odd.1.png,13576333188612279732
AFD_Database,Pinnularia,Pinnularia_microstauron_var.microstauron_2_LM.png,9503754440360687664
AFD_Database,Pinnularia,Pinnularia_angliciformis_3_LM.png,16027300881958577939
AFD_Database,Pinnularia,Pinnularia_petersenii_2_LM.png,9791033008781193614
AFD_Database,Pinnularia,Pinnularia_cf.microstauron_var.nonfasciata_5_LM.png,10849253260955329904
AFD_Database,Pinnularia,Pinnularia_extralonga_2_LM.png,9412716390271726772
AFD_Database,Pinnularia,Pinnularia_acidicola_var.elongata_5_LM.png,15489157781990401311
AFD_Database,Pinnularia,Pinnularia_laperousei_5_LM.png,10771724232907317667
AFD_Database,Pinnularia,Pinnularia_rabenhorstii_var.rabenhorstii_4_LM.png,10811853104496845942
AFD_Database,Pinnularia,Pinnularia_schoenfelderi_1_LM.png,18370289306776314892
AFD_Database,Pinnularia,Pinnularia_obscura_3_LM.png,11428702208769171822
AFD_Database,Pinnularia,0240_P.borealis.girdle.1.png,13559303981517491123
AFD_Database,Pinnularia,Pinnularia_rabenhorstii_var.franconica_1_LM.png,16158642715658229563
AFD_Database,Pinnularia,Pinnularia_rabenhorstii_var.subantarctica_4_LM.png,10910579729932578164
AFD_Database,Pinnularia,Pinnularia_alpiniformis_1_LM.png,10412089195669517326
AFD_Database,Pinnularia,Pinnularia_petersenii_4_LM.png,14409839912992302390
AFD_Database,Pinnularia,Pinnularia_borealis_var.scalaris_2_LM.png,14107683918640462874
AFD_Database,Pinnularia,Pinnularia_subantarctica_var.elongata_1_LM.png,12170159162140792776
AFD_Database,Pinnularia,Pinnularia_rabenhorstii_var.raphecurvata_1_LM.png,15186208038150057262
AFD_Database,Pinnularia,Pinnularia_amae_4_LM.png,11527008310950196992
AFD_Database,Pinnularia,Pinnularia_bottnica_1_LM.png,9416903350669079697
AFD_Database,Pinnularia,Pinnularia_rhombarea_var.serrata_5_LM.png,10829867571734258740
AFD_Database,Pinnularia,Pinnularia_carteri_2_LM.png,12312861088270940717
AFD_Database,Pinnularia,Pinnularia_rabenhorstii_var.franconica_2_LM.png,13897139886339210553
AFD_Database,Pinnularia,Pinnularia_laperousei_2_LM.png,11797777036445184092
AFD_Database,Pinnularia,Pinnularia_rabenhorstii_var.subantarctica_1_LM.png,10895714492715001163
AFD_Database,Pinnularia,Pinnularia_pisciculus_2_LM.png,10924178095684822374
AFD_Database,Pinnularia,Pinnularia_dulcicola_3_LM.png,9757240010154150946
AFD_Database,Pinnularia,Pinnularia_acidicola_var.acidicola_3_LM.png,16132360973550003610
AFD_Database,Pinnularia,Pinnularia_subantarctica_var.elongata_4_LM.png,11070788933929822320
AFD_Database,Pinnularia,Pinnularia_acidicola_var.acidicola_4_LM.png,15274181358767257111
AFD_Database,Pinnularia,Pinnularia_cuneorostrata_4_LM.png,18357238009360426298
AFD_Database,Pinnularia,Pinnularia_divergentissima_var.minor_5_LM.png,9791069884295176503
AFD_Database,Pinnularia,Pinnularia_viridiformis_var.minor_3_LM.png,9991285963062424748
AFD_Database,Pinnularia,Pinnularia_subantarctica_2_LM.png,14290588520724556044
AFD_Database,Pinnularia,Pinnularia_pisciculus_4_LM.png,10948297487435769252
AFD_Database,Pinnularia,Pinnularia_divergentissima_var.divergentissima_5_LM.png,17636459526341011226
AFD_Database,Pinnularia,Pinnularia_obscura_4_LM.png,11392392081729430898
AFD_Database,Pinnularia,Pinnularia_vatii_4_LM.png,9360396784179474641
AFD_Database,Pinnularia,Pinnularia_petersenii_5_LM.png,14144683072008630172
AFD_Database,Pinnularia,Pinnularia_divergentissima_var.minor_2_LM.png,14911639638868259879
AFD_Database,Pinnularia,Pinnularia_microstauron_var.microstauron_1_LM.png,10861076122723104166
AFD_Database,Pinnularia,Pinnularia_viridiformis_var.minor_1_LM.png,14021446968948678677
AFD_Database,Pinnularia,Pinnularia_rabenhorstii_var.franconica_4_LM.png,9789905137213928737
AFD_Database,Pinnularia,Pinnularia_subantarctica_3_LM.png,11476623541724132843
AFD_Database,Pinnularia,Pinnularia_acidicola_var.elongata_3_LM.png,12817341198174220901
AFD_Database,Pinnularia,Pinnularia_crozetii_4_LM.png,9496189782158242992
AFD_Database,Pinnularia,Pinnularia_rabenhorstii_var.raphecurvata_3_LM.png,9980026317592819195
AFD_Database,Pinnularia,Pinnularia_subcommuata_2_LM.png,10836358813354754447
AFD_Database,Pinnularia,Pinnularia_microstauron_var.roatrata_3_LM.png,17868103124651094918
AFD_Database,Pinnularia,Pinnularia_acidicola_var.acidicola_1_LM.png,15382117341162988855
AFD_Database,Pinnularia,Pinnularia_obscura_5_LM.png,10816497302432908660
AFD_Database,Pinnularia,Pinnularia_kerguelensis_2_LM.png,15563361142226511135
AFD_Database,Pinnularia,Pinnularia_cf.microstauron_var.nonfasciata_1_LM.png,10549519289564144792
AFD_Database,Pinnularia,1635_Pborealis.png,15161984896188114045
AFD_Database,Pinnularia,Pinnularia_carteri_3_LM.png,16028461950768743495
AFD_Database,Pinnularia,Pinnularia_kerguelensis_3_LM.png,15297091503194988887
AFD_Database,Pinnularia,Pinnularia_microstauron_var.roatrata_5_LM.png,13254102364020764699
AFD_Database,Pinnularia,Pinnularia_petersenii_3_LM.png,10765954326353901605
AFD_Database,Pinnularia,Pinnularia_subantarctica_var.elongata_2_LM.png,15561162531842484418
AFD_Database,Pinnularia,Pinnularia_angliciformis_2_LM.png,10572317907774940222
AFD_Database,Pinnularia,Pinnularia_cf.microstauron_var.nonfasciata_4_LM.png,14033549931088638072
AFD_Database,Pinnularia,Pinnularia_amae_1_LM.png,15258668998224372054
AFD_Database,Pinnularia,Pinnularia_microstauron_var.roatrata_2_LM.png,12677707852742145807
AFD_Database,Pinnularia,Pinnularia_extralonga_3_LM.png,10662037853781533161
AFD_Database,Pinnularia,Pinnularia_sagittiformis_4_LM.png,10367379866142126623
AFD_Database,Pinnularia,0239_P.borealis.1.png,16844807144247761156
AFD_Database,Pinnularia,Pinnularia_angliciformis_5_LM.png,15016143883585187892
AFD_Database,Pinnularia,Pinnularia_divergentissima_var.minor_1_LM.png,16028454822834156582
AFD_Database,Pinnularia,Pinnularia_rabenhorstii_var.subantarctica_3_LM.png,14065936462839509207
AFD_Database,Pinnularia,Pinnularia_kolbei_1_LM.png,14708493356167048471
AFD_Database,Pinnularia,Pinnularia_viridiformis_3_LM.png,9391762162997620773
AFD_Database,Pinnularia,Pinnularia_subantarctica_5_LM.png,16066214308937409927
AFD_Database,Pinnularia,Pinnularia_rabenhorstii_var.subantarctica_5_LM.png,16132855419853104412
AFD_Database,Pinnularia,Pinnularia_dulcicola_1_LM.png,9759386478032439512
AFD_Database,Pinnularia,Pinnularia_rhombarea_var.serrata_2_LM.png,10924142937090662821
AFD_Database,Pinnularia,Pinnularia_alpiniformis_2_LM.png,9598360749846653404
AFD_Database,Pinnularia,Pinnularia_viridiformis_var.minor_2_LM.png,10904669327733696599
AFD_Database,Pinnularia,Pinnularia_bottnica_4_LM.png,10663555567244310561
AFD_Database,Pinnularia,Pinnularia_subcommuata_4_LM.png,10432636698104362038
AFD_Database,Pinnularia,Pinnularia_rabenhorstii_var.raphecurvata_4_LM.png,14107873683154153784
AFD_Database,Pinnularia,Pinnularia_amae_5_LM.png,10087074911526203591
AFD_Database,Pinnularia,Pinnularia_acidicola_var.acidicola_5_LM.png,10813417634380068332
AFD_Database,Pinnularia,Pinnularia_pisciculus_3_LM.png,10779465477138490852
AFD_Database,Pinnularia,Pinnularia_peracuminata_1_LM.png,15196077460630497331
AFD_Database,Pinnularia,Pinnularia_laperousei_3_LM.png,9831956027302771797
AFD_Database,Pinnularia,Pinnularia_carteri_5_LM.png,10212262418684441479
AFD_Database,Pinnularia,Pinnularia_acidicola_var.elongata_4_LM.png,17616465976841285063
AFD_Database,Pinnularia,Pinnularia_kerguelensis_4_LM.png,10418356004054570089
AFD_Database,Pinnularia,Pinnularia_dulcicola_4_LM.png,10649192118569721925
AFD_Database,Pinnularia,Pinnularia_schoenfelderi_2_LM.png,16028427363906561061
AFD_Database,Pinnularia,Pinnularia_peracuminata_2_LM.png,9756867058798643494
AFD_Database,Pinnularia,Pinnularia_kerguelensis_5_LM.png,9612721160775099491
AFD_Database,Pinnularia,Pinnularia_kolbei_4_LM.png,14316902112731637089
AFD_Database,Pinnularia,Pinnularia_acidicola_var.elongata_2_LM.png,17616395543737888039
AFD_Database,Pinnularia,Pinnularia_vatii_5_LM.png,10780291769253012788
AFD_Database,Pinnularia,Pinnularia_pisciculus_1_LM.png,15498285284736952169
AFD_Database,Pinnularia,Pinnularia_rabenhorstii_var.raphecurvata_5_LM.png,14340561951006713140
AFD_Database,Pinnularia,Pinnularia_dulcicola_2_LM.png,9489681128444943860
AFD_Database,Pinnularia,Pinnularia_subcommuata_1_LM.png,9726784347932287061
AFD_Database,Pinnularia,Pinnularia_rabenhorstii_var.subantarctica_2_LM.png,10820578313385635235
AFD_Database,Craticula,Pinnularia_aff.perirrorata_5_LM.png,12385000745461932319
AFD_Database,Craticula,0234_N.molestiformis.1.png,15180980487387786578
AFD_Database,Craticula,Craticula_submolesta_2_LM.png,14906916000993408558
AFD_Database,Craticula,1614_Craticula_outisde.png,14862201589927234666
AFD_Database,Craticula,0255_Cmolestiformis_528A.png,17669877338725355249
AFD_Database,Craticula,Craticula_cf.submolesta_2_LM.png,11088108599400938878
AFD_Database,Craticula,Pinnularia_aff.perirrorata_1_LM.png,10871772098824565774
AFD_Database,Craticula,Craticula_vixnegligenda_1_LM.png,14906953384345003567
AFD_Database,Craticula,Craticula_vixnegligenda_3_LM.png,16087138379731345154
AFD_Database,Craticula,Craticula_cf.submolesta_3_LM.png,10158127726701708319
AFD_Database,Craticula,Craticula_salsuginosa_4_LM.png,9653617159491922679
AFD_Database,Craticula,Craticula_submolesta_1_LM.png,10912271640628091443
AFD_Database,Craticula,Pinnularia_aff.perirrorata_4_LM.png,14897954914653714579
AFD_Database,Craticula,Craticula_cf.submolesta_1_LM.png,15990266343312302623
AFD_Database,Craticula,0194_202.png,16612672377123192511
AFD_Database,Craticula,1613_Craticula_inside.png,13784023780831222080
AFD_Database,Craticula,Craticula_salsuginosa_3_LM.png,9402523809020059157
AFD_Database,Craticula,Craticula_vixnegligenda_4_LM.png,10299742517828066871
AFD_Database,Craticula,Pinnularia_aff.perirrorata_3_LM.png,11808962335416050563
AFD_Database,Craticula,0448_Cmolestif1_527C_15.7x110.png,15387395869139335418
AFD_Database,Craticula,Craticula_salsuginosa_2_LM.png,9614070950028819976
AFD_Database,Craticula,0449_Cmolestif_527C_15.png,15540703989942233375
AFD_Database,Craticula,Craticula_submolesta_5_LM.png,14767588086539041801
AFD_Database,Craticula,Craticula_salsuginosa_5_LM.png,14767319962815508589
AFD_Database,Craticula,Craticula_salsuginosa_1_LM.png,11071155915060537842
AFD_Database,Craticula,Pinnularia_aff.perirrorata_2_LM.png,10944165249039786887
AFD_Database,Craticula,Craticula_cf.submolesta_4_LM.png,13625432556440464661
AFD_Database,Craticula,Craticula_submolesta_4_LM.png,14911560285993136767
AFD_Database,Craticula,Craticula_vixnegligenda_2_LM.png,11081201712574351662
AFD_Database,Craticula,Craticula_submolesta_3_LM.png,14330457344756905039
AFD_Database,Craticula,Craticula_vixnegligenda_5_LM.png,10948405861715947283
AFD_Database,Frustulia,Frustulia_subantarctica_1_LM.png,13861848747631996973
AFD_Database,Frustulia,Frustulia_pulchra_2_LM.png,15564765215268934588
AFD_Database,Frustulia,Frustulia_vulgaris_4_LM.png,9848887845877152855
AFD_Database,Frustulia,Frustulia_vulgaris_1_LM.png,9724163296758627712
AFD_Database,Frustulia,Frustulia_cirisae_2_LM.png,14983476278691966906
AFD_Database,Frustulia,Frustulia_cirisae_3_LM.png,10080767005599585077
AFD_Database,Frustulia,Frustulia_subantarctica_3_LM.png,14175934956566633891
AFD_Database,Frustulia,Frustulia_pulchra_1_LM.png,15085949632973334093
AFD_Database,Frustulia,Frustulia_subantarctica_2_LM.png,14158763836537289121
AFD_Database,Frustulia,Frustulia_subantarctica_5_LM.png,9716807564040090569
AFD_Database,Frustulia,Frustulia_subantarctica_4_LM.png,14145247100922706767
AFD_Database,Frustulia,Frustulia_vulgaris_5_LM.png,13906565827155572839
AFD_Database,Frustulia,Frustulia_pulchra_4_LM.png,11095554496845996836
AFD_Database,Frustulia,Frustulia_cirisae_5_LM.png,15897709671486205214
AFD_Database,Frustulia,Frustulia_cirisae_1_LM.png,10295346565121195066
AFD_Database,Frustulia,Frustulia_vulgaris_3_LM.png,14116585549047722138
AFD_Database,Frustulia,Frustulia_pulchra_3_LM.png,14859674138396551062
AFD_Database,Frustulia,Frustulia_cirisae_4_LM.png,14983616970705622155
AFD_Database,Frustulia,Frustulia_vulgaris_2_LM.png,9510243371741244546
AFD_Database,Caloneis,Caloneis_delphineae_1_LM.png,10300911746501031215
AFD_Database,Caloneis,Caloneis_bacillum_1_LM.png,10560496497974600877
AFD_Database,Caloneis,Caloneis_bacillum_2_LM.png,9508839662224536609
AFD_Database,Caloneis,Caloneis_bacillum_5_LM.png,16065158879851865409
AFD_Database,Caloneis,Caloneis_delphineae_5_LM.png,10911352614932653370
AFD_Database,Caloneis,Caloneis_silicula_var.minuta_4_LM.png,10299848618495207600
AFD_Database,Caloneis,Caloneis_silicula_var.minuta_3_LM.png,11236543930964091234
AFD_Database,Caloneis,Caloneis_delphineae_4_LM.png,11480916433594261933
AFD_Database,Caloneis,Caloneis_bacillum_3_LM.png,11403532038271426768
AFD_Database,Caloneis,Caloneis_delphineae_3_LM.png,11231112603516907557
AFD_Database,Caloneis,Caloneis_marnieri_1_LM.png,10929104441308438808
AFD_Database,Caloneis,Caloneis_silicula_var.minuta_2_LM.png,16102684696242710794
AFD_Database,Caloneis,Caloneis_silicula_var.minuta_1_LM.png,10019292966976268345
AFD_Database,Caloneis,Caloneis_marnieri_3_LM.png,10739530837379735926
AFD_Database,Caloneis,Caloneis_marnieri_2_LM.png,10739495687367778751
AFD_Database,Caloneis,Caloneis_delphineae_2_LM.png,10076448623171825799
AFD_Database,Caloneis,Caloneis_marnieri_4_LM.png,10793257716120086994
AFD_Database,Caloneis,Caloneis_bacillum_4_LM.png,10815794569073681528
AFD_Database,Caloneis,Caloneis_silicula_var.minuta_5_LM.png,10056746246788394361
AFD_Database,Caloneis,Caloneis_marnieri_5_LM.png,10703783274833338679
AFD_Database,Achnanthes,Achnanthes_naviformis_4_LM.png,15200820762405647811
AFD_Database,Achnanthes,Achnanthes_muelleri_3_LM.png,10562068260582882553
AFD_Database,Achnanthes,1603_Ataylorensis_rapheoutside.png,16204187051790773803
AFD_Database,Achnanthes,1600_Ataylorensis_rapheinside.png,13974728187206916110
AFD_Database,Achnanthes,0016_A.taylorensis.4.png,13285374714784423600
AFD_Database,Achnanthes,Achnanthes_naviformis_5_LM.png,9695768602392163825
AFD_Database,Achnanthes,Achnanthes_muelleri_1_LM.png,14576935449699585902
AFD_Database,Achnanthes,1602_Ataylorensis_raphelessoutside.png,15039521438732093190
AFD_Database,Achnanthes,0015_A.taylorensis.3.png,17987878046595332160
AFD_Database,Achnanthes,Achnanthes_naviformis_3_LM.png,9509400358514389560
AFD_Database,Achnanthes,Achnanthes_naviformis_1_LM.png,10943847079069641349
AFD_Database,Achnanthes,0343_Ataloyensis_444A.png,13558881817497554528
AFD_Database,Achnanthes,0013_A.taylorensis.1.png,13295225903773449886
AFD_Database,Achnanthes,Achnanthes_muelleri_4_LM.png,9613599903707325938
AFD_Database,Achnanthes,Achnanthes_naviformis_2_LM.png,9986518800611143714
AFD_Database,Achnanthes,Achnanthes_muelleri_2_LM.png,13949381766971083678
AFD_Database,Achnanthes,Achnanthes_muelleri_5_LM.png,12677787849930777255
AFD_Database,Achnanthes,0014_A.taylorensis.2.png,18160378855889166316
AFD_Database,Achnanthes,1601_Ataylorensis_raphelessinside.png,15297291792789113276
AFD_Database,Muelleria,Muelleria_varipunctata_5_LM.png,10805641881475238190
AFD_Database,Muelleria,0473_100_LM1.png,15782126428775162872
AFD_Database,Muelleria,0507_94_SEM1.png,10794102239301348332
AFD_Database,Muelleria,0389_527MMV1S.png,15699601209238877187
AFD_Database,Muelleria,0479_100_SEM2.png,12153392080090404309
AFD_Database,Muelleria,0493_102_SEM1.png,16261004107559164270
AFD_Database,Muelleria,0131_200.png,13160741555321327074
AFD_Database,Muelleria,0490_102_LM3.png,17340274539837372621
AFD_Database,Muelleria,Muelleria_varipunctata_3_LM.png,14137378902665017651
AFD_Database,Muelleria,0480_100_SEM3.png,18409682208352242353
AFD_Database,Muelleria,0348_Mmeridionalis_444A.png,10603993979766145387
AFD_Database,Muelleria,0510_95_LM2.png,13828425869647152112
AFD_Database,Muelleria,0469_94_LM2.png,13594804397822174433
AFD_Database,Muelleria,1627_Mcryoconicola.png,9484352545849526440
AFD_Database,Muelleria,0487_101_SEM2.png,17312717659916413363
AFD_Database,Muelleria,0531_98_LM2.png,16132215829537985292
AFD_Database,Muelleria,0413_MmeridV1_514_i.png,15357057405739952907
AFD_Database,Muelleria,0350_Mmeridionalis_496A.png,12661993779824652615
AFD_Database,Muelleria,0522_96_LM5.png,15606506358547645357
AFD_Database,Muelleria,0130_200.png,17989178945887771672
AFD_Database,Muelleria,0128_199.png,10892370678543476630
AFD_Database,Muelleria,Muelleria_luculenta_3_LM.png,10929718017368879580
AFD_Database,Muelleria,0472_94_LM5.png,12443815600051772445
AFD_Database,Muelleria,0509_95_LM1.png,10353067845194265552
AFD_Database,Muelleria,0520_96_LM3.png,16081549951476175602
AFD_Database,Muelleria,0534_98_LM5.png,15570602385095430824
AFD_Database,Muelleria,Muelleria_varipunctata_2_LM.png,14696650537513394729
AFD_Database,Muelleria,0471_94_LM4.png,9846522827929858036
AFD_Database,Muelleria,1630_Mperaustralis.png,13867814334122895430
AFD_Database,Muelleria,0426_mperastralis_527B_12.5x98.2.png,11923416651177096006
AFD_Database,Muelleria,0517_95_SEM2.png,9765645770710215266
AFD_Database,Muelleria,0125_199.png,13755973761495352824
AFD_Database,Muelleria,0132_200.png,18421821108945705889
AFD_Database,Muelleria,0441_holotype_Msupramerid.png,12532100014410155338
AFD_Database,Muelleria,0486_101_SEM1.png,18290803984973254824
AFD_Database,Muelleria,0290_Mmeridionalisv1_527B.png,12495641813320125566
AFD_Database,Muelleria,0512_95_LM4.png,18135159078124558576
AFD_Database,Muelleria,0488_102_LM1.png,10159878921869385503
AFD_Database,Muelleria,0461_Mmeridionalisv1_528C_16.9x97.png,12504442989697208246
AFD_Database,Muelleria,0470_94_LM3.png,12440440089687465138
AFD_Database,Muelleria,0133_201.png,13558583068779266866
AFD_Database,Muelleria,0474_100_LM2.png,18209566539879684009
AFD_Database,Muelleria,Muelleria_varipunctata_4_LM.png,9473952066057876576
AFD_Database,Muelleria,0540_99_LM4.png,10354145338706536782
AFD_Database,Muelleria,0533_98_LM4.png,12622941577597217584
AFD_Database,Muelleria,0484_101_LM4.png,12636207782937750164
AFD_Database,Muelleria,0541_99_LM5.png,13399553623442842712
AFD_Database,Muelleria,0352_Mmeridionalis_496A3.png,14814996176008804554
AFD_Database,Muelleria,0386_MmeridionV1_527B_4.8x92.7b.png,12495360482218602250
AFD_Database,Muelleria,0385_MmeridionV1_527B_19.7x94.5.png,18234780672330928240
AFD_Database,Muelleria,0483_101_LM3.png,16980071238012143501
AFD_Database,Muelleria,0485_101_LM5.png,13236451264776932644
AFD_Database,Muelleria,1629_Mmeridionalis_side.png,15046671228851421059
AFD_Database,Muelleria,0536_98_SEM2.png,17206081301351803262
AFD_Database,Muelleria,0516_95_SEM1.png,14905162734789815881
AFD_Database,Muelleria,0387_14_MUELL.png,9363030154291817386
AFD_Database,Muelleria,0539_99_LM3.png,15828270934648071668
AFD_Database,Muelleria,0354_Mmeridionalis_496A5.png,15673374728006395829
AFD_Database,Muelleria,0477_100_LM5.png,15820477329927476080
AFD_Database,Muelleria,0542_99_SEM1.png,12277460093217954729
AFD_Database,Muelleria,Muelleria_luculenta_1_LM.png,16031795933525730117
AFD_Database,Muelleria,0511_95_LM3.png,10283248828964023178
AFD_Database,Muelleria,0478_100_SEM1.png,15351164233925879253
AFD_Database,Muelleria,0412_MmeridV1_485_m.png,16505970703527715582
AFD_Database,Muelleria,0425_MmeridionV1_527B1_10.6x101.4.png,10148143003597559181
AFD_Database,Muelleria,0492_102_LM5.png,13163830705717570611
AFD_Database,Muelleria,0353_Mmeridionalis_496A4.png,18207107102019408386
AFD_Database,Muelleria,0530_98_LM1.png,15760735442987040278
AFD_Database,Muelleria,0491_102_LM4.png,10136851051267755705
AFD_Database,Muelleria,1628_Mmeridionalis_outside.png,14223042682087369886
AFD_Database,Muelleria,0476_100_LM4.png,9793631917133808096
AFD_Database,Muelleria,0515_95_LM7.png,15757287909354018441
AFD_Database,Muelleria,0475_100_LM3.png,10850431867229529262
AFD_Database,Muelleria,0415_Mperastralis_485.png,17355185708315522877
AFD_Database,Muelleria,0508_94_SEM2.png,9563258387808219350
AFD_Database,Muelleria,0525_97_LM1.png,15396470442589716076
AFD_Database,Muelleria,0526_97_LM2.png,9724512974036179513
AFD_Database,Muelleria,0482_101_LM2.png,18118614972928240487
AFD_Database,Muelleria,0535_98_SEM1.png,11936699975503534284
AFD_Database,Muelleria,0514_95_LM6.png,15755039373635781592
AFD_Database,Muelleria,0538_99_LM2.png,18060842288751224158
AFD_Database,Muelleria,0468_94_LM1.png,17919085392341408944
AFD_Database,Muelleria,0411_MmeridV1_485.png,17715553780659193102
AFD_Database,Muelleria,0489_102_LM2.png,12584522266517999284
AFD_Database,Muelleria,0351_Mmeridionalis_496A2.png,13558178518182865055
AFD_Database,Muelleria,0523_96_LM6.png,10663411226554653906
AFD_Database,Muelleria,0532_98_LM3.png,14642413320408379855
AFD_Database,Muelleria,0537_99_LM1.png,10338070443237535995
AFD_Database,Muelleria,0134_202.png,17300867664597917412
AFD_Database,Muelleria,Muelleria_luculenta_2_LM.png,16031514451034792304
AFD_Database,Muelleria,Muelleria_varipunctata_1_LM.png,14695295780410243348
AFD_Database,Muelleria,0513_95_LM5.png,15828292319342401522
AFD_Database,Muelleria,0528_97_SEM1.png,9361432585694694430
AFD_Database,Muelleria,0529_97_SEM2.png,15756487976412392918
AFD_Database,Muelleria,0527_97_LM3.png,10371967885677072009
AFD_Database,Muelleria,0388_527MMV1.png,15698754178767671294
AFD_Database,Achnanthidium,Achnanthidium_modestiforme_1_LM.png,12961463275884931527
AFD_Database,Achnanthidium,Achnanthidium_minutissimum_4_LM.png,12313335323075984483
AFD_Database,Achnanthidium,Achnanthidium_modestiforme_3_LM.png,12312956856888713951
AFD_Database,Achnanthidium,Achnanthidium_minutissimum_3_LM.png,12313370550295518748
AFD_Database,Achnanthidium,Achnanthidium_modestiforme_2_LM.png,10315684327142824105
AFD_Database,Achnanthidium,Achnanthidium_minutissimum_2_LM.png,12313064715979881534
AFD_Database,Achnanthidium,Achnanthidium_minutissimum_1_LM.png,11448639796438797863
AFD_Database,Achnanthidium,Achnanthidium_modestiforme_5_LM.png,12601150954558975788
AFD_Database,Achnanthidium,Achnanthidium_modestiforme_4_LM.png,18334181817880648839
AFD_Database,Achnanthidium,Achnanthidium_minutissimum_5_LM.png,18402070982734143796
AFD_Database,Diploneis,Diploneis_subovalis_3_LM.png,9259166875146810391
AFD_Database,Diploneis,Diploneis_subovalis_5_LM.png,9259312018063175733
AFD_Database,Diploneis,Diploneis_subovalis_4_LM.png,9295195432517383260
AFD_Database,Diploneis,Diploneis_subovalis_2_LM.png,10690836147583673515
AFD_Database,Diploneis,Diploneis_subovalis_1_LM.png,10105972544010808513
AFD_Database,Fallacia,Fallacia_lenzii_1_LM.png,9474339069785922096
AFD_Database,Fallacia,Fallacia_lenzii_4_LM.png,9928689554491791517
AFD_Database,Fallacia,Fallacia_lenzii_5_LM.png,18391188484995942009
AFD_Database,Fallacia,Fallacia_lenzii_3_LM.png,10340216900690168611
AFD_Database,Fallacia,Fallacia_lenzii_2_LM.png,16032225471054906672
AFD_Database,Gomphonema,Gomphonema_affine_var.affine_2_LM.png,10815528996149911967
AFD_Database,Gomphonema,Gomphonema_subantarcticum_4_LM.png,9277060444207137343
AFD_Database,Gomphonema,Gomphonema_stonei_5_LM.png,10078278956819346315
AFD_Database,Gomphonema,Gomphonema_subantarcticum_1_LM.png,9421457648417194809
AFD_Database,Gomphonema,Gomphonema_possessionense_5_LM.png,9752578440030413748
AFD_Database,Gomphonema,Gomphonema_possessionense_2_LM.png,11642471664948439325
AFD_Database,Gomphonema,Gomphonema_stonei_3_LM.png,10067988082103898638
AFD_Database,Gomphonema,Gomphonema_exilissimum_2_LM.png,9797647588999770957
AFD_Database,Gomphonema,Gomphonema_possessionense_3_LM.png,16120894127798754530
AFD_Database,Gomphonema,Gomphonema_possessionense_4_LM.png,9363922791723776287
AFD_Database,Gomphonema,Gomphonema_stonei_4_LM.png,9508523191236702921
AFD_Database,Gomphonema,Gomphonema_parvulum_1_LM.png,14332739964950835215
AFD_Database,Gomphonema,Gomphonema_affine_var.affine_1_LM.png,15449714267398285230
AFD_Database,Gomphonema,Gomphonema_stonei_1_LM.png,10084717154141940637
AFD_Database,Gomphonema,Gomphonema_parvulum_4_LM.png,15508217047756766754
AFD_Database,Gomphonema,Gomphonema_subantarcticum_5_LM.png,14014988512658604725
AFD_Database,Gomphonema,Gomphonema_exilissimum_4_LM.png,16028427100836505257
AFD_Database,Gomphonema,Gomphonema_subantarcticum_2_LM.png,9436796393976712109
AFD_Database,Gomphonema,Gomphonema_parvulum_2_LM.png,10727647014645578810
AFD_Database,Gomphonema,Gomphonema_exilissimum_3_LM.png,10946080420742469942
AFD_Database,Gomphonema,Gomphonema_parvulum_5_LM.png,10885458123644270086
AFD_Database,Gomphonema,Gomphonema_possessionense_1_LM.png,10361935277353247585
AFD_Database,Gomphonema,Gomphonema_parvulum_3_LM.png,9793086254225486858
AFD_Database,Gomphonema,Gomphonema_affine_var.affine_3_LM.png,14079676779260965005
AFD_Database,Gomphonema,Gomphonema_stonei_2_LM.png,15526274431339374496
AFD_Database,Gomphonema,Gomphonema_subantarcticum_3_LM.png,9654728937737732671
AFD_Database,Gomphonema,Gomphonema_exilissimum_1_LM.png,15519448878987261453
AFD_Database,Gomphonema,Gomphonema_exilissimum_5_LM.png,16028321647034529379
AFD_Database,Stauroneis,Stauroneis_obtusa_var.minor_2_LM.png,10915649836955332773
AFD_Database,Stauroneis,0193_fryxell71.png,10154594976765759898
AFD_Database,Stauroneis,Stauroneis_gracilior_2_LM.png,10479977368393344391
AFD_Database,Stauroneis,Stauroneis_subgracilis_4_LM.png,10946098526456702337
AFD_Database,Stauroneis,0187_201.png,17599095110962596521
AFD_Database,Stauroneis,Stauroneis_kriegeri_5_LM.png,11304306777227189271
AFD_Database,Stauroneis,Stauroneis_cfr.anceps_2_LM.png,14249458828943609968
AFD_Database,Stauroneis,Stauroneis_obtusa_1_LM.png,16045877610935268947
AFD_Database,Stauroneis,0188_201.png,18243044867807825035
AFD_Database,Stauroneis,Stauroneis_aff.phoenicenteron_1_LM.png,9427757416260071577
AFD_Database,Stauroneis,Stauroneis_obtusa_2_LM.png,16083947281657800458
AFD_Database,Stauroneis,Stauroneis_obtusa_5_LM.png,10046591736160596611
AFD_Database,Stauroneis,Stauroneis_smithii_var.sagitta_5_LM.png,14119046254991674038
AFD_Database,Stauroneis,Stauroneis_smithii_var.sagitta_4_LM.png,13580785261508094920
AFD_Database,Stauroneis,0355_Sanceps_496A.png,13090541349958291069
AFD_Database,Stauroneis,Stauroneis_obtusa_4_LM.png,10083908983135879692
AFD_Database,Stauroneis,Stauroneis_gracilior_4_LM.png,9797065309891389059
AFD_Database,Stauroneis,Stauroneis_aff.phoenicenteron_3_LM.png,10645181598435857903
AFD_Database,Stauroneis,Stauroneis_subgracilis_5_LM.png,17338585656162662632
AFD_Database,Stauroneis,Stauroneis_smithii_var.sagitta_3_LM.png,12380449639450142271
AFD_Database,Stauroneis,Stauroneis_kriegeri_2_LM.png,11520211179608391476
AFD_Database,Stauroneis,Stauroneis_kriegeri_1_LM.png,10921310998336427497
AFD_Database,Stauroneis,Stauroneis_obtusa_3_LM.png,11477491725057254934
AFD_Database,Stauroneis,0427_Scflatis_527B_9.4x106.7.png,12341541238861760945
AFD_Database,Stauroneis,Stauroneis_muriella_3_LM.png,11525319408214435259
AFD_Database,Stauroneis,Stauroneis_subgracilis_1_LM.png,13965679806818119865
AFD_Database,Stauroneis,0242_S.anceps.1.png,12872909925069261912
AFD_Database,Stauroneis,Stauroneis_smithii_var.sagitta_1_LM.png,14310818852182268694
AFD_Database,Stauroneis,0185_199.png,13177754391140902455
AFD_Database,Stauroneis,0192_fryxell55.png,17636271332673796205
AFD_Database,Stauroneis,Stauroneis_cfr.anceps_1_LM.png,14987056915368986243
AFD_Database,Stauroneis,1638_Stauroneis.png,15390882162157177313
AFD_Database,Stauroneis,0418_Slats_485.png,13936440823436490554
AFD_Database,Stauroneis,0189_202.png,16730036322708920723
AFD_Database,Stauroneis,Stauroneis_smithii_var.sagitta_2_LM.png,9401615227674741696
AFD_Database,Stauroneis,Stauroneis_gracilior_1_LM.png,9360758103612516774
AFD_Database,Stauroneis,Stauroneis_subgracilis_2_LM.png,9507414714602123400
AFD_Database,Stauroneis,0191_fryxell54.png,17194785164900421519
AFD_Database,Stauroneis,0190_fryxell53.png,14262917339841807102
AFD_Database,Stauroneis,Stauroneis_muriella_2_LM.png,11520465081616983819
AFD_Database,Stauroneis,Stauroneis_aff.phoenicenteron_4_LM.png,13991344455640658078
AFD_Database,Stauroneis,Stauroneis_subgracilis_3_LM.png,10800857428659234181
AFD_Database,Stauroneis,Stauroneis_aff.phoenicenteron_2_LM.png,10912638221949248810
AFD_Database,Stauroneis,0383_Scflatis_sld568A_15.1x91.png,15942256164681301086
AFD_Database,Stauroneis,Stauroneis_muriella_1_LM.png,11522504679981737246
AFD_Database,Stauroneis,Stauroneis_muriella_5_LM.png,10077011600556798652
AFD_Database,Stauroneis,Stauroneis_muriella_4_LM.png,11484224113149404473
AFD_Database,Stauroneis,Stauroneis_kriegeri_4_LM.png,10944002901178484627
AFD_Database,Stauroneis,Stauroneis_gracilior_5_LM.png,17034306779570190476
AFD_Database,Stauroneis,Stauroneis_kriegeri_3_LM.png,9678513818349421303
AFD_Database,Stauroneis,Stauroneis_gracilior_3_LM.png,9637152313648985191
AFD_Database,Stauroneis,Stauroneis_obtusa_var.minor_1_LM.png,10048865268429410337
AFD_Database,Fragilaria,Fragilaria_pulchella_3_LM.png,12639375310856838099
AFD_Database,Fragilaria,Fragilaria_capucina_morphotype3_4_LM.png,10930357126724465889
AFD_Database,Fragilaria,Fragilaria_capucina_morphotype2_2_LM.png,12087694262683783229
AFD_Database,Fragilaria,Fragilaria_capucina_morphotype1_1_LM.png,12276828684619340575
AFD_Database,Fragilaria,Fragilaria_capucina_morphotype2_3_LM.png,11988606197014432510
AFD_Database,Fragilaria,Fragilaria_capucina_morphotype1_2_LM.png,12389433642006336383
AFD_Database,Fragilaria,Fragilaria_germainii_f.acostata_4_LM.png,17322255862754987783
AFD_Database,Fragilaria,Fragilaria_capucina_morphotype2_5_LM.png,18437758896666735385
AFD_Database,Fragilaria,Fragilaria_pulchella_2_LM.png,12631247287120589682
AFD_Database,Fragilaria,Fragilaria_capucina_morphotype1_3_LM.png,10009352685766904562
AFD_Database,Fragilaria,Fragilaria_germainii_5_LM.png,10043376811392512514
AFD_Database,Fragilaria,Fragilaria_capucina_morphotype3_5_LM.png,11736414451137694683
AFD_Database,Fragilaria,Fragilaria_germainii_f.acostata_2_LM.png,13898178682443317566
AFD_Database,Fragilaria,Fragilaria_pulchella_5_LM.png,10013769028065030671
AFD_Database,Fragilaria,Fragilaria_germainii_1_LM.png,12281403819553124367
AFD_Database,Fragilaria,Fragilaria_germainii_f.acostata_3_LM.png,18077739059495070822
AFD_Database,Fragilaria,Fragilaria_husvikensis_1_LM.png,11164467505662863167
AFD_Database,Fragilaria,Fragilaria_capucina_morphotype3_3_LM.png,13384752832151251452
AFD_Database,Fragilaria,Fragilaria_germainii_f.acostata_5_LM.png,17984355351070394258
AFD_Database,Fragilaria,Fragilaria_pulchella_1_LM.png,12291507359597591532
AFD_Database,Fragilaria,Fragilaria_capucina_morphotype2_1_LM.png,12304421090651789853
AFD_Database,Fragilaria,Fragilaria_capucina_morphotype3_2_LM.png,12378774425733117563
AFD_Database,Fragilaria,Fragilaria_capucina_morphotype2_4_LM.png,10943779257257541983
AFD_Database,Fragilaria,Fragilaria_germainii_3_LM.png,13748127354983466244
AFD_Database,Fragilaria,Fragilaria_germainii_4_LM.png,9385642275829023853
AFD_Database,Fragilaria,Fragilaria_germainii_2_LM.png,11814083022744529031
AFD_Database,Fragilaria,Fragilaria_capucina_morphotype1_4_LM.png,15521656250076686235
AFD_Database,Fragilaria,Fragilaria_germainii_f.acostata_1_LM.png,13724724194005252231
AFD_Database,Fragilaria,Fragilaria_pulchella_4_LM.png,10365069143461975716
AFD_Database,Fragilaria,Fragilaria_capucina_morphotype1_5_LM.png,10328064931334106714
AFD_Database,Fragilaria,Fragilaria_capucina_morphotype3_1_LM.png,17926303311041336508
AFD_Database,Navicula,0148_fryxell39.png,11014814218174346811
AFD_Database,Navicula,Navicula_spec.1_4_LM.png,10515974604098545739
AFD_Database,Navicula,0446_Nmyrios_37950_18.4x100.png,13881646319834560752
AFD_Database,Navicula,Navicula_veneta_1_LM.png,9790842664240785434
AFD_Database,Navicula,0147_fryxell38.png,10362120500986363925
AFD_Database,Navicula,Naviculadicta_spec.2_4_LM.png,10768194248218039307
AFD_Database,Navicula,0151_200.png,14421271315592402282
AFD_Database,Navicula,1631_Ncincta.png,15375333417389786043
AFD_Database,Navicula,0152_200.png,13064644837956295524
AFD_Database,Navicula,Navicula_bicephala_2_LM.png,11448233538724347412
AFD_Database,Navicula,Naviculadicta_spec.2_3_LM.png,17589444409712981042
AFD_Database,Navicula,Navicula_gregaria_4_LM.png,10279652721339945557
AFD_Database,Navicula,0337_430_unknown_nav6.png,15396126348754689228
AFD_Database,Navicula,Navicula_venetiformis_3_LM.png,10943850515048751119
AFD_Database,Navicula,Navicula_spec.1_2_LM.png,9795469030590854147
AFD_Database,Navicula,Navicula_arvensis_2_LM.png,10336008796072231731
AFD_Database,Navicula,Navicula_venetiformis_4_LM.png,15922585301695884336
AFD_Database,Navicula,Navicula_veneta_2_LM.png,14681769143758229311
AFD_Database,Navicula,1720_Nlineolaperlepida_2.png,9782225129208883572
AFD_Database,Navicula,0145_fryxell36.png,13951915148920100333
AFD_Database,Navicula,0146_fryxell37.png,10719246013164771917
AFD_Database,Navicula,Navicula_venetiformis_1_LM.png,11236549401496969498
AFD_Database,Navicula,Navicula_veneta_5_LM.png,9795358048915862948
AFD_Database,Navicula,Navicula_arvensis_3_LM.png,15307809068832074977
AFD_Database,Navicula,Navicula_bicephala_3_LM.png,14911434991579249701
AFD_Database,Navicula,Naviculadicta_spec.1_3_LM.png,9907038276425820171
AFD_Database,Navicula,0150_200.png,14041234104318110481
AFD_Database,Navicula,Navicula_ectoris_2_LM.png,10295345843022132495
AFD_Database,Navicula,Navicula_ectoris_5_LM.png,12601318166191140901
AFD_Database,Navicula,0142_196.png,11498578190733796385
AFD_Database,Navicula,Naviculadicta_spec.2_1_LM.png,15377553219838598150
AFD_Database,Navicula,Naviculadicta_spec.1_2_LM.png,15916884554601540000
AFD_Database,Navicula,Naviculadicta_spec.2_5_LM.png,11669484345318729991
AFD_Database,Navicula,Navicula_bicephala_5_LM.png,12313016443296256240
AFD_Database,Navicula,Navicula_gregaria_1_LM.png,14911428296027093158
AFD_Database,Navicula,0154_200.png,13408807189615000230
AFD_Database,Navicula,0336_430_unknown_nav10.png,15539697280221253616
AFD_Database,Navicula,Navicula_ectoris_3_LM.png,10939429449336345123
AFD_Database,Navicula,Navicula_arvensis_5_LM.png,10320246454990616807
AFD_Database,Navicula,Navicula_spec.1_3_LM.png,10655656424790370353
AFD_Database,Navicula,0444_Nmyrios_37950_17.7x100.png,10821487222698089208
AFD_Database,Navicula,0447_Nmyrios_37950_8.0x101.png,11397945911107086611
AFD_Database,Navicula,0327_Ncincta_474A_13.7x94.png,10872566662604683848
AFD_Database,Navicula,0335_426_unknown_nav2.png,15328628090810354134
AFD_Database,Navicula,Navicula_bicephala_4_LM.png,14334974234983939768
AFD_Database,Navicula,Navicula_ectoris_1_LM.png,11367329616707904854
AFD_Database,Navicula,Navicula_arvensis_1_LM.png,15343837870144699504
AFD_Database,Navicula,0340_430_unknown_nav9.png,15323844784237595526
AFD_Database,Navicula,0233_N.cincta.girdle.1.png,12983961164471443395
AFD_Database,Navicula,1719_Nlineolaperlepida_outside.png,15353166865684498471
AFD_Database,Navicula,Navicula_veneta_4_LM.png,14875392025476674867
AFD_Database,Navicula,1632_Nshackletoni_inside.png,14143779813932600811
AFD_Database,Navicula,Naviculadicta_spec.2_2_LM.png,9507869941213848365
AFD_Database,Navicula,Navicula_gregaria_5_LM.png,11232114014389848375
AFD_Database,Navicula,0358_bonney_b3t3_10.png,9643458230640818065
AFD_Database,Navicula,0331_Ncincta_474A_14.0x99.png,13018309014134574579
AFD_Database,Navicula,0356_bonney_b3t3_8.png,10419932786929258457
AFD_Database,Navicula,0235_N.shackletoni.1.png,16693936109961779474
AFD_Database,Navicula,0328_Ncincta_474A_13.9x98.png,10856975383443982866
AFD_Database,Navicula,0153_200.png,14570565786447738770
AFD_Database,Navicula,0442_Nmyrios_37750_8.4x100.png,15827307348266505484
AFD_Database,Navicula,Navicula_arvensis_4_LM.png,15447420614328679455
AFD_Database,Navicula,Navicula_venetiformis_2_LM.png,10263776390993703951
AFD_Database,Navicula,Navicula_spec.1_5_LM.png,11448405920461051564
AFD_Database,Navicula,1633_Nshackletoni_outside.png,14996758504440089721
AFD_Database,Navicula,0330_Ncincta_474A_14.0x96.png,15433300738854211695
AFD_Database,Navicula,Navicula_bicephala_1_LM.png,11088419939398478116
AFD_Database,Navicula,0445_Nmyrios_37950_17.9x99.png,15793305951826659087
AFD_Database,Navicula,Navicula_gregaria_2_LM.png,11237147545869370659
AFD_Database,Navicula,Navicula_gregaria_3_LM.png,11236558070336358159
AFD_Database,Navicula,0376_Nshakeltoni_sld485A_15.1x100.png,10712396401285559439
AFD_Database,Navicula,Navicula_spec.1_1_LM.png,10948389298506074423
AFD_Database,Navicula,0329_Ncincta_474A_14.0x94.png,17774460649662103990
AFD_Database,Navicula,Navicula_veneta_3_LM.png,15460975782304511237
AFD_Database,Navicula,Navicula_ectoris_4_LM.png,10939499951745724979
AFD_Database,Navicula,0338_430_unknown_nav7.png,10676128656491682683
AFD_Database,Navicula,1716_Ncincta_2.png,14207395631395115000
AFD_Database,Navicula,Naviculadicta_spec.1_1_LM.png,14794565371873409180
AFD_Database,Navicula,0339_430_unknown_nav8.png,15414165569799831920
AFD_Database,Navicula,Navicula_venetiformis_5_LM.png,14907055982161738826
AFD_Database,Navicula,0141_195.png,16624310741412364766
AFD_Database,Navicula,0357_bonney_b3t3_9.png,16806731187905229885
AFD_Database,Navicula,0149_199.png,15659397758305217195
AFD_Database,Neidium,Neidium_aubertii_4_LM.png,10856905971277668754
AFD_Database,Neidium,Neidium_aubertii_3_LM.png,15167680754877539951
AFD_Database,Neidium,Neidium_aubertii_1_LM.png,10743471781260632503
AFD_Database,Neidium,Neidium_aubertii_5_LM.png,10839173034862585225
AFD_Database,Neidium,Neidium_aubertii_2_LM.png,10888150209082500372
AFD_Database,Cymbopleura,Cymbopleura_naviculiformis_3_LM.png,10803706713717292860
AFD_Database,Cymbopleura,Cymbopleura_naviculiformis_5_LM.png,11761745754187318110
AFD_Database,Cymbopleura,Cymbopleura_naviculiformis_2_LM.png,9689911576804464611
AFD_Database,Cymbopleura,Cymbopleura_naviculiformis_1_LM.png,9508362441626215256
AFD_Database,Cymbopleura,Cymbopleura_naviculiformis_4_LM.png,11727264803239117759
AFD_Database,Cavinula,Cavinula_heterostauron_4_LM.png,9295098839474175003
AFD_Database,Cavinula,Cavinula_heterostauron_5_LM.png,12286908874844717459
AFD_Database,Cavinula,Cavinula_heterostauron_var.rostrata_2_LM.png,13934013009184536889
AFD_Database,Cavinula,Cavinula_heterostauron_var.rostrata_3_LM.png,9439522487414076578
AFD_Database,Cavinula,Cavinula_heterostauron_var.rostrata_4_LM.png,12271669642922343810
AFD_Database,Cavinula,Cavinula_heterostauron_3_LM.png,12321524261281959541
AFD_Database,Cavinula,Cavinula_heterostauron_1_LM.png,9331315493739157773
AFD_Database,Cavinula,Cavinula_heterostauron_var.rostrata_1_LM.png,17257686026805084430
AFD_Database,Cavinula,Cavinula_heterostauron_2_LM.png,9511035067429483341
AFD_Database,Cavinula,Cavinula_heterostauron_var.rostrata_5_LM.png,9295146800988880440
AFD_Database,Nitzschia,Nitzschia_pusilla_5_LM.png,18365680622715635263
AFD_Database,Nitzschia,Nitzschia_debilis_4_LM.png,15723975165713432417
AFD_Database,Nitzschia,0140_202.png,16408118365452378586
AFD_Database,Nitzschia,Nitzschia_angustatula_5_LM.png,10872828571903795487
AFD_Database,Nitzschia,Nitzschia_dissipata_var.media_5_LM.png,12317353243421122264
AFD_Database,Nitzschia,Nitzschia_dissipata_var.media_2_LM.png,10660028593424289484
AFD_Database,Nitzschia,Nitzschia_clausii_2_LM.png,13251026420113287275
AFD_Database,Nitzschia,Nitzschia_archibaldii_2_LM.png,12317592504355437792
AFD_Database,Nitzschia,Nitzschia_acidoclinata_4_LM.png,13673876517266692132
AFD_Database,Nitzschia,Nitzschia_hungarica_1_LM.png,9998736001247024287
AFD_Database,Nitzschia,Nitzschia_liebetruthii_2_LM.png,16190870841575561286
AFD_Database,Nitzschia,Nitzschia_acidoclinata_2_LM.png,11952934736946448817
AFD_Database,Nitzschia,Nitzschia_acidoclinata_3_LM.png,13101633270784313805
AFD_Database,Nitzschia,1634_Nwestiorum_inside.png,15880043087375948642
AFD_Database,Nitzschia,Nitzschia_archibaldii_1_LM.png,10371922380959713038
AFD_Database,Nitzschia,Nitzschia_clausii_1_LM.png,17037261510171924985
AFD_Database,Nitzschia,Nitzschia_frustulum_1_LM.png,10719427192416722019
AFD_Database,Nitzschia,Nitzschia_angustatula_3_LM.png,10795158128539936201
AFD_Database,Nitzschia,Nitzschia_archibaldii_3_LM.png,10367537975953127455
AFD_Database,Nitzschia,Nitzschia_gracilis_4_LM.png,10728451788326726108
AFD_Database,Nitzschia,Nitzschia_pusilla_1_LM.png,18365961457646413743
AFD_Database,Nitzschia,Nitzschia_inconspicua_4_LM.png,11473148138659854343
AFD_Database,Nitzschia,Nitzschia_frustulum_5_LM.png,11440393595045701195
AFD_Database,Nitzschia,Nitzschia_fonticola_1_LM.png,17348718507272894524
AFD_Database,Nitzschia,Nitzschia_spec._2_LM.png,13105574068883826150
AFD_Database,Nitzschia,Nitzschia_communis_1_LM.png,10878492238524802420
AFD_Database,Nitzschia,1717_Ncommutata_1.png,15305543924566084357
AFD_Database,Nitzschia,0157_fryxell49.png,10800883826311774393
AFD_Database,Nitzschia,Nitzschia_fonticola_3_LM.png,11367464220318164972
AFD_Database,Nitzschia,Nitzschia_dissipata_var.media_4_LM.png,16424635605348982476
AFD_Database,Nitzschia,Nitzschia_archibaldii_5_LM.png,10367551190885884679
AFD_Database,Nitzschia,Nitzschia_dissipata_var.media_1_LM.png,18437753980983221376
AFD_Database,Nitzschia,Nitzschia_frustulum_4_LM.png,10223681540047397318
AFD_Database,Nitzschia,Nitzschia_frustulum_3_LM.png,15889581003903115124
AFD_Database,Nitzschia,0155_fryxell47.png,14996768473360966487
AFD_Database,Nitzschia,0158_fryxell50.png,10433203736690911129
AFD_Database,Nitzschia,Nitzschia_clausii_4_LM.png,10445265059312920375
AFD_Database,Nitzschia,Nitzschia_palea_1_LM.png,18370679019753441081
AFD_Database,Nitzschia,Nitzschia_fonticola_5_LM.png,11267125253391413586
AFD_Database,Nitzschia,Nitzschia_angustatula_1_LM.png,11520303050545328523
AFD_Database,Nitzschia,0137_199.png,14243307194759078888
AFD_Database,Nitzschia,Nitzschia_hungarica_3_LM.png,14580453922546066842
AFD_Database,Nitzschia,Nitzschia_palea_5_LM.png,16097105604715677151
AFD_Database,Nitzschia,0138_200.png,14588333355021694236
AFD_Database,Nitzschia,Nitzschia_clausii_3_LM.png,15771622870709853907
AFD_Database,Nitzschia,Nitzschia_gracilis_5_LM.png,11944494058893515204
AFD_Database,Nitzschia,Nitzschia_inconspicua_5_LM.png,10287330859575264037
AFD_Database,Nitzschia,0292_Nitsp1_567B.png,17738369431843799231
AFD_Database,Nitzschia,Nitzschia_liebetruthii_4_LM.png,10296315186747433941
AFD_Database,Nitzschia,Nitzschia_acidoclinata_1_LM.png,11952859658755918648
AFD_Database,Nitzschia,Nitzschia_palustris_2_LM.png,14541057650511298877
AFD_Database,Nitzschia,Nitzschia_pusilla_2_LM.png,14393854253225242865
AFD_Database,Nitzschia,Nitzschia_liebetruthii_5_LM.png,11507782218813035780
AFD_Database,Nitzschia,Nitzschia_palustris_4_LM.png,11087888041328932916
AFD_Database,Nitzschia,Nitzschia_pusilla_4_LM.png,10367633919692395406
AFD_Database,Nitzschia,Nitzschia_spec._3_LM.png,10431251245615059121
AFD_Database,Nitzschia,Nitzschia_hungarica_2_LM.png,15200824849071089066
AFD_Database,Nitzschia,0416_NitzSp1_514copy.png,10493158447022798275
AFD_Database,Nitzschia,Nitzschia_fonticola_4_LM.png,13304626938270761202
AFD_Database,Nitzschia,Nitzschia_inconspicua_1_LM.png,17356876424811080886
AFD_Database,Nitzschia,Nitzschia_liebetruthii_3_LM.png,17357162267751136408
AFD_Database,Nitzschia,0293_Nitsp1_568A11.7x89.png,17610580285275123089
AFD_Database,Nitzschia,0041_200.png,17880807119335904675
AFD_Database,Nitzschia,Nitzschia_debilis_2_LM.png,12143768427480181713
AFD_Database,Nitzschia,0139_202.png,15863713456885404756
AFD_Database,Nitzschia,1718_Ncommutata_2.png,15006944174696830687
AFD_Database,Nitzschia,Nitzschia_palea_2_LM.png,18213401378273836956
AFD_Database,Nitzschia,Nitzschia_palea_4_LM.png,13826084279062677926
AFD_Database,Nitzschia,Nitzschia_angustatula_4_LM.png,12306111467495889652
AFD_Database,Nitzschia,Nitzschia_palea_3_LM.png,12677795776787307082
AFD_Database,Nitzschia,Nitzschia_acidoclinata_5_LM.png,18070413356675819059
AFD_Database,Nitzschia,Nitzschia_spec._5_LM.png,11439545085630800950
AFD_Database,Nitzschia,Nitzschia_inconspicua_2_LM.png,18077450858728959262
AFD_Database,Nitzschia,Nitzschia_pusilla_3_LM.png,18365691442783818892
AFD_Database,Nitzschia,Nitzschia_communis_2_LM.png,12372819578740494531
AFD_Database,Nitzschia,Nitzschia_gracilis_1_LM.png,11295484758381718632
AFD_Database,Nitzschia,Nitzschia_angustatula_2_LM.png,17681204976203129878
AFD_Database,Nitzschia,Nitzschia_gracilis_3_LM.png,10287133030904005553
AFD_Database,Nitzschia,Nitzschia_inconspicua_3_LM.png,10354286611060634522
AFD_Database,Nitzschia,Nitzschia_palustris_1_LM.png,15383777573221126678
AFD_Database,Nitzschia,Nitzschia_gracilis_2_LM.png,18214572163802974001
AFD_Database,Nitzschia,0237_Nitzschia.sp1.3.png,12018235446434110608
AFD_Database,Nitzschia,Nitzschia_liebetruthii_1_LM.png,17897594300212174007
AFD_Database,Nitzschia,Nitzschia_spec._1_LM.png,13673304614614165805
AFD_Database,Nitzschia,Nitzschia_dissipata_var.media_3_LM.png,10085993042280488048
AFD_Database,Nitzschia,0238_Nitzschia.sp1.girdle.png,12432331252204543710
AFD_Database,Nitzschia,Nitzschia_palustris_3_LM.png,14696007379918103693
AFD_Database,Nitzschia,Nitzschia_debilis_1_LM.png,11742886759005581869
AFD_Database,Nitzschia,0236_Nitzschia.sp1.3.3.png,16481648350123908102
AFD_Database,Nitzschia,Nitzschia_spec._4_LM.png,13322587392760490354
AFD_Database,Nitzschia,Nitzschia_communis_3_LM.png,10939448192087709929
AFD_Database,Nitzschia,Nitzschia_debilis_3_LM.png,10790519403229765600
AFD_Database,Nitzschia,Nitzschia_archibaldii_4_LM.png,18442467948636805174
AFD_Database,Nitzschia,Nitzschia_frustulum_2_LM.png,17933623613725961758
AFD_Database,Nitzschia,Nitzschia_fonticola_2_LM.png,18068726537831505096
AFD_Database,Luticola,0436_holotype1_Ldolia.png,12505359584850200468
AFD_Database,Luticola,0276_Lunknown_568A12.2x90.png,9593857936476326225
AFD_Database,Luticola,0074_203.png,11915278129378834124
AFD_Database,Luticola,Luticola_muticopsis_5_LM.png,9784773805835890720
AFD_Database,Luticola,0500_104_LM1.png,11650564434257946042
AFD_Database,Luticola,1669_Lelegans_5.png,15753848264846182104
AFD_Database,Luticola,0545_105_LM3.png,15756158109688156057
AFD_Database,Luticola,1657_Lcryophila_inside.png,15527004637182750993
AFD_Database,Luticola,1699_Lmuticopsis_3.png,16116809743160018604
AFD_Database,Luticola,0544_105_LM2.png,14387063827962700109
AFD_Database,Luticola,Luticola_aff.mutica_4_LM.png,10790589766805032289
AFD_Database,Luticola,0249_lcapitata_572Bscale.png,12411340932853786611
AFD_Database,Luticola,0405_Lmutica_514.png,9871451442433698661
AFD_Database,Luticola,1701_Lmuticopsis_5.png,15468009029561456253
AFD_Database,Luticola,0407_Lsp1_485.png,11580284865540798244
AFD_Database,Luticola,0265_Lmutica_528A.png,16044743756752328295
AFD_Database,Luticola,0554_106_SEM1.png,15406060099350380157
AFD_Database,Luticola,1708_Lpermuticopsis_outside.png,14315271446596366516
AFD_Database,Luticola,0549_106_LM1.png,15138110358555078773
AFD_Database,Luticola,1645_Lbradyi_1.png,14026801242533423287
AFD_Database,Luticola,0547_105_SEM1.png,13099346304173615033
AFD_Database,Luticola,0402_Lmurrayi_514.png,13991904972853415876
AFD_Database,Luticola,1703_Lpermuticopsis_1.png,14963909339411564316
AFD_Database,Luticola,0320_Lmutcapitata_506A_12.5x92.png,15972667344256159554
AFD_Database,Luticola,0555_106_SEM2.png,13036712324231697609
AFD_Database,Luticola,1678_Llaeta_2.png,16116788476590196514
AFD_Database,Luticola,1651_Lbradyi_outside.png,9649348049295714731
AFD_Database,Luticola,0384_Lmuticops_sld532A_12.4x95.4.png,14603050900922976691
AFD_Database,Luticola,1681_Llaeta_5.png,16116730852125963780
AFD_Database,Luticola,1668_Lelegans_4.png,15468255559612704527
AFD_Database,Luticola,1652_Lcryophila_1.png,14387404512785869671
AFD_Database,Luticola,1665_Lelegans_1.png,15467973710968764108
AFD_Database,Luticola,1693_Lmurrayi_4.png,15467974527146209094
AFD_Database,Luticola,1649_Lbradyi_5.png,10712474240045772039
AFD_Database,Luticola,0098_L.muticopsis.f.1.5.png,12641868086389627175
AFD_Database,Luticola,1715_Ltransantarctica_outside.png,14028448358329300195
AFD_Database,Luticola,0099_L.muticopsis.f.2.1.png,13073038391917767724
AFD_Database,Luticola,0067_201.png,14728937216883645479
AFD_Database,Luticola,0548_105_SEM2.png,17301283805479529768
AFD_Database,Luticola,0260_lmfevoluta_525A.png,15360292020385318762
AFD_Database,Luticola,1663_Ldolia_5.png,9631718330788826025
AFD_Database,Luticola,1706_Lpermuticopsis_4.png,15468472036978881171
AFD_Database,Luticola,1704_Lpermuticopsis_2.png,17629975259130044096
AFD_Database,Luticola,Luticola_suecorum_1_LM.png,9542858988067206294
AFD_Database,Luticola,1714_Ltransantarctica_inside.png,10832998354255696342
AFD_Database,Luticola,Luticola_robusta_5_LM.png,11217808693004523224
AFD_Database,Luticola,0317_Lmutcapitata_476A_13.5x101.png,13000581758211116897
AFD_Database,Luticola,1692_Lmurrayi_3.png,15179765971627975495
AFD_Database,Luticola,1685_Lmcknightii_3.png,15540326736437236522
AFD_Database,Luticola,1640_Laustroatlantica_2.png,11433368425478935458
AFD_Database,Luticola,0367_Lmurrayi_sld444A_17.4x96.png,18242344056840965298
AFD_Database,Luticola,0502_104_LM3.png,15468256495918559805
AFD_Database,Luticola,1690_Lmurrayi_1.png,14027885634940776531
AFD_Database,Luticola,1660_Ldolia_2.png,10280227318670478256
AFD_Database,Luticola,0551_106_LM3.png,15753944747533326024
AFD_Database,Luticola,1713_Ltransantarctica_5.png,18278761048587392789
AFD_Database,Luticola,0562_107_SEM2.png,13917496592244333665
AFD_Database,Luticola,0559_107_LM4.png,15756205393436022361
AFD_Database,Luticola,0279_Luticolasp1_524A.png,15972759701912894409
AFD_Database,Luticola,Luticola_suecorum_3_LM.png,9294110007433155344
AFD_Database,Luticola,Luticola_robusta_2_LM.png,11409017853954721550
AFD_Database,Luticola,0373_Lsp3_439A_13.6x87.2.png,10205918525311765413
AFD_Database,Luticola,0546_105_LM4.png,13163820863682418070
AFD_Database,Luticola,Luticola_muticopsis_2_LM.png,10770089494376128535
AFD_Database,Luticola,Luticola_robusta_4_LM.png,11235624389133894605
AFD_Database,Luticola,0326_Lmuticopsis_506A_12.7x94.png,17990375372639082526
AFD_Database,Luticola,0369_Lmuticopsfo1_sld440A_6.9x91.png,12516190349909872274
AFD_Database,Luticola,1654_Lcryophila_3.png,14243300203860028331
AFD_Database,Luticola,1695_Lmurrayi_inside.png,11696634750543944877
AFD_Database,Luticola,Luticola_ledeganckii_4_LM.png,10072086223859241593
AFD_Database,Luticola,1684_Lmcknightii_2.png,15540361405406401443
AFD_Database,Luticola,Luticola_aff.mutica_2_LM.png,9359560721100433859
AFD_Database,Luticola,1698_Lmuticopsis_2.png,16044770097781446187
AFD_Database,Luticola,0506_104_SEM2.png,12171258702989367059
AFD_Database,Luticola,0463_holotype_Lpunctatia_566E.png,17126895473216496041
AFD_Database,Luticola,0323_Lmutcapitata_506A_12.8x93.png,12511760984503299544
AFD_Database,Luticola,0259_lmfevoluta_500B.png,15616273449461717633
AFD_Database,Luticola,0076_203.png,17923905752386140314
AFD_Database,Luticola,0550_106_LM2.png,14027339514901193055
AFD_Database,Luticola,1711_Ltransantarctica_3.png,17990320880522406533
AFD_Database,Luticola,0561_107_SEM1.png,10697997699511804101
AFD_Database,Luticola,0424_Lsp1_527B_12.2x101.5.png,12489177135342446588
AFD_Database,Luticola,0250_levoluta44_499B.png,14928724842221290338
AFD_Database,Luticola,1647_Lbradyi_3.png,15432244520137764679
AFD_Database,Luticola,Luticola_paramutica_var.binodis_1_LM.png,10727374241233872167
AFD_Database,Luticola,1641_Laustroatlantica_3.png,15973129147202689826
AFD_Database,Luticola,0077_203.png,18184077712463983757
AFD_Database,Luticola,0365_lgaussi_sld485A_14.6x99.png,13664610467183431837
AFD_Database,Luticola,Luticola_robusta_1_LM.png,11168548854432442345
AFD_Database,Luticola,0499_103_SEM2.png,12742458438401008553
AFD_Database,Luticola,1673_Lgaussii_2.png,14387685852386195240
AFD_Database,Luticola,1689_Lmcknightii_outside.png,15363462095767456488
AFD_Database,Luticola,0319_Lmutcapitata_506A_12.5x92.png,14242693707949608254
AFD_Database,Luticola,0264_Lmutica_527B1.png,15936661629269412743
AFD_Database,Luticola,0281_Luticolasp1_524A3TIF.png,16008785283879702482
AFD_Database,Luticola,0226_L.cohniivar1.3.png,12410060271890194378
AFD_Database,Luticola,1662_Ldolia_4.png,16114640701677538076
AFD_Database,Luticola,1622_Ldolia_outside2.png,9591959264280054524
AFD_Database,Luticola,1656_Lcryophila_5.png,15468562162605150805
AFD_Database,Luticola,Luticola_muticopsis_1_LM.png,15562200766665245047
AFD_Database,Luticola,1705_Lpermuticopsis_3.png,15540607662076478243
AFD_Database,Luticola,0504_104_LM5.png,18222234017688492604
AFD_Database,Luticola,0455_Lcohnii1_528C_17.6x111.png,12662561539599270746
AFD_Database,Luticola,Luticola_suecorum_2_LM.png,10767344457261266322
AFD_Database,Luticola,0505_104_SEM1.png,10735771481399920541
AFD_Database,Luticola,1691_Lmurrayi_2.png,14675961847490093844
AFD_Database,Luticola,0556_107_LM1.png,16265126461832849801
AFD_Database,Luticola,1674_Lgaussii_3.png,15036226229567774440
AFD_Database,Luticola,Luticola_ledeganckii_1_LM.png,10042109941997491012
AFD_Database,Luticola,1655_Lcryophila_4.png,15540607653201920937
AFD_Database,Luticola,0435_holotype1_Larida.png,15936922245555932359
AFD_Database,Luticola,Luticola_ledeganckii_3_LM.png,11209012504492544731
AFD_Database,Luticola,0096_L.muticopsis.f.1.3.png,16810081182608984266
AFD_Database,Luticola,1666_Lelegans_2.png,15468527839192823483
AFD_Database,Luticola,1694_Lmurrayi_5.png,15756803840649864731
AFD_Database,Luticola,0563_107_SEM3.png,15465649309280319101
AFD_Database,Luticola,1646_Lbradyi_2.png,15436749222497986130
AFD_Database,Luticola,0094_L.muticopsis.f.1.1.png,13682201782159314203
AFD_Database,Luticola,1707_Lpermuticopsis_5.png,15468457848448366160
AFD_Database,Luticola,0494_103_LM1.png,10884683432641009182
AFD_Database,Luticola,0227_L.cohniivar1.png,13293559196671153773
AFD_Database,Luticola,0497_103_LM4.png,10631144314208810610
AFD_Database,Luticola,1642_Laustroatlantica_4.png,15828712057374611087
AFD_Database,Luticola,0465_isotype_Lpunct_566B_7.8x92.png,18187811538064075678
AFD_Database,Luticola,0069_202.png,10333887802549407693
AFD_Database,Luticola,0228_L.murrayi.1.png,12499160500169447271
AFD_Database,Luticola,1687_Lmcknightii_5.png,15396304060622668715
AFD_Database,Luticola,1686_Lmcknightii_4.png,15396241788166096725
AFD_Database,Luticola,Luticola_muticopsis_3_LM.png,10889539106006382224
AFD_Database,Luticola,Luticola_paramutica_var.binodis_2_LM.png,11163853388776638410
AFD_Database,Luticola,Luticola_suecorum_4_LM.png,14193106626261480476
AFD_Database,Luticola,0501_104_LM2.png,15177492224545780724
AFD_Database,Luticola,1667_Lelegans_3.png,16049536059794327268
AFD_Database,Luticola,Luticola_aff.mutica_3_LM.png,9528433157941312710
AFD_Database,Luticola,1683_Lmcknightii_1.png,15467987568713573026
AFD_Database,Luticola,0097_L.muticopsis.f.1.4.png,17627519205410311205
AFD_Database,Luticola,0316_Lmutcapitata_474A_14.0x96.png,10712465732728573240
AFD_Database,Luticola,1677_Llaeta_1.png,15540327539553968667
AFD_Database,Luticola,1664_Ldolia_outside.png,14916572513218404522
AFD_Database,Luticola,1675_Lgaussii_4.png,15612398016456978114
AFD_Database,Luticola,1644_Laustroatlantica_outside.png,9490860480158867693
AFD_Database,Luticola,0368_Lmurrayvar1_sld444A_15x106.png,12477908907235856205
AFD_Database,Luticola,0268_Lmuticopsis_525A.png,9773999296947539580
AFD_Database,Luticola,Luticola_ledeganckii_2_LM.png,15165917127482455677
AFD_Database,Luticola,0406_Lmuticops_514.png,15080973223127485862
AFD_Database,Luticola,0347_Lmurrayi_444A_2.png,16261097943142275131
AFD_Database,Luticola,1680_Llaeta_4.png,14963971028553323353
AFD_Database,Luticola,1676_Lgaussii_5.png,14242844181819995073
AFD_Database,Luticola,0498_103_SEM1.png,10779071340712434346
AFD_Database,Luticola,0552_106_LM4.png,10205562332132205449
AFD_Database,Luticola,1639_Laustroatlantica_1.png,18062496822392299210
AFD_Database,Luticola,1679_Llaeta_3.png,15540361375314564994
AFD_Database,Luticola,0496_103_LM3.png,14099113411061965660
AFD_Database,Luticola,0467_isotype_Ldolia_532A_5.0x97.3.png,15400745853262947888
AFD_Database,Luticola,0558_107_LM3.png,15395861721488126379
AFD_Database,Luticola,0229_L.murrayi.2.png,13587538006921300901
AFD_Database,Luticola,0560_107_LM5.png,14392663231602751751
AFD_Database,Luticola,1700_Lmuticopsis_4.png,10928745721638732713
AFD_Database,Luticola,0543_105_LM1.png,15180158064412937108
AFD_Database,Luticola,Luticola_ledeganckii_5_LM.png,10040983775806051271
AFD_Database,Luticola,1658_Lcryophila_outside.png,14103635225683505247
AFD_Database,Luticola,1670_Lelegans_inside.png,12838790537491299483
AFD_Database,Luticola,1709_Ltransantarctica_1.png,16945625561106558833
AFD_Database,Luticola,0557_107_LM2.png,9366676157808931250
AFD_Database,Luticola,0262_Lmurrayivar1_524A.png,15216167097955791948
AFD_Database,Luticola,0092_202.png,15936462771028397515
AFD_Database,Luticola,1659_Ldolia_1.png,15754261114283564780
AFD_Database,Luticola,Luticola_muticopsis_4_LM.png,9462059712719131195
AFD_Database,Luticola,1712_Ltransantarctica_4.png,15612557043533454852
AFD_Database,Luticola,0325_Lmuticopsis_476A_13.5x102.png,15283724313309241268
AFD_Database,Luticola,0225_L.cohniivar1.2.png,17933585951135993470
AFD_Database,Luticola,Luticola_robusta_3_LM.png,11158417408505796332
AFD_Database,Luticola,1648_Lbradyi_4.png,14387414388929045095
AFD_Database,Luticola,1688_Lmcknightii_inside.png,18289815782826317869
AFD_Database,Luticola,0282_Luticolasp1_527B.png,14918653590073953026
AFD_Database,Luticola,1710_Ltransantarctica_2.png,15972953595781098321
AFD_Database,Luticola,1661_Ldolia_3.png,10208169783941843793
AFD_Database,Luticola,1672_Lgaussii_1.png,14028251416436873141
AFD_Database,Luticola,0403_Lmurrayi_514_1.png,15408092501207692745
AFD_Database,Luticola,1697_Lmuticopsis_1.png,10352294510596672482
AFD_Database,Luticola,0409_Lsp1_514.png,16166354900978456955
AFD_Database,Luticola,0230_L.murrayi_3.png,16821759120914831957
AFD_Database,Luticola,1643_Laustroatlantica_5.png,16116884295390794634
AFD_Database,Luticola,0495_103_LM2.png,16132290248437405420
AFD_Database,Luticola,Luticola_aff.mutica_1_LM.png,15311748887999749424
AFD_Database,Luticola,0267_Lmuticopsis_524A.png,15035908696312263198
AFD_Database,Luticola,1653_Lcryophila_2.png,15540617385423708979
AFD_Database,Luticola,1696_Lmurrayi_outside.png,13859135893730438539
AFD_Database,Luticola,0503_104_LM4.png,14386001464729380707
AFD_Database,Luticola,0466_Lmurrayvar1_566E_13.0x89.png,10169396414773845923
AFD_Database,Luticola,0083_fryxell29.png,15051660316076233369
AFD_Database,Luticola,0087_fryxell72.png,9787762722708212053
AFD_Database,Luticola,0322_Lmutcapitata_506A_12.5x94.png,11379105601978092310
AFD_Database,Luticola,0321_Lmutcapitata_506A_12.5x94.png,12662492989626452382
AFD_Database,Luticola,1682_Llaeta_outside.png,13951993602664011899
AFD_Database,Luticola,1671_Lelegans_outside.png,14003326582717650083
AFD_Database,Luticola,1650_Lbradyi_inside.png,10700634677630021037
AFD_Database,Luticola,0231_L.murrayi_2.png,12411415692433280907
AFD_Database,Luticola,0553_106_LM5.png,14243601746996383122
AFD_Database,Luticola,1702_Lmuticopsis_outside.png,14004734000543126704
AFD_Database,Planothidium,Planothidium_lanceolatum_3_LM.png,14321529346284500028
AFD_Database,Planothidium,Planothidium_lanceolatum_4_LM.png,10608887414479309286
AFD_Database,Planothidium,Planothidium_densistriatum_5_LM.png,10935402071714224393
AFD_Database,Planothidium,Planothidium_densistriatum_4_LM.png,10624640568324746510
AFD_Database,Planothidium,Planothidium_cyclophorum_5_LM.png,10656441503152268492
AFD_Database,Planothidium,Planothidium_renei_2_LM.png,9727908060904457690
AFD_Database,Planothidium,Planothidium_quadripunctatum_2_LM.png,10923861440646047021
AFD_Database,Planothidium,Planothidium_quadripunctatum_1_LM.png,11501448081033418026
AFD_Database,Planothidium,Planothidium_cyclophorum_1_LM.png,9676368789215032442
AFD_Database,Planothidium,Planothidium_marginostriatum_2_LM.png,13780540020664564865
AFD_Database,Planothidium,Planothidium_marginostriatum_1_LM.png,9240924886784898023
AFD_Database,Planothidium,Planothidium_renei_5_LM.png,10939347086215399499
AFD_Database,Planothidium,Planothidium_quadripunctatum_5_LM.png,10943828524396796016
AFD_Database,Planothidium,Planothidium_delicatulum_1_LM.png,14105286742263127128
AFD_Database,Planothidium,Planothidium_cyclophorum_3_LM.png,10476018040166605259
AFD_Database,Planothidium,Planothidium_cyclophorum_2_LM.png,14154284314579611843
AFD_Database,Planothidium,Planothidium_marginostriatum_5_LM.png,9537474305425766492
AFD_Database,Planothidium,Planothidium_renei_1-LM.png,11514939539215826238
AFD_Database,Planothidium,Planothidium_marginostriatum_3_LM.png,9753620632908684388
AFD_Database,Planothidium,Planothidium_renei_4_LM.png,10763974949869611318
AFD_Database,Planothidium,Planothidium_quadripunctatum_4_LM.png,16010438867964763987
AFD_Database,Planothidium,Planothidium_cyclophorum_4_LM.png,15447427661570826428
AFD_Database,Planothidium,Planothidium_densistriatum_2_LM.png,15451299022424323171
AFD_Database,Planothidium,Planothidium_delicatulum_2_LM.png,10459142219796113589
AFD_Database,Planothidium,Planothidium_lanceolatum_5_LM.png,10657850136405403691
AFD_Database,Planothidium,Planothidium_densistriatum_1_LM.png,10745125245974553972
AFD_Database,Planothidium,Planothidium_quadripunctatum_3_LM.png,18405359495451649413
AFD_Database,Planothidium,Planothidium_marginostriatum_4_LM.png,9254628689500388956
AFD_Database,Planothidium,Planothidium_delicatulum_5_LM.png,9415473460725590443
AFD_Database,Planothidium,Planothidium_renei_3_LM.png,10777750505329077348
AFD_Database,Planothidium,Planothidium_lanceolatum_2_LM.png,14193167954942377113
AFD_Database,Planothidium,Planothidium_delicatulum_4_LM.png,9508341275437297737
AFD_Database,Planothidium,Planothidium_densistriatum_3_LM.png,10950619888922047758
AFD_Database,Planothidium,Planothidium_lanceolatum_1_LM.png,9528572949400493553
AFD_Database,Planothidium,Planothidium_delicatulum_3_LM.png,9756026697447780762
AFD_Database,Melosira,Melosira_echinata_5_LM.png,11129406003929229579
AFD_Database,Melosira,0459_mcharcotii_566D_12.1x91.png,13585902320111373616
AFD_Database,Melosira,Melosira_dickiei_4_LM.png,11391829318639328963
AFD_Database,Melosira,Melosira_aff.guillauminii_5_LM.png,12315568698101583992
AFD_Database,Melosira,Melosira_echinata_4_LM.png,15717529046615301322
AFD_Database,Melosira,Melosira_dickiei_2_LM.png,16005617671481630561
AFD_Database,Melosira,0289_mcharcottii_565A.png,16114286995010402122
AFD_Database,Melosira,0375_Melosiracharcottii_sld512B_9.4x89.png,17720154432417746075
AFD_Database,Melosira,0123_202.png,18243396213387824843
AFD_Database,Melosira,Melosira_aff.guillauminii_2_LM.png,11460368300596953912
AFD_Database,Melosira,Melosira_aff.guillauminii_3_LM.png,10077980062610675237
AFD_Database,Melosira,Melosira_dickiei_1_LM.png,13886585500539760839
AFD_Database,Melosira,0124_202.png,12487057025420741345
AFD_Database,Melosira,Melosira_dickiei_5_LM.png,10329801988777494704
AFD_Database,Melosira,Melosira_aff.guillauminii_4_LM.png,12267749881974240372
AFD_Database,Melosira,Melosira_echinata_2_LM.png,10020355460779773300
AFD_Database,Melosira,Melosira_dickiei_3_LM.png,18311601418180533889
AFD_Database,Melosira,Melosira_aff.guillauminii_1_LM.png,13852949242953380035
AFD_Database,Melosira,Melosira_echinata_1_LM.png,13411403570032467618
AFD_Database,Melosira,Melosira_echinata_3_LM.png,11389155125968821860
AFD_Database,Cocconeis,Cocconeis_neothumensis_5_LM.png,11564926620971067424
AFD_Database,Cocconeis,Cocconeis_neothumensis_3_LM.png,15001221237989977569
AFD_Database,Cocconeis,Cocconeis_neothumensis_2_LM.png,13893899259164441870
AFD_Database,Cocconeis,Cocconeis_neothumensis_4_LM.png,10745529509334760823
AFD_Database,Cocconeis,Cocconeis_neothumensis_1_LM.png,10764260786923007258
AFD_Database,Staurosira,Staurosira_pinnata_1_LM.png,10943770869203099864
AFD_Database,Staurosira,Staurosira_circula_4_LM.png,9258413666721901978
AFD_Database,Staurosira,Staurosira_alpestris_2_LM.png,13790326582192534066
AFD_Database,Staurosira,Staurosira_alpestris_3_LM.png,10804167524266692825
AFD_Database,Staurosira,Staurosira_leptostauron_1_LM.png,11885480212986072095
AFD_Database,Staurosira,Staurosira_martyi_5_LM.png,9795408775144744719
AFD_Database,Staurosira,Staurosira_jolinae_3_LM.png,9781824641877112884
AFD_Database,Staurosira,Staurosira_jolinae_4_LM.png,10074627764694752991
AFD_Database,Staurosira,Staurosira_circula_1_LM.png,14572290738729579203
AFD_Database,Staurosira,Staurosira_martyi_2_LM.png,16067973211316774807
AFD_Database,Staurosira,Staurosira_pinnata_3_LM.png,11376622104164983438
AFD_Database,Staurosira,Staurosira_circula_5_LM.png,9260770891885604204
AFD_Database,Staurosira,Staurosira_venter_1_LM.png,10042416984441911935
AFD_Database,Staurosira,Staurosira_pinnata_5_LM.png,18304038282475534905
AFD_Database,Staurosira,Staurosira_alpestris_5_LM.png,10079184726842343951
AFD_Database,Staurosira,Staurosira_alpestris_1_LM.png,11520239549043133339
AFD_Database,Staurosira,Staurosira_pinnata_4_LM.png,10692508637638111639
AFD_Database,Staurosira,Staurosira_jolinae_1_LM.png,9784699644807294811
AFD_Database,Staurosira,Staurosira_alpestris_4_LM.png,11448195046700045575
AFD_Database,Staurosira,Staurosira_venter_2_LM.png,10908220256854729935
AFD_Database,Staurosira,Staurosira_jolinae_5_LM.png,10353912236340888525
AFD_Database,Staurosira,Staurosira_leptostauron_2_LM.png,12762892763702574210
AFD_Database,Staurosira,Staurosira_martyi_1_LM.png,11652631732104541029
AFD_Database,Staurosira,Staurosira_martyi_3_LM.png,11416754227107149697
AFD_Database,Staurosira,Staurosira_leptostauron_4_LM.png,13599080001375205697
AFD_Database,Staurosira,Staurosira_martyi_4_LM.png,9755069909789704830
AFD_Database,Staurosira,Staurosira_jolinae_2_LM.png,11516858040280841281
AFD_Database,Staurosira,Staurosira_venter_4_LM.png,14145681109524211573
AFD_Database,Staurosira,Staurosira_venter_3_LM.png,10060968714971677232
AFD_Database,Staurosira,Staurosira_venter_5_LM.png,11438660445772130255
AFD_Database,Staurosira,Staurosira_circula_3_LM.png,9411080892622034550
AFD_Database,Staurosira,Staurosira_leptostauron_3_LM.png,13037044740628556273
AFD_Database,Staurosira,Staurosira_circula_2_LM.png,9280895418386074403
AFD_Database,Staurosira,Staurosira_leptostauron_5_LM.png,10733819754116754235
AFD_Database,Staurosira,Staurosira_pinnata_2_LM.png,11376163161161689372
AFD_Database,Encyonema,Encyonema_vulgare_5_LM.png,11419713037104566178
AFD_Database,Encyonema,Encyonema_vulgare_4_LM.png,10844380827102810062
AFD_Database,Encyonema,Encyonema_vulgare_1_LM.png,10753578247972682830
AFD_Database,Encyonema,Encyonema_silesiacum_2_LM.png,14105456465192897053
AFD_Database,Encyonema,Encyonema_silesiacum_5_LM.png,9434942171296356888
AFD_Database,Encyonema,Encyonema_vulgare_3_LM.png,9651495387320495872
AFD_Database,Encyonema,Encyonema_silesiacum_3_LM.png,15850610170612189892
AFD_Database,Encyonema,Encyonema_vulgare_2_LM.png,17703019028655865371
AFD_Database,Encyonema,Encyonema_silesiacum_4_LM.png,10002694174214572324
AFD_Database,Encyonema,Encyonema_silesiacum_1_LM.png,17003363548826315017
AFD_Database,Amphora,Amphora_copulata_5_LM.png,13470513942406667315
AFD_Database,Amphora,Amphora_veneta_1_LM.png,16096076342211082476
AFD_Database,Amphora,0020_vanda06113.png,13877058765844531180
AFD_Database,Amphora,1599_Amphora_outside.png,15208792525635463063
AFD_Database,Amphora,1598_Amphora_inside.png,13852270249954721486
AFD_Database,Amphora,Amphora_copulata_4_LM.png,15505542167500332640
AFD_Database,Amphora,Amphora_copulata_3_LM.png,16055580633184149049
AFD_Database,Amphora,0254_Aoligatrap_567B.png,15867706589666936535
AFD_Database,Amphora,Amphora_veneta_3_LM.png,10367418554731292473
AFD_Database,Amphora,Amphora_veneta_2_LM.png,9646850621245779740
AFD_Database,Amphora,Amphora_copulata_2_LM.png,11163548782637489616
AFD_Database,Amphora,0019_Amphora.veneta.2.png,17343308686420971827
AFD_Database,Amphora,0017_201.png,17834602313926839785
AFD_Database,Amphora,Amphora_veneta_5_LM.png,14084620871872060944
AFD_Database,Amphora,0359_Aoligotrap_sld485A_15.6x96.png,15288475386292622494
AFD_Database,Amphora,Amphora_copulata_1_LM.png,15435209659962874062
AFD_Database,Amphora,Amphora_veneta_4_LM.png,11635980007832112885
AFD_Database,Amphora,0018_Amphora.veneta.1.png,13603686479257069269
FCE_LTER_Database,Fragilariforma,Fragilariforma_virescens_var_capitata.png,12453661622306408213
FCE_LTER_Database,Cyclotella,Cyclotella_meneghiniana_a_SEM.png,15366152444320431411
FCE_LTER_Database,Cyclotella,Cyclotella_meneghiniana2(1000x).png,18277195282529026771
FCE_LTER_Database,Cyclotella,Cyclotella_distinguenda.png,14110688255142974317
FCE_LTER_Database,Cyclotella,Cyclotella_meneghiniana1(1000x).png,12993450651291711403
FCE_LTER_Database,Cyclotella,Cyclotella_distinguenda_a.png,15108231311655138204
FCE_LTER_Database,Cyclotella,Cyclotella_meneghiniana1(630x).png,16568079560966549131
FCE_LTER_Database,Cyclotella,Cyclotella_meneghiniana_b_SEM.png,13414774365154895123
FCE_LTER_Database,Cyclotella,Cyclotella_iris.png,12425152151678557976
FCE_LTER_Database,Cyclotella,Cyclotella_meneghiniana3(1000x)_t.png,14264517746602701992
FCE_LTER_Database,Eunotia,Eunotia_silvae_morph_01.png,14512490930639569483
FCE_LTER_Database,Eunotia,Eunotia_flexuosa.png,15009981660971812709
FCE_LTER_Database,Eunotia,Eunotia_ftsp13.png,9815557330997700365
FCE_LTER_Database,Eunotia,Eunotia_ftsp09.png,10259210531275497329
FCE_LTER_Database,Eunotia,Eunotia_ftsp10.png,15579773831663112847
FCE_LTER_Database,Eunotia,Eunotia_camelus_morph_02.png,9900306760430556761
FCE_LTER_Database,Eunotia,Eunotia_ftsp12.png,13263087742321367098
FCE_LTER_Database,Eunotia,Eunotia_ftsp04.png,15577898768589627166
FCE_LTER_Database,Eunotia,Eunotia_zygodon.png,10102642912507071468
FCE_LTER_Database,Eunotia,Eunotia_monodon_morph_04.png,11089746623030303276
FCE_LTER_Database,Eunotia,Eunotia_ftsp03.png,14139594952413185472
FCE_LTER_Database,Eunotia,Eunotia_flexuosa_a.png,15332877066835479675
FCE_LTER_Database,Eunotia,Eunotia_formica.png,10838390023889505686
FCE_LTER_Database,Eunotia,Eunotia_ftsp02.png,14501191407748500252
FCE_LTER_Database,Eunotia,Eunotia_camelus_var_camelus.png,15736572865121248474
FCE_LTER_Database,Eunotia,Eunotia_rabenhorstiana_var_elongata.png,13358924549581151012
FCE_LTER_Database,Eunotia,Eunotia_monodon_morph_03.png,10175792739924349595
FCE_LTER_Database,Eunotia,Eunotia_ftsp01.png,15001376487190339147
FCE_LTER_Database,Eunotia,Eunotia_monodon_morph_01.png,10551201202761733014
FCE_LTER_Database,Eunotia,Eunotia_camelus_morph_01.png,11842747773059538932
FCE_LTER_Database,Eunotia,Eunotia_ftsp15.png,9887262485122770733
FCE_LTER_Database,Eunotia,Eunotia_incisa.png,14803998061001384648
FCE_LTER_Database,Eunotia,Eunotia_monodon_morph_02.png,17941488670704403207
FCE_LTER_Database,Eunotia,Eunotia_ftsp05.png,15601022445979901566
FCE_LTER_Database,Eunotia,Eunotia_cf_nov_sp01.png,9832434255727808983
FCE_LTER_Database,Sellaphora,Sellaphora_laevissima.png,15953589917819298584
FCE_LTER_Database,Sellaphora,Sellaphora_pupula_var_rectangularis.png,14787175072835086296
FCE_LTER_Database,Epithemia,Epithemia_ftsp01.png,15593098014844493528
FCE_LTER_Database,Epithemia,Epithemia_adnata_var_proboscidea.png,14999106891810355681
FCE_LTER_Database,Epithemia,Epithemia_adnata_var_porcellus.png,13848424475395345213
FCE_LTER_Database,Synedra,Synedra_bacillaris_Montage.png,16080889860254717735
FCE_LTER_Database,Surirella,Surirella_scalaris.png,10123602418396259214
FCE_LTER_Database,Surirella,Surirella_fastuosa_b.png,11366131702818238671
FCE_LTER_Database,Surirella,Surirella_fastuosa_Montage.png,10178100159128155376
FCE_LTER_Database,Surirella,Surirella_fastuosa.png,16745196855160378522
FCE_LTER_Database,Aulacoseira,Aulacoseira_italica_morph_03.png,15740234239465713694
FCE_LTER_Database,Aulacoseira,Aulacoseira_italica_morph_04.png,16011010969547465854
FCE_LTER_Database,Aulacoseira,Aulacoseira_islandica.png,13564054250860852024
FCE_LTER_Database,Aulacoseira,Aulacoseira_italica_morph_02.png,12483759107082863316
FCE_LTER_Database,Aulacoseira,Aulacoseira_italica_morph_01.png,15307332087549178211
FCE_LTER_Database,Cymbella,Cymbella_ftsp03.png,15458953047695733834
FCE_LTER_Database,Cymbella,Cymbella_laevis_morph_01.png,17020171934269410776
FCE_LTER_Database,Cymbella,Cymbella_ftsp05.png,15916434751512918121
FCE_LTER_Database,Cymbella,Cymbella_aspera.png,15313746131921766731
FCE_LTER_Database,Cymbella,Cymbella_ftsp04.png,14727835830908204861
FCE_LTER_Database,Cymbella,Cymbella_ftsp02.png,10623376427654345110
FCE_LTER_Database,Pinnularia,Pinnularia_ftsp17.png,15921166034441624280
FCE_LTER_Database,Pinnularia,Pinnularia_microstauron_var_01.png,14751409064458925016
FCE_LTER_Database,Pinnularia,Pinnularia_maior_var_pulchella.png,15408459670393985240
FCE_LTER_Database,Pinnularia,Pinnularia_ftsp20.png,9810965842384925593
FCE_LTER_Database,Pinnularia,Pinnularia_ftsp11.png,17238027843125276704
FCE_LTER_Database,Pinnularia,Pinnularia_ftsp15_morph_02.png,9832302322036273864
FCE_LTER_Database,Pinnularia,Pinnularia_cf_gigas_t.png,10721164209660770256
FCE_LTER_Database,Pinnularia,Pinnularia_ftsp15.png,14732343257422640076
FCE_LTER_Database,Pinnularia,Pinnularia_ftsp19.png,9832236667871948232
FCE_LTER_Database,Pinnularia,Pinnularia_ftsp13.png,15335772901202447924
FCE_LTER_Database,Pinnularia,Pinnularia_stomatophora.png,17165964726918194536
FCE_LTER_Database,Pinnularia,Pinnularia_ftsp18.png,9832006318996748185
FCE_LTER_Database,Pinnularia,Pinnularia_ruttneri.png,13286406241087255438
FCE_LTER_Database,Pinnularia,Pinnularia_cf_subinterrupta.png,17041200775600545414
FCE_LTER_Database,Pinnularia,Pinnularia_ftsp14.png,15866758397746263964
FCE_LTER_Database,Pinnularia,Pinnularia_ftsp16.png,9918875898701746022
FCE_LTER_Database,Pinnularia,Pinularia_sp02FB.png,12410747069678535315
FCE_LTER_Database,Pinnularia,Pinnularia_gibba_var_03.png,10102643181063254988
FCE_LTER_Database,Pinnularia,Pinnularia_streptoraphe_var_01.png,10120095316948300487
FCE_LTER_Database,Pinnularia,Pinularia_sp01FB.png,13471042317714483991
FCE_LTER_Database,Pinnularia,Pinnularia_acrosphaeria.png,10118288966744663611
FCE_LTER_Database,Pinnularia,Pinnularia_gibba_var_02.png,10694279632663112510
FCE_LTER_Database,Pinnularia,Pinnularia_ftsp10.png,15780880428234475743
FCE_LTER_Database,Pinnularia,Pinnularia_viridiformis.png,14346338765737871312
FCE_LTER_Database,Pinnularia,Pinnularia_ftsp01.png,15992854199566957400
FCE_LTER_Database,Craticula,Craticula_ftsp01.png,11053689696817499187
FCE_LTER_Database,Craticula,Craticula_cuspidata.png,14858444050283097123
FCE_LTER_Database,Craticula,Craticula_accomodiformis.png,14937485839992926771
FCE_LTER_Database,Frustulia,Frustulia_sp02FB.png,17335424487740677056
FCE_LTER_Database,Frustulia,Frustulia_rhomboides_morph_01.png,11390138034201069432
FCE_LTER_Database,Caloneis,Caloneis_excentrica.png,17703394646262826659
FCE_LTER_Database,Caloneis,Caloneis_ftsp01.png,15015299565435588364
FCE_LTER_Database,Caloneis,Caloneis_bacillum.png,16014290964003132352
FCE_LTER_Database,Caloneis,Caloneis_excentrica_a.png,12006991795819246704
FCE_LTER_Database,Stephanodiscus,Stephanodiscus_minutulus.png,16438105782414567992
FCE_LTER_Database,Achnanthes,Achnanthes_ftsp01.png,10049370619621487841
FCE_LTER_Database,Achnanthes,Achnanthes_inflata.png,16521287422432958534
FCE_LTER_Database,Achnanthes,Achnanthes_hyperboreoides.png,14596840488975180777
FCE_LTER_Database,Achnanthes,Achnanthes_caledonica.png,10470338831579078801
FCE_LTER_Database,Achnanthes,Achnanthes_ftsp07.png,14929659037314134220
FCE_LTER_Database,Achnanthes,Achnanthes_citronella_with_raphe.png,10456200131872893291
FCE_LTER_Database,Achnanthes,Achnanthes_ftsp13.png,14065934379646921524
FCE_LTER_Database,Achnanthes,Achnanthes_cf_minutissima_f_gracillima.png,14714138269940740662
FCE_LTER_Database,Achnanthes,Achnanthes_linearis_f_curta.png,15001423164776398230
FCE_LTER_Database,Achnanthes,Achnanthes_ftsp05.png,9763383572798078090
FCE_LTER_Database,Achnanthes,Achnanthes_citronella_with_pseudoraphe.png,13108524446138422184
FCE_LTER_Database,Achnanthes,Achnanthes_cf_submarina.png,13745105575779070859
FCE_LTER_Database,Achnanthes,Achnanthes_exigua_var_heterovalva.png,12349525717695026492
FCE_LTER_Database,Achnanthidium,Achnanthidium_minutissimum_morph_01.png,14569951103564788365
FCE_LTER_Database,Diploneis,Diploneis_chersonensis_var_apiformis_Stack_t.png,9389792439317926317
FCE_LTER_Database,Diploneis,Diploneis_smithii.png,14805079454947362957
FCE_LTER_Database,Diploneis,Diploneis_sp01_FB.png,9505557283573101326
FCE_LTER_Database,Diploneis,Diploneis_pupula.png,10739912143746069046
FCE_LTER_Database,Diploneis,Diploneis_puella_morph_01.png,9297645303800741532
FCE_LTER_Database,Diploneis,Diploneis_oblongella.1_t.png,16386009473356109446
FCE_LTER_Database,Diploneis,Diploneis_litoralis_var_clathrata.png,10560155655211340477
FCE_LTER_Database,Diploneis,Diploneis_crabro_a.png,17594247098232456131
FCE_LTER_Database,Diploneis,Diploneis_didyma.png,13913730115855967105
FCE_LTER_Database,Diploneis,Diploneis_elliptica.png,14996819839268930206
FCE_LTER_Database,Diploneis,Diploneis_chersonensis_var_apiformis_Montage.png,9414647813728989545
FCE_LTER_Database,Diploneis,Diploneis_weissflogii.png,13488101222011802419
FCE_LTER_Database,Diploneis,Diploneis_rex.png,10236291595541874238
FCE_LTER_Database,Diploneis,Diploneis_crabro.png,17767628695624993052
FCE_LTER_Database,Diploneis,Diploneis_chersonensis.png,12325663594255862136
FCE_LTER_Database,Diploneis,Diploneis_pupula_a.png,14036132090383095429
FCE_LTER_Database,Diploneis,Diploneis_didyma_a.png,10565515061393221783
FCE_LTER_Database,Diploneis,Diploneis_suborbicularis_a.png,12935884938257589046
FCE_LTER_Database,Fallacia,Fallacia_litoricola.png,14161409138567847438
FCE_LTER_Database,Fallacia,Fallacia_nummularia.png,13563790677708343131
FCE_LTER_Database,Fallacia,Fallacia_florinae.png,16773241650244118942
FCE_LTER_Database,Gomphonema,Gomphonema_auritum.png,16078374631589508389
FCE_LTER_Database,Gomphonema,Gomphonema_clavatulum.png,11035868964987627167
FCE_LTER_Database,Gomphonema,Gomphonema_angustatum_var_obtusatum.png,10174702973956600876
FCE_LTER_Database,Gomphonema,Gomphonema_cf_vibrioides.png,15701450327659734617
FCE_LTER_Database,Gomphonema,Gomphonema_pratense.png,10116153737317087689
FCE_LTER_Database,Gomphonema,Gomphonema_parvulum.png,15149438251720939164
FCE_LTER_Database,Gomphonema,Gomphonema_mexicanum.png,14786333744910918092
FCE_LTER_Database,Gomphonema,Gomphonema_cf_affine.png,12937910046922587438
FCE_LTER_Database,Gomphonema,Gomphonema_intricatum_var_vibrio_morph_03.png,10102642815970146152
FCE_LTER_Database,Gomphonema,Gomphonema_affine_a.png,17697020194794334578
FCE_LTER_Database,Gomphonema,Gomphonema_parvulum_var_lagenula.png,11987351069506019206
FCE_LTER_Database,Gomphonema,Gomphonema_contraturris.png,11053972813652846185
FCE_LTER_Database,Gomphonema,Gomphonema_intricatum_var_vibrio_morph_02.png,14751426618709336521
FCE_LTER_Database,Gomphonema,Gomphonema_gracile.png,13469480063968698652
FCE_LTER_Database,Gomphonema,Gomphonema_neonasutum.png,15575642565300719600
FCE_LTER_Database,Gomphonema,Gomphonema_affine_b.png,9289577574300423319
FCE_LTER_Database,Gomphonema,Gomphonema_augur_var_turris_a.png,14412312577128088936
FCE_LTER_Database,Gomphonema,Gomphonema_parvulum_var_exilissimum.png,14659615403620161066
FCE_LTER_Database,Gomphonema,Gomphonema_coronatum.png,14443709979750621964
FCE_LTER_Database,Gomphonema,Gomphonema_affine_var_rhombicum.png,14512455664658900697
FCE_LTER_Database,Gomphonema,Gomphonema_parvulum_sensu_Fricke.png,14929659037314134580
FCE_LTER_Database,Gomphonema,Gomphonema_intricatum_var_vibrio.png,9918432938429899595
FCE_LTER_Database,Gomphonema,Gomphonema_affine.png,9234982595653013455
FCE_LTER_Database,Gomphonema,Gomphonema_pseudoaugur.png,9972829047930431130
FCE_LTER_Database,Gomphonema,Gomphonema_intricatum_var_vibrio_morph_01.png,15940219238145971078
FCE_LTER_Database,Gomphonema,Gomphonema_augur_var_turris.png,12568038269813672269
FCE_LTER_Database,Stauroneis,Stauroneis_salina(a).png,9992716494320934338
FCE_LTER_Database,Pleurosigma,Pleurosigma_formosum_var_balearica_g_SEM.png,10120204603867682216
FCE_LTER_Database,Pleurosigma,Pleurosigma_formosum_var_balearica_e_SEM.png,14619934244963304595
FCE_LTER_Database,Pleurosigma,Pleurosigma_salinarum.png,13468523295344398884
FCE_LTER_Database,Pleurosigma,Pleurosigma_formosum_var_balearica_Stack_t.png,11741468892942037508
FCE_LTER_Database,Pleurosigma,Pleurosigma_australe.png,15317913960928856813
FCE_LTER_Database,Pleurosigma,Pleurosigma_formosum_var_balearica_b_SEM.png,15916764213856608535
FCE_LTER_Database,Pleurosigma,Pleurosigma_ftsp02.png,15650180361615827050
FCE_LTER_Database,Pleurosigma,Pleurosigma_formosum_var_balearica_Montage.png,9409976417591202621
FCE_LTER_Database,Pleurosigma,Pleurosigma_formosum_var_balearica_d_SEM.png,9287674434686447509
FCE_LTER_Database,Pleurosigma,Pleurosigma_formosum_var_balearica_c_SEM.png,14768742470305490763
FCE_LTER_Database,Fragilaria,Fragilaria_synegrotesca.png,11638510521294599791
FCE_LTER_Database,Fragilaria,Fragilaria_delicatissima_morph_01.png,10425258647626132850
FCE_LTER_Database,Fragilaria,Fragilaria_ftsp03.png,16436911989657442981
FCE_LTER_Database,Fragilaria,Fragilaria_filiformis_var_exilis_morph_02.png,14785922089875194737
FCE_LTER_Database,Fragilaria,Fragilaria_minuscula.png,14786010876499317288
FCE_LTER_Database,Fragilaria,Fragilaria_ulna_var_amphirhynchus.png,12890245775254997123
FCE_LTER_Database,Fragilaria,Fragilaria_ftsp16.png,9882689361853313629
FCE_LTER_Database,Fragilaria,Fragilaria_synegrotesca_t.png,13616374968615985743
FCE_LTER_Database,Fragilaria,Fragilaria_ftsp07.png,14786179375582427698
FCE_LTER_Database,Fragilaria,Fragilaria_filiformis_var_exilis.png,14714260320026391096
FCE_LTER_Database,Fragilaria,Fragilaria_ulna_danica_group_morph_02.png,16078183383035331609
FCE_LTER_Database,Fragilaria,Fragilaria_ftsp15.png,11039124884416980696
FCE_LTER_Database,Fragilaria,Fragilaria_ulna_var_arcus_a.png,15937805484558519836
FCE_LTER_Database,Fragilaria,Fragilaria_ulna_var_arcus_b.png,10606860875597027152
FCE_LTER_Database,Fragilaria,Fragilaria_ftsp14.png,14641330821874291508
FCE_LTER_Database,Fragilaria,Fragilaria_minuscula_morph_02.png,14804261926377169829
FCE_LTER_Database,Fragilaria,Fragilaria_ulna_danica_group.png,10587238774679900781
FCE_LTER_Database,Navicula,Navicula_ftsp16.png,13924636131804171034
FCE_LTER_Database,Navicula,Navicula_hagelsteinii.png,17120172771164458344
FCE_LTER_Database,Navicula,Navicula_ftsp17.png,14714346459890463692
FCE_LTER_Database,Navicula,Navicula_ftsp14.png,11912349144704693110
FCE_LTER_Database,Navicula,Navicula_ftsp21.png,14714260045148468172
FCE_LTER_Database,Navicula,Navicula_subtilissima.png,14871057026143380107
FCE_LTER_Database,Navicula,Navicula_subtilissima_morph_02.png,11129944485459304053
FCE_LTER_Database,Navicula,Navicula_laticeps.png,10030869680875057822
FCE_LTER_Database,Navicula,Navicula_pseudocrassirostris_a_SEM.png,18079728284951700445
FCE_LTER_Database,Navicula,Navicula_perrombus.png,14023270652332358776
FCE_LTER_Database,Navicula,Navicula_aff_radiosa_var_parva.png,9617515955849756305
FCE_LTER_Database,Navicula,Navicula_palestiniae_a_SEM.png,16417350343304967749
FCE_LTER_Database,Navicula,Navicula_ftsp01.png,11699703451763219938
FCE_LTER_Database,Navicula,Navicula_porifera_var_opportuna.png,9310779168353107916
FCE_LTER_Database,Navicula,Navicula_ftsp12.png,9613267406263299034
FCE_LTER_Database,Navicula,Navicula_palestiniae_b_SEM.png,18267581410528564601
FCE_LTER_Database,Navicula,Navicula_constans.png,11555588299516689380
FCE_LTER_Database,Navicula,Navicula_sp03FB.png,15408315388557866309
FCE_LTER_Database,Navicula,Navicula_ftsp18.png,14714048118560404732
FCE_LTER_Database,Navicula,Navicula_pseudocrassirostris_c_SEM.png,12368409376773281045
FCE_LTER_Database,Navicula,Navicula_oblonga.png,15664875392363816603
FCE_LTER_Database,Navicula,Navicula_densilineolata.png,14714260071972090825
FCE_LTER_Database,Navicula,Navicula_ftsp26.png,10328777316729237589
FCE_LTER_Database,Navicula,Navicula_ftsp04.png,9456937762499541443
FCE_LTER_Database,Navicula,Navicula_radiosafallax_morph_01.png,10102573064648422348
FCE_LTER_Database,Navicula,Navicula_ftsp05.png,16726074414899267791
FCE_LTER_Database,Navicula,Navicula_sp05FB.png,13888832764972565630
FCE_LTER_Database,Navicula,Navicula_ftsp07.png,10033967668148710602
FCE_LTER_Database,Navicula,Navicula_directa.png,17621972515736721285
FCE_LTER_Database,Navicula,Navicula_hagelsteinii_a.png,14612603771267734090
FCE_LTER_Database,Navicula,Navicula_radiosa_morph_02.png,10116151230881100748
FCE_LTER_Database,Navicula,Navicula_tubulosa.png,13736256721034161451
FCE_LTER_Database,Navicula,Navicula_radiosa_morph_01.png,10120516604787438540
FCE_LTER_Database,Navicula,Navicula_cf_aspersa.png,15965521004527562799
FCE_LTER_Database,Navicula,Navicula_cf_lusoria.png,16182922963447263966
FCE_LTER_Database,Navicula,Navicula_seminulum.png,14642380804074340980
FCE_LTER_Database,Navicula,Navicula_salinicola.png,14641376778025378969
FCE_LTER_Database,Navicula,Navicula_palestiniae_c_SEM.png,10874315621840024478
FCE_LTER_Database,Navicula,Navicula_ftsp03.png,14213091869202170174
FCE_LTER_Database,Navicula,Navicula_brasiliana.png,13879215116081132481
FCE_LTER_Database,Navicula,Navicula_ftsp02.png,11632394646365281009
FCE_LTER_Database,Navicula,Navicula_maculata.png,10714554112428959078
FCE_LTER_Database,Navicula,Navicula_longa_var_irregularis_c.png,12419402587705781566
FCE_LTER_Database,Navicula,Navicula_cf_zostereti.png,9672444008387561158
FCE_LTER_Database,Navicula,Navicula_subrostellata.png,14593125820684805482
FCE_LTER_Database,Navicula,Navicula_peregrina.png,14104662951332316690
FCE_LTER_Database,Navicula,Navicula_longa_var_irregularis.png,15032567133354820566
FCE_LTER_Database,Navicula,Navicula_palestiniae_d_SEM.png,10274461964489053543
FCE_LTER_Database,Navicula,Navicula_duerrenbergiana.png,10533237199098117507
FCE_LTER_Database,Navicula,Navicula_cf_lusoria_a.png,16113667082381492336
FCE_LTER_Database,Navicula,Navicula_ftsp25.png,14517382653538936015
FCE_LTER_Database,Navicula,Navicula_ftsp06.png,15577907334938235083
FCE_LTER_Database,Navicula,Navicula_constans_var_symmetrica.png,9258872152943504764
FCE_LTER_Database,Navicula,Navicula_ftsp15.png,11776550481829174242
FCE_LTER_Database,Navicula,Navicula_pseudocrassirostris_b_SEM.png,14482623750787077179
FCE_LTER_Database,Navicula,Navicula_ftsp20.png,14786335209897604041
FCE_LTER_Database,Navicula,Navicula_ftsp09.png,15167519716328805138
FCE_LTER_Database,Brachysira,Brachysira_ftsp06.png,14785545854987744460
FCE_LTER_Database,Brachysira,Brachysira_neoexilis_var_neoexilis_morph_04.png,14642552396606809228
FCE_LTER_Database,Brachysira,Brachysira_styriaca.png,14642395131949927228
FCE_LTER_Database,Brachysira,Brachysira_neoexilis_var_neoexilis_morph_02.png,10029843816125482337
FCE_LTER_Database,Brachysira,Brachysira_neoexilis_var_neoexilis_morph_03.png,14786105669615297487
FCE_LTER_Database,Brachysira,Brachysira_aponina_c_SEM.png,16087131096013402516
FCE_LTER_Database,Brachysira,Brachysira_brebissonii.png,14929588685749825596
FCE_LTER_Database,Brachysira,Brachysira_aponina_b_SEM.png,9286989092338085080
FCE_LTER_Database,Brachysira,Brachysira_aponina_d_SEM.png,15586432694282322235
FCE_LTER_Database,Brachysira,Brachysira_vitrea.png,14929659045904068812
FCE_LTER_Database,Brachysira,Brachysira_neoexilis_var_neoexilis_morph_05.png,13850740115821545526
FCE_LTER_Database,Brachysira,Brachysira_aponina.png,16909440525569240918
FCE_LTER_Database,Brachysira,Brachysira_neoexilis_var_neoexilis_morph_01.png,10174420797977604634
FCE_LTER_Database,Brachysira,Brachysira_serians.png,11089649344533327576
FCE_LTER_Database,Brachysira,Brachysira_brebissonii_morph_01.png,15001449014155581408
FCE_LTER_Database,Neidium,Neidium_ampliatum_morph_02.png,17163751686914753242
FCE_LTER_Database,Neidium,Neidium_ftsp01.png,16091165626191676948
FCE_LTER_Database,Neidium,Neidium_floridanum.png,16619907269818631046
FCE_LTER_Database,Mastogloia,Mastogloia_cuneata_Stack_t.png,11933032457026682444
FCE_LTER_Database,Mastogloia,Mastogloia_cf_levis_Montage.png,13973192976345062598
FCE_LTER_Database,Mastogloia,Mastogloia_pseudoelegans_Montage.png,12872782166118573217
FCE_LTER_Database,Mastogloia,Mastogloia_pseudolatecostata_Stack_t.png,9417377150344940483
FCE_LTER_Database,Mastogloia,Mastogloia_delicatula_Montage.png,13432580313058887623
FCE_LTER_Database,Mastogloia,Mastogloia_crucicula_a.png,9557083804735843230
FCE_LTER_Database,Mastogloia,Mastogloia_smithi_Montage.png,11683972569770610053
FCE_LTER_Database,Mastogloia,Mastogloia_corsicana_Montage_a.png,9414143512552598693
FCE_LTER_Database,Mastogloia,Mastogloia_aff_nebulosa_Stack_t.png,11717368689145809295
FCE_LTER_Database,Mastogloia,Mastogloia_ignorata_Stack_t.png,9638292672939092989
FCE_LTER_Database,Mastogloia,Mastogloia_cribrosa_Stack_t.png,11660558135693490636
FCE_LTER_Database,Mastogloia,Mastogloia_erythraea_Montage.png,13451437528533214385
FCE_LTER_Database,Mastogloia,Mastogloia_sp16_Montage.png,9251479822656235764
FCE_LTER_Database,Mastogloia,Mastogloia_ignorata_Montage.png,9582187692727156302
FCE_LTER_Database,Mastogloia,Mastogloia_meisteri_Montage_b.png,12032097678949180781
FCE_LTER_Database,Mastogloia,Mastogloia_rostellata_a.png,12117804705427649231
FCE_LTER_Database,Mastogloia,Mastogloia_pseudoelegans_Stack_t.png,12730931112438122336
FCE_LTER_Database,Mastogloia,Mastogloia_angulata_Montage.png,16316288767444203573
FCE_LTER_Database,Mastogloia,Mastogloia_braunii_a_SEM.png,10694615895107707451
FCE_LTER_Database,Mastogloia,Mastogloia_subaffirmata_Stack_t.png,15025515364236167026
FCE_LTER_Database,Mastogloia,Mastogloia_emarginata_Montage.png,14504767750587178570
FCE_LTER_Database,Mastogloia,Mastogloia_paradoxa_Mont.png,11979530064149629920
FCE_LTER_Database,Mastogloia,Mastogloia_bahamensis.png,15444525790074669027
FCE_LTER_Database,Mastogloia,Mastogloia_sp10FB_Stack_t.png,15755098637953152202
FCE_LTER_Database,Mastogloia,Mastogloia_fimbriata_Montage.png,9358279202114390851
FCE_LTER_Database,Mastogloia,Mastogloia_quinquecostata_Montage.png,13294204431947131872
FCE_LTER_Database,Mastogloia,Mastogloia_ovalis_Stack_t.png,11938840940698192843
FCE_LTER_Database,Mastogloia,Mastogloia_discontinua_Stack_t.png,11906142839281634242
FCE_LTER_Database,Mastogloia,Mastogloia_acutiuscula_var_elliptica_Montage.png,10414420856724309655
FCE_LTER_Database,Mastogloia,Mastogloia_halophila_Montage.png,13555512849561887201
FCE_LTER_Database,Mastogloia,Mastogloia_rostellata.png,9307594233289601743
FCE_LTER_Database,Mastogloia,Mastogloia_crucicula_b.png,11561812699413633843
FCE_LTER_Database,Mastogloia,Mastogloia_biocellata.png,11613640594172463819
FCE_LTER_Database,Mastogloia,Mastogloia_biocellata_Montage_a.png,14025784450398239405
FCE_LTER_Database,Mastogloia,Mastogloia_rimosa_Stack_t.png,12291847530316288882
FCE_LTER_Database,Mastogloia,Mastogloia_barbadensis_Stack_t.png,9597005992809558482
FCE_LTER_Database,Mastogloia,Mastogloia_erythraea_Stack_a_t.png,11861160507552864195
FCE_LTER_Database,Mastogloia,Mastogloia_lacrimata_Montage.png,12011593585502121636
FCE_LTER_Database,Mastogloia,Mastogloia_fimbriata_Stack_t.png,9316740690377068401
FCE_LTER_Database,Mastogloia,Mastogloia_cuneata_Montage.png,16544959332648325835
FCE_LTER_Database,Mastogloia,Mastogloia_asperuloides_Montage.png,13886782957760145797
FCE_LTER_Database,Mastogloia,Mastogloia_delicatissima_Montage.png,9229955499228574895
FCE_LTER_Database,Mastogloia,Mastogloia_ovulum_a.png,10753801720200107725
FCE_LTER_Database,Mastogloia,Mastogloia_ovulum_Montage.png,9590382124270100381
FCE_LTER_Database,Mastogloia,Mastogloia_delicatissima_Stack_t.png,9241328983202890663
FCE_LTER_Database,Mastogloia,Mastogloia_cf_foliolum_Montage.png,15185537737956063392
FCE_LTER_Database,Mastogloia,Mastogloia_beaufortiana_Stack_t.png,11605053445898357859
FCE_LTER_Database,Mastogloia,Mastogloia_frickei_Stack_t.png,9275575334005297278
FCE_LTER_Database,Mastogloia,Mastogloia_lineata_Montage.png,11542051884427491645
FCE_LTER_Database,Mastogloia,Mastogloia_smithi_Stack_t.png,12692648455028264654
FCE_LTER_Database,Mastogloia,Mastogloia_paradoxa_Mont_1.png,11580390085430980997
FCE_LTER_Database,Mastogloia,Mastogloia_corsicana_Stack_t.png,11303774157786894279
FCE_LTER_Database,Mastogloia,Mastogloia_frickei_Montage.png,9271112459517082013
FCE_LTER_Database,Mastogloia,Mastogloia_corsicana_Stack_a_t.png,10557979854124532344
FCE_LTER_Database,Mastogloia,Mastogloia_punctifera_Stack_t.png,9350483446148026979
FCE_LTER_Database,Mastogloia,Mastogloia_paradoxa_Stack.png,13780612167386044294
FCE_LTER_Database,Mastogloia,Mastogloia_erythraea_a_SEM.png,11367446363930314905
FCE_LTER_Database,Mastogloia,Mastogloia_cf_levis_Stack_t.png,13973145201852172965
FCE_LTER_Database,Mastogloia,Mastogloia_sp10FB_Montage.png,15746060551808797108
FCE_LTER_Database,Mastogloia,Mastogloia_ovulum_b.png,13052996970175468388
FCE_LTER_Database,Mastogloia,Mastogloia_sp16_Stack_t.png,9647129266930162578
FCE_LTER_Database,Mastogloia,Mastogloia_splendida_Montage.png,14008852224197780856
FCE_LTER_Database,Mastogloia,Mastogloia_subaffirmata_Montage.png,15178762030165833869
FCE_LTER_Database,Mastogloia,Mastogloia_cf_foliolum_Stack_t.png,17482211415959250266
FCE_LTER_Database,Mastogloia,Mastogloia_pseudolacrimata_Montage.png,17666101996812541360
FCE_LTER_Database,Mastogloia,Mastogloia_latecostata.png,17971219753727270790
FCE_LTER_Database,Mastogloia,Mastogloia_biocellata_Stack_a_t.png,14023460186210993509
FCE_LTER_Database,Mastogloia,Mastogloia_adriatica_Stack_t.png,16532483063519417991
FCE_LTER_Database,Mastogloia,Mastogloia_angulata_Stack_t.png,16654246225428803696
FCE_LTER_Database,Mastogloia,Mastogloia_pseudolacrimata_Stack_t.png,17666149854639260620
FCE_LTER_Database,Mastogloia,Mastogloia_sp17_Stack_t.png,17996742299846876769
FCE_LTER_Database,Mastogloia,Mastogloia_smithii_var_lacustris_montage.png,9429523912750779189
FCE_LTER_Database,Mastogloia,Mastogloia_halophila_Stack_t.png,13699883414617298754
FCE_LTER_Database,Mastogloia,Mastogloia_cf_aspera_Montage.png,9415777402332961965
FCE_LTER_Database,Mastogloia,Mastogloia_biocellata_Montage.png,11614549448374787222
FCE_LTER_Database,Mastogloia,Mastogloia_lacrimata_Stack_t.png,17912357925536237142
FCE_LTER_Database,Mastogloia,Mastogloia_pseudolatecostata_Montage.png,9378063054660295311
FCE_LTER_Database,Mastogloia,Mastogloia_beaufortiana_Montage.png,11575825600152509853
FCE_LTER_Database,Mastogloia,Mastogloia_cribrosa_Montage_a.png,16469214201018540303
FCE_LTER_Database,Mastogloia,Mastogloia_cribrosa_Montage.png,11570258434835646968
FCE_LTER_Database,Mastogloia,Mastogloia_pusilla_var_subcapitata_Montage.png,10094752144415424662
FCE_LTER_Database,Mastogloia,Mastogloia_asperuloides_Stack_t.png,9548614789616984439
FCE_LTER_Database,Mastogloia,Mastogloia_discontinua_Montage.png,11982730038380674273
FCE_LTER_Database,Mastogloia,Mastogloia_corsicana_Montage.png,11294130239060455605
FCE_LTER_Database,Mastogloia,Mastogloia_aff_nebulosa_Montage.png,9235401507761599954
FCE_LTER_Database,Mastogloia,Mastogloia_cyclops_Stack_a_t.png,15169595053843401509
FCE_LTER_Database,Mastogloia,Mastogloia_fimbriata_Montage_a.png,15441381413238711656
FCE_LTER_Database,Mastogloia,Mastogloia_erythraea_c_SEM.png,10792430816716821235
FCE_LTER_Database,Mastogloia,Mastogloia_discontinua_Montage_a.png,18024987553012226693
FCE_LTER_Database,Mastogloia,Mastogloia_barbadensis_Montage.png,9626116744369809694
FCE_LTER_Database,Mastogloia,Mastogloia_binotata_Stack_t.png,16470818785863716133
FCE_LTER_Database,Mastogloia,Mastogloia_splendida.png,14018150789432803095
FCE_LTER_Database,Mastogloia,Mastogloia_delicatula_Stack_t.png,16477657859696139934
FCE_LTER_Database,Mastogloia,Mastogloia_pusilla_var_subcapitata_Stack_t.png,10130688577269219659
FCE_LTER_Database,Mastogloia,Mastogloia_punctifera_a.png,10048809981922521049
FCE_LTER_Database,Mastogloia,Mastogloia_sp17_Montage.png,13977881339941479732
FCE_LTER_Database,Mastogloia,Mastogloia_binotata_Montage.png,16471003682849876963
FCE_LTER_Database,Mastogloia,Mastogloia_fimbriata_Stack_a_t.png,15478407827428951352
FCE_LTER_Database,Mastogloia,Mastogloia_acutiuscula_var_elliptica_Stack_t.png,10779183874533568858
FCE_LTER_Database,Mastogloia,Mastogloia_lineata_Stack_t.png,11860623507657467343
FCE_LTER_Database,Mastogloia,Mastogloia_emarginata_Stack_t.png,14504769807828216283
FCE_LTER_Database,Mastogloia,Mastogloia_rimosa_Montage.png,12291880933295535541
FCE_LTER_Database,Mastogloia,Mastogloia_adriatica_Montage.png,16248157870766465225
FCE_LTER_Database,Mastogloia,Mastogloia_erythraea_Montage_a.png,9236068232080634785
FCE_LTER_Database,Mastogloia,Mastogloia_punctifera_Montage.png,11584033790639947559
FCE_LTER_Database,Mastogloia,Mastogloia_smithii_var_lacustris.png,9316676513871151725
FCE_LTER_Database,Mastogloia,Mastogloia_cribrosa_Stack_a_t.png,9850251684464740400
FCE_LTER_Database,Mastogloia,Mastogloia_quinquecostata_Stack_t.png,12999853494614071133
FCE_LTER_Database,Mastogloia,Mastogloia_erythraea_b_SEM.png,9354363185315671457
FCE_LTER_Database,Mastogloia,Mastogloia_paradoxa_Stack_1_t.png,12713480009817316050
FCE_LTER_Database,Mastogloia,Mastogloia_discontinua_Stack_a_t.png,17482235453382748536
FCE_LTER_Database,Mastogloia,Mastogloia_horvathiana.png,10699158852747358388
FCE_LTER_Database,Mastogloia,Mastogloia_ovulum_Stack_t.png,14245132586799553898
FCE_LTER_Database,Nitzschia,Nitzschia_sigma_a.png,15185392951968182626
FCE_LTER_Database,Nitzschia,Nitzschia_lanceola.png,10852958256250577523
FCE_LTER_Database,Nitzschia,Nitzschia_angularis.png,12866070164813278306
FCE_LTER_Database,Nitzschia,Nitzschia_cf_gessneri.png,13370842429472017309
FCE_LTER_Database,Nitzschia,Nitzschia_ftsp06.png,14066038495264955172
FCE_LTER_Database,Nitzschia,Nitzschia_acicularis.png,14281306730130191310
FCE_LTER_Database,Nitzschia,Nitzschia_ftsp15.png,14929587586238067612
FCE_LTER_Database,Nitzschia,Nitzschia_pararostrata.png,13660483366154220618
FCE_LTER_Database,Nitzschia,Nitzschia_graeffii.png,18032228747715621317
FCE_LTER_Database,Nitzschia,Nitzschia_cf_laevis.png,15317843447050952298
FCE_LTER_Database,Nitzschia,Nitzschia_termaloides.png,12147741626561762670
FCE_LTER_Database,Nitzschia,Nitzschia_aurariae.png,13560736770827893092
FCE_LTER_Database,Nitzschia,Nitzschia_ftsp08.png,17338700847482695920
FCE_LTER_Database,Nitzschia,Nitzschia_improvisa.png,15408286203221977770
FCE_LTER_Database,Nitzschia,Nitzschia_scalaris.png,16843436309055853890
FCE_LTER_Database,Nitzschia,Nitzschia_ftsp04.png,14140111072010715108
FCE_LTER_Database,Nitzschia,Nitzschia_ftsp03.png,12855933688341377868
FCE_LTER_Database,Nitzschia,Nitzschia_ftsp26.png,11058176084558750363
FCE_LTER_Database,Nitzschia,Nitzschia_groessestriata.png,11251466906020363543
FCE_LTER_Database,Nitzschia,Nitzschia_improvisa_Montage.png,11553328217997362588
FCE_LTER_Database,Nitzschia,Nitzschia_ftsp17.png,10102661158722626355
FCE_LTER_Database,Nitzschia,Nitzschia_marginulata_var_didyma.png,11901270769568594227
FCE_LTER_Database,Nitzschia,Nitzschia_longissima_f_parva.png,15330683832626542764
FCE_LTER_Database,Nitzschia,Nitzschia_ftsp14.png,14714329597832082376
FCE_LTER_Database,Nitzschia,Nitzschia_ftsp02.png,15664325005624571649
FCE_LTER_Database,Nitzschia,Nitzschia_lacum.png,9887311267977832399
FCE_LTER_Database,Nitzschia,Nitzschia_ftsp09.png,14642484192325088052
FCE_LTER_Database,Nitzschia,Nitzschia_amphibia_f_rostrata.png,14641430181580583119
FCE_LTER_Database,Nitzschia,Nitzschia_amphibia_f_frauenfeldii.png,9705660418557763694
FCE_LTER_Database,Nitzschia,Nitzschia_ftsp24.png,10102657416723968972
FCE_LTER_Database,Nitzschia,Nitzschia_ftsp12.png,14008514361526825624
FCE_LTER_Database,Nitzschia,Nitzschia_thermalis_var_minor.png,15921148282043970524
FCE_LTER_Database,Nitzschia,Nitzschia_persuedens.png,10130139853850440798
FCE_LTER_Database,Nitzschia,Nitzschia_ftsp16.png,10102661158722614220
FCE_LTER_Database,Nitzschia,Nitzschia_ftsp18.png,14641427561717855049
FCE_LTER_Database,Nitzschia,Nitzschia_amphibia_f_frauenfeldii_a.png,18051938283528149070
FCE_LTER_Database,Nitzschia,Nitzschia_ftsp01.png,13344135187117790086
FCE_LTER_Database,Nitzschia,Nitzschia_ftsp22.png,16078001161621940125
FCE_LTER_Database,Nitzschia,Nitzschia_ftsp19.png,16029892764801589465
FCE_LTER_Database,Nitzschia,Nitzschia_cf_semirobusta.png,16896281790788963266
FCE_LTER_Database,Nitzschia,Nitzschia_acidoclinata.png,10102643566536569655
FCE_LTER_Database,Nitzschia,Nitzschia_improvisa_Stack_t.png,10506004708263877729
FCE_LTER_Database,Nitzschia,Nitzschia_acidoclinata_morph_02.png,10103768986207990685
FCE_LTER_Database,Nitzschia,Nitzschia_ftsp25.png,10102520489953467349
FCE_LTER_Database,Nitzschia,Nitzschia_hybrida.png,14018952093770135259
FCE_LTER_Database,Nitzschia,Nitzschia_libentruthii.png,9601226454595118446
FCE_LTER_Database,Nitzschia,Nitzschia_groessestriata_a.png,14237121597010234187
FCE_LTER_Database,Nitzschia,Nitzschia_maxima.png,12729231889596499119
FCE_LTER_Database,Nitzschia,Nitzschia_improvisa_a.png,15372347840462993884
FCE_LTER_Database,Planothidium,Planothidium_cf_lilljeborgei_a.png,15408315525076637520
FCE_LTER_Database,Planothidium,Planothidium_cf_lilljeborgei.png,12156698887147435128
FCE_LTER_Database,Planothidium,Planothidium_frequentissimum.png,17316323043518169176
FCE_LTER_Database,Planothidium,Planothidium_pericavum_a.png,9618041397120243309
FCE_LTER_Database,Staurosirella,Staurosirella_pinnata_var_pinnata.png,10030676146426947789
FCE_LTER_Database,Gyrosigma,Gyrosigma_obscurum.png,10550048912564925078
FCE_LTER_Database,Gyrosigma,Gyrosigma_balticum.png,9910651919354660459
FCE_LTER_Database,Melosira,Melosira_sp_01b_SEM.png,16950297919356973978
FCE_LTER_Database,Melosira,Melosira_sp01c_SEM.png,17689999646836940725
FCE_LTER_Database,Cocconeis,Cocconeis_dirupta.png,16220474676224876128
FCE_LTER_Database,Cocconeis,Cocconeis_placentula.png,15746050473657123435
FCE_LTER_Database,Cocconeis,Cocconeis_sp03.png,14249809494609244858
FCE_LTER_Database,Cocconeis,Cocconeis_krammeri.png,10728055119479912904
FCE_LTER_Database,Cocconeis,Cocconeis_maxima_c.png,11452979043915546211
FCE_LTER_Database,Cocconeis,Cocconeis_woodii.png,10704890280608361498
FCE_LTER_Database,Cocconeis,Cocconeis_maxima_e.png,11377604226930324260
FCE_LTER_Database,Cocconeis,Cocconeis_krammeri_pseudoraphe_valve.png,12516860753631071600
FCE_LTER_Database,Cocconeis,Cocconeis_maxima_b.png,10705586686074637399
FCE_LTER_Database,Cocconeis,Cocconeis_britannica_c.png,13919751923416119438
FCE_LTER_Database,Cocconeis,Cocconeis_cf_distantula.png,15332901672153567930
FCE_LTER_Database,Cocconeis,Cocconeis_pseudodiruptoides_c.png,12792047601951998974
FCE_LTER_Database,Cocconeis,Cocconeis_maxima_a.png,12252385415517443707
FCE_LTER_Database,Cocconeis,Cocconeis_cf_diruptoides.png,11571516491667681167
FCE_LTER_Database,Cocconeis,Cocconeis_woodii_b.png,14449045823594720478
FCE_LTER_Database,Cocconeis,Cocconeis_britanica_e.png,10452705469457068447
FCE_LTER_Database,Cocconeis,Cocconeis_maxima_d.png,15877005483600286316
FCE_LTER_Database,Cocconeis,Cocconeis_granulifera.png,13922853728899118033
FCE_LTER_Database,Cocconeis,Cocconeis_scutellum.png,14745149387873033080
FCE_LTER_Database,Cocconeis,Cocconeis_krammeri(a).png,9523974887993142747
FCE_LTER_Database,Cocconeis,Cocconeis_pseudodiruptoides_b.png,11224183195005963941
FCE_LTER_Database,Cocconeis,Cocconeis_dirupta_a.png,9350199941386685886
FCE_LTER_Database,Cocconeis,Cocconeis_peltoides.png,11291431238774249771
FCE_LTER_Database,Cocconeis,Cocconeis_ftsp01.png,11775419324623393475
FCE_LTER_Database,Staurosira,Staurosira_punctiformis_a.png,9419699207104267566
FCE_LTER_Database,Staurosira,Staurosira_punctiformis_b.png,10921625571338775197
FCE_LTER_Database,Encyonema,Encyonema_ftsp01_morph_01.png,10174420392514368716
FCE_LTER_Database,Encyonema,Encyonema_ftsp07.png,16897804009333233090
FCE_LTER_Database,Encyonema,Encyonema_ftsp01.png,14709821222264058585
FCE_LTER_Database,Encyonema,Encyonema_cf_evergladianum.png,14713978845032953497
FCE_LTER_Database,Encyonema,Encyonema_ftsp10.png,14443779235708127693
FCE_LTER_Database,Encyonema,Encyonema_ftsp02.png,10170000366516266444
FCE_LTER_Database,Encyonema,Encyonema_ftsp05.png,11035902510349312713
FCE_LTER_Database,Encyonema,Encyonema_ftsp09.png,11438636790857151369
FCE_LTER_Database,Encyonema,Encyonema_ftsp06.png,17164278330389711711
FCE_LTER_Database,Encyonema,Encyonema_ftsp11.png,11471190250027033820
FCE_LTER_Database,Encyonema,Encyonema_ftsp04.png,18158639602326070998
FCE_LTER_Database,Biddulphia,Biddulphia_obtusa.png,12660064678576161645
FCE_LTER_Database,Biddulphia,Biddulphia_pulchella_Montage1.png,9588004222566821642
FCE_LTER_Database,Biddulphia,Biddulphia_pulchella_Stack1_t.png,9980662607009859261
FCE_LTER_Database,Biddulphia,Biddulphia_pulchella_a.png,18136985404196403929
FCE_LTER_Database,Biddulphia,Biddulphia_pulchella.png,9370653534238831306
FCE_LTER_Database,Biddulphia,Biddulphia_pulchella_Montage.png,9948411491378712322
FCE_LTER_Database,Biddulphia,Biddulphia_rhombus.png,9618277255569652299
FCE_LTER_Database,Encyonopsis,Encyonopsis_ftsp02.png,10317974135577981836
FCE_LTER_Database,Encyonopsis,Encyonopsis_subminuta.png,14786106867911045832
FCE_LTER_Database,Amphora,Amphora_proteus_a_t.png,11538385513521926034
FCE_LTER_Database,Amphora,Amphora_immarginata.png,11870209416563985772
FCE_LTER_Database,Amphora,Amphora_ostrearia_var_vitrea.png,13485686202287976542
FCE_LTER_Database,Amphora,Amphora_sp_01_FB_a.png,15392506000138410122
FCE_LTER_Database,Amphora,Amphora_vadosini.png,13008242222960033340
FCE_LTER_Database,Amphora,Amphora_spriggerica.png,15765231759115257230
FCE_LTER_Database,Amphora,Amphora_bigibba_var_interrupta.png,17258535164348546408
FCE_LTER_Database,Amphora,Amphora_corpulenta_var_capitata_b.png,15315469241693937178
FCE_LTER_Database,Amphora,Amphora_securicula.png,9475712236580642619
FCE_LTER_Database,Amphora,Amphora_graeffeana_var_F01.png,15171917105793829835
FCE_LTER_Database,Amphora,Amphora_gramenorum.png,13443660738382384069
FCE_LTER_Database,Amphora,Amphora_fluminensis.png,15458476708001598369
FCE_LTER_Database,Amphora,Amphora_caribaea.png,13746440323498739026
FCE_LTER_Database,Amphora,Amphora_montgomeryi.png,15960769128838824310
FCE_LTER_Database,Amphora,Amphora_sulcata.png,15862743002239281036
FCE_LTER_Database,Amphora,Amphora_proteus_t.png,14785184214150256773
FCE_LTER_Database,Amphora,Amphora_vadosini_a.png,15046071403681389514
FCE_LTER_Database,Amphora,Amphora_ftsp01.png,15575655790625236272
FCE_LTER_Database,Amphora,Amphora_staurophora.png,14066198229393661043
FCE_LTER_Database,Amphora,Amphora_acuta_var_arcuata.png,11947331360330698063
FCE_LTER_Database,Amphora,Amphora_ftsp09.png,10102643566536585999
FCE_LTER_Database,Amphora,Amphora_ftsp02.png,11997484204905734088
FCE_LTER_Database,Amphora,Amphora_corpulenta_var_capitata_a.png,10557983669156548554
FCE_LTER_Database,Amphora,Amphora_sp_F36.png,16846078982703951994
FCE_LTER_Database,Amphora,Amphora_sp.png,12884050005030453844
FCE_LTER_Database,Amphora,Amphora_sp_06.png,12148295711497422453
FCE_LTER_Database,Amphora,Amphora_veneta.png,13099902378008932742
FCE_LTER_Database,Amphora,Amphora_ostrearia_var_vitrea_a.png,13359543140575775323
FCE_LTER_Database,Amphora,Amphora_ftsp08.png,14642551228375708457
FCE_LTER_Database,Amphora,Amphora_luteum.png,15468838382459758935
FCE_LTER_Database,Amphora,Amphora_cingulata_t.png,17093192425249226945
FCE_LTER_Database,Amphora,Amphora_sulcata_morph_02.png,10102643184284480460
FCE_LTER_Database,Amphora,Amphora_ftsp05.png,14714329584964023180
FCE_LTER_Database,Amphora,Amphora_ftsp04.png,14714325259646742735
FCE_LTER_Database,Amphora,Amphora_libyca.png,15737793884708542656
FCE_LTER_Database,Amphora,Amphora_rhombica1.png,15467859897769449740
FCE_LTER_Database,Amphora,Amphora_sp_01FB.png,10102362807993366412
DONA_Database,Fragilariforma,L-3-44-4.png,10161553135240140782
DONA_Database,Fragilariforma,FRconstricta_747_40b.png,17979433063776165600
DONA_Database,Fragilariforma,Fraghorstii6.png,15434864430731520455
DONA_Database,Fragilariforma,15105_mix_035.png,13853494313809236784
DONA_Database,Fragilariforma,FRpolygonata_456_22.8.png,14882898523636448856
DONA_Database,Fragilariforma,FRconstricta_455_24b.png,15756371438347228060
DONA_Database,Fragilariforma,ANSP_GC_54250_Fragilariforma_acidobiota_T4.png,12661996409395254342
DONA_Database,Fragilariforma,Fraghorstii3.png,17656365591914855741
DONA_Database,Fragilariforma,15987d_05262016_02_cl.png,14747807833887738849
DONA_Database,Fragilariforma,23-1-1.png,12648202154492309976
DONA_Database,Fragilariforma,23Kerry4.png,11946646195698940128
DONA_Database,Fragilariforma,IWB-23-III-2013-010_07312014_031_clm.png,14959959955377374042
DONA_Database,Fragilariforma,Fragilariforma_virescens_100X_16X_10X_MEDP0522_ME_2011_13b.png,17182659710180534714
DONA_Database,Fragilariforma,ANSP_GC_54250_Fragilariforma_acidobiota_T7.png,15614619477172627022
DONA_Database,Fragilariforma,IWB-23-III-2013-010_07312014_056_clm.png,15908108880698179413
DONA_Database,Fragilariforma,FRconstricta_490_22b.png,16120741416314147727
DONA_Database,Fragilariforma,15975d_05262016_02_cl.png,16045173540739750640
DONA_Database,Fragilariforma,16012a_05122016_15.png,16042078624317409114
DONA_Database,Fragilariforma,SEM_spines_5_micron.png,15925521942592174298
DONA_Database,Fragilariforma,Fragilaria_nitzschioides_OR032144_NORTH_UMPQUA_2.png,12496022882901946758
DONA_Database,Fragilariforma,IWB-23-III-2013-010_07312014_055_clm.png,14881833205874375519
DONA_Database,Fragilariforma,FRpolygonata_520_26.png,9581695175252703495
DONA_Database,Fragilariforma,L-3-44-1.png,16720901636348856171
DONA_Database,Fragilariforma,ANSP_GC_54250_Fragilariforma_acidobiota_T1.png,10352637180804379217
DONA_Database,Fragilariforma,14264_sei_049_5.png,18246398595331534024
DONA_Database,Fragilariforma,IWB-23-III-2013-010_07312014_033_clm.png,13587065940356640525
DONA_Database,Fragilariforma,23-2-2.png,15831670042039822199
DONA_Database,Fragilariforma,FRconstricta_811_37_NetLake.png,11047013449070479257
DONA_Database,Fragilariforma,15987d_05262016_07_cl.png,14171337464606568284
DONA_Database,Fragilariforma,15976a_04082016_05_cl.png,13991203986583540270
DONA_Database,Fragilariforma,ANSP_GC_54250_Fragilariforma_acidobiota_T5.png,12311387288134482821
DONA_Database,Fragilariforma,Fragilaria_nitzschioides_OR032144_NORTH_UMPQUA_5.png,12280965025978153286
DONA_Database,Fragilariforma,14264_sei_052_10.png,15823766855706273053
DONA_Database,Fragilariforma,Fraghorstii2.png,10388277897881398591
DONA_Database,Fragilariforma,15987d_05262016_03_cl.png,15936805417277659909
DONA_Database,Fragilariforma,IWB-23-III-2013-010_07312014_016_clm.png,18421886437660828948
DONA_Database,Fragilariforma,Fraghorstii5.png,15279696444589849419
DONA_Database,Fragilariforma,15967a_04062016_10_cl.png,14603692827305300657
DONA_Database,Fragilariforma,FRconstricta_863_39_Brant1098b.png,12439488403402017644
DONA_Database,Fragilariforma,15969a_04062016_02.png,16080920667860903770
DONA_Database,Fragilariforma,FRconstricta_504_27.png,17954410691120338531
DONA_Database,Fragilariforma,23-1-17.png,12080165283801815099
DONA_Database,Fragilariforma,Fraghorstii4.png,10541690483232614375
DONA_Database,Fragilariforma,Fragilaria_nitzschioides_OR032144_NORTH_UMPQUA_8.png,12666814497675228732
DONA_Database,Fragilariforma,15105_mix_037.png,9277265982937603792
DONA_Database,Fragilariforma,15975d_05262016_03_cl.png,16116941834375159384
DONA_Database,Fragilariforma,FRpolygonata_595_19.8.png,15916070455062096668
DONA_Database,Fragilariforma,FRpolygonata_544_27.2.png,17995506018168332346
DONA_Database,Fragilariforma,14264_sei_053.png,12205452846083411591
DONA_Database,Fragilariforma,15987d_05262016_09_cl.png,16045166335928114736
DONA_Database,Fragilariforma,IWB-23-III-2013-010_07312014_015_clm.png,10330330419900025804
DONA_Database,Fragilariforma,ANSP_GC_54250_Fragilariforma_acidobiota_T3.png,12511405123099210580
DONA_Database,Fragilariforma,FRpolygonata_446_22.3.png,15315045082471676447
DONA_Database,Fragilariforma,15987d_05262016_05_cl.png,9703767158240799733
DONA_Database,Fragilariforma,23-1-18.png,10368227999582285852
DONA_Database,Fragilariforma,23-2-5.png,14305050134653483090
DONA_Database,Fragilariforma,FRconstricta_602_33b.png,11001420812587046403
DONA_Database,Fragilariforma,Fraghorstii7gv.png,16106953124981620966
DONA_Database,Fragilariforma,ANSP_GC_54250_Fragilariforma_acidobiota_T6.png,10351368269760868696
DONA_Database,Fragilariforma,Fraghorstii1.png,15110674578342443271
DONA_Database,Fragilariforma,15975a_04082016_21.png,16116388033197377434
DONA_Database,Fragilariforma,IWB-23-III-2013-010_07312014_036_clm.png,12525206038962307908
DONA_Database,Cyclotella,Cyclotella_gamma_5.png,11200219411712165413
DONA_Database,Cyclotella,CYquillensis_L-7-18_627_34.8.png,12296443062695154315
DONA_Database,Cyclotella,CYquill_MBE504_43_5_1299.png,15516407418539614635
DONA_Database,Cyclotella,Cyclotella_gamma_6.png,10843941552402528032
DONA_Database,Cyclotella,cy_meneghiniana_15540a_09172015_04_cl.png,15539945435643634996
DONA_Database,Cyclotella,cyclotella_atomus_SEM.png,13084738514142062685
DONA_Database,Cyclotella,_Cdis22.9_.png,9352427889281655963
DONA_Database,Cyclotella,Cyclotella_gamma_7.png,11586089961794662452
DONA_Database,Cyclotella,_Cdis22.9b_.png,9640658265435063515
DONA_Database,Cyclotella,104145A_rex88.png,16060021342180140490
DONA_Database,Cyclotella,_Cdis19.6_.png,9782521560011818651
DONA_Database,Cyclotella,102718a7__.png,14110962679477359119
DONA_Database,Cyclotella,_Cdis12.7_.png,11401633673706050084
DONA_Database,Cyclotella,102718a9__1.png,15561239372597391491
DONA_Database,Cyclotella,104145A_rex44.png,14372398469447095967
DONA_Database,Cyclotella,Cdistinuenda_2micron_scale.png,9253304219576134261
DONA_Database,Cyclotella,104145A_rex22.png,9425248705034796140
DONA_Database,Cyclotella,cy_meneghiniana_15540a_09172015_21_cl.png,15419690717190783629
DONA_Database,Cyclotella,cy_meneghiniana_15596a_09042015_24_cl.png,15356057938056352341
DONA_Database,Cyclotella,Cyclotella_gamma_1.png,12255346948444796641
DONA_Database,Cyclotella,cy_meneghiniana_15640a_10132015_08_cl.png,15754072303915623047
DONA_Database,Cyclotella,Cyc_men_ext5_det_8-29-05-18_copy.png,9295174408895291563
DONA_Database,Cyclotella,CYquill_MBE504_24_9_791.png,15318456838973418275
DONA_Database,Cyclotella,_Cdis11.8b_.png,10334693393150415676
DONA_Database,Cyclotella,_Cdis29.2_.png,10897160101532517260
DONA_Database,Cyclotella,Cyclotella_gamma_4.png,10809993524654797993
DONA_Database,Cyclotella,Cyclotella_gamma_2.png,10785239386122051689
DONA_Database,Cyclotella,cyclotella_atomus_TEM.png,12250260819986604874
DONA_Database,Cyclotella,CYquill_MBE504_53_0_1583.png,15398418180201361879
DONA_Database,Cyclotella,CYquillensis_L-7-18_671_37.1.png,13803863701666779708
DONA_Database,Cyclotella,17172_mix_022.png,11361220683441270106
DONA_Database,Cyclotella,CYquill_MBE504_54_7_1631.png,15417064875121848701
DONA_Database,Cyclotella,102718a10__1.png,15350402519034345588
DONA_Database,Cyclotella,CYquill_MBE504_50_7_1500.png,15393983703692830159
DONA_Database,Cyclotella,cy_meneghiniana_15624a_09212015_07_cl.png,10802631912661231408
DONA_Database,Cyclotella,Cdistinuenda_int_2micron_scale.png,14459514556551232074
DONA_Database,Cyclotella,cy_meneghiniana_15615a_08242015_11_cl.png,15360158931682185812
DONA_Database,Cyclotella,_Cdis9.6_.png,10087136692815250236
DONA_Database,Eunotia,EUbiden-6.png,14673275564306294172
DONA_Database,Eunotia,Eunotia_cataractarum_SEMcloseup_1um.png,9258982608474894043
DONA_Database,Eunotia,eunotia_trinacria_longII.png,14927867566568410690
DONA_Database,Eunotia,EuPectin-3.png,15840499702455709080
DONA_Database,Eunotia,Eunotia_241_073A_SS.png,15437513126349992015
DONA_Database,Eunotia,Eunotia_triodon_1.png,11209303918541466895
DONA_Database,Eunotia,Eunotia_lewisii_04.png,14782495445727913829
DONA_Database,Eunotia,9c58627_Eunotia_microcephala_13_2.png,13155644297398806408
DONA_Database,Eunotia,E_papilioforma_SEM_7_25_05_4_inner_R_H_1umR.png,15296988706057302714
DONA_Database,Eunotia,EUtauntoniensis-6a.png,13816595577117484560
DONA_Database,Eunotia,Eunotia_nymanniana_6_16_05_J2_21_6.png,14387411312656491859
DONA_Database,Eunotia,Eunotia_lewisii_SEM2.png,10757460237989010854
DONA_Database,Eunotia,EuBilun-1.png,11429785287466367022
DONA_Database,Eunotia,EUsuperb-2.png,10350241843691513160
DONA_Database,Eunotia,E_montuosa_7th.png,14566678118251946456
DONA_Database,Eunotia,Eunotia_enishna_5_20_05_1A.png,15792701507522146055
DONA_Database,Eunotia,E_macroglossa_41_75r.png,15182835242550321016
DONA_Database,Eunotia,429_21.5um_Eun_sarraceniae.png,14584164425860476244
DONA_Database,Eunotia,Eunotiadiadema2.png,14526847447399737757
DONA_Database,Eunotia,Eunotia_lewisii_SEM1.png,15405237171478747574
DONA_Database,Eunotia,AMeruca-4.png,15717694926097297272
DONA_Database,Eunotia,Eunotia_rushforthii_Holotype.png,15720641836871618119
DONA_Database,Eunotia,Eunotia_mydohaimasiae_7_19_05_9.png,14842123454165888349
DONA_Database,Eunotia,EUbiden-7.png,14689036153951242106
DONA_Database,Eunotia,E_montuosa_6th.png,15755391733876918041
DONA_Database,Eunotia,Eunotia_cataractarum_small.png,15268856715929325530
DONA_Database,Eunotia,EUbiden-3.png,10048788813736435980
DONA_Database,Eunotia,9c58627_Eunotia_microcephala_15_1b.png,10861268107051732881
DONA_Database,Eunotia,Eunotia_rushforthii_6_28_05_L3A_no2.png,16549631623945924824
DONA_Database,Eunotia,EuFormi-4.png,15789040783375625487
DONA_Database,Eunotia,Eunotiadiadema3.png,15802904830904920928
DONA_Database,Eunotia,Eunotiadiadema0.png,15829152540049886048
DONA_Database,Eunotia,Eunotia_nymanniana_SEM_ext_apice.png,15359482765212592159
DONA_Database,Eunotia,EUdiodon-4.png,9986095559377843518
DONA_Database,Eunotia,GSM6_9_05_9_tenella_I.png,9631576334864835980
DONA_Database,Eunotia,E_montuosa_3rd_5_19_04C1e.png,15168252323868913171
DONA_Database,Eunotia,Eunotia_mydohaimasiae_5_26_05_j2a.png,9631646741988394845
DONA_Database,Eunotia,EunotiaSN2_ANP008-jeff_05_ps.png,11360737623515434842
DONA_Database,Eunotia,EunotiaSNeury_ANP081b-jeff_010_ps.png,16187479150723987492
DONA_Database,Eunotia,6_9_05_9_tenel_33.png,16621197853683201131
DONA_Database,Eunotia,GSM6_9_05_9_tenella_III.png,13090743337853720468
DONA_Database,Eunotia,Eunotia_bilii_noIII.png,14621627557076356760
DONA_Database,Eunotia,Eunotia_richbuttensis_Holotype.png,15773142919429375772
DONA_Database,Eunotia,EUzasuminensis_SMM16212b_859_47.7.png,11228639960780983722
DONA_Database,Eunotia,Eunotia.hex6.png,15721561031168765803
DONA_Database,Eunotia,621_31.1_EunCWR.png,15577179722822678863
DONA_Database,Eunotia,Eunotia_horstii_6_28_05_L1A.png,12513913738334598992
DONA_Database,Eunotia,Eunotia_gibbosa_1.png,14920056510573544289
DONA_Database,Eunotia,E_areniverma_small_r.png,15722753220708102088
DONA_Database,Eunotia,Eunotia_nymanniana_6_16_05_J2_39.png,12946279838646306659
DONA_Database,Eunotia,Eunotia_papilioforma_6_28_05_1_Huggins.png,10064275519543134142
DONA_Database,Eunotia,EUlewisii_1.png,17126196236451358290
DONA_Database,Eunotia,EuPectin-4.png,16815908709422015824
DONA_Database,Eunotia,1433_71.7_EunCWR.png,14954783887445478553
DONA_Database,Eunotia,EuPectin-5.png,11099689913572780145
DONA_Database,Eunotia,E_orthohedra_4thsmall.png,13954538029586474419
DONA_Database,Eunotia,Eunotia_50_076bC_SS.png,17738342445214798031
DONA_Database,Eunotia,Eunotia_triodon_5.png,9450028324674760656
DONA_Database,Eunotia,Eunotia_obliquestriata_isotype.png,11721318880081749587
DONA_Database,Eunotia,Eunotia_enishna_5_16_05_1_noII.png,15324068470465132706
DONA_Database,Eunotia,eu_bactriana_15950_03262016_24_cl.png,14918970572367187430
DONA_Database,Eunotia,Eunotia_papilioforma_holotype.png,10064415239141467996
DONA_Database,Eunotia,EunotiaSN2_ANP008-jv_04_ps.png,10632405041946791774
DONA_Database,Eunotia,111119b_E_incisa_23_3.png,15756338482717953137
DONA_Database,Eunotia,E_bilii_SEM_7_15_05_3_external_bands.png,13879882362556410475
DONA_Database,Eunotia,Eunotiaserra3.png,10062469538486840677
DONA_Database,Eunotia,Eunotiatet5.png,10316157520163856752
DONA_Database,Eunotia,EunotiaSN2_ANP008-jv_08_ps.png,11722098700331424437
DONA_Database,Eunotia,Eunotia_cataractarum_isotype_CAS.png,10208070827857078099
DONA_Database,Eunotia,Eunotiadiadema7.png,9909356651821293945
DONA_Database,Eunotia,ANP-080b_EunotiaEuryc_17_ps.png,10138438551485589853
DONA_Database,Eunotia,Eunotia_rhomboidea_114808a_6_1.png,14818389091732300632
DONA_Database,Eunotia,Eunotia_133_080bA_1600x_ps.png,14746213835239201398
DONA_Database,Eunotia,EUbiden-5.png,12367551590377677084
DONA_Database,Eunotia,Eunotia_rhomboidea_114808a_1_1.png,11936360195442619321
DONA_Database,Eunotia,9c58627_Eunotia_microcephala_15_1.png,16475637971216983843
DONA_Database,Eunotia,Eunotia_sudetica4.png,14692131795183312538
DONA_Database,Eunotia,Eunotia_58_076bC_1000x_ps.png,11103988982609720292
DONA_Database,Eunotia,EuFormi-3.png,15668993439937801334
DONA_Database,Eunotia,Eunotia_triodon_3.png,15188729077015014207
DONA_Database,Eunotia,Eunotia_170_078aA_SS.png,15001313491085101901
DONA_Database,Eunotia,EunotiaSN2_ANP008-jv_01-hol_ps.png,17413809152079942616
DONA_Database,Eunotia,Eunotia_173_078aA_1600x_ps.png,10566696577469476178
DONA_Database,Eunotia,Eunotia_obliquestriata_holotype.png,12063588152503027545
DONA_Database,Eunotia,Eunotiadiadema5.png,14665543782342386529
DONA_Database,Eunotia,eunotia_incisa_internal.png,14222089219961289764
DONA_Database,Eunotia,eu_diadon_15950_03262016_19_cl.png,15428739218133094146
DONA_Database,Eunotia,Eunotia_enishna_5_19_05_7D.png,15504207348574141039
DONA_Database,Eunotia,Eunotia_obliquestriata_typematerial_i.png,9485263815847793237
DONA_Database,Eunotia,eunotia_naegelii_longI.png,13266170136903424783
DONA_Database,Eunotia,Eunotia_boomsma_smallest.png,15323503357899659511
DONA_Database,Eunotia,Eunotia_lewisii_SEM3.png,10793559531785624623
DONA_Database,Eunotia,Eunotia_kociolekii_7_8_05_L1_no6.png,15768496638874535708
DONA_Database,Eunotia,eunotia_trinacria_small_II.png,15436897199714279281
DONA_Database,Eunotia,EUpectin-8.png,16029527190142594544
DONA_Database,Eunotia,eunotia_trinacria_mid.png,15845055837077253680
DONA_Database,Eunotia,E_canicula_6_27_05_4_ForneyCrk.png,12387817909405442846
DONA_Database,Eunotia,EUparatr_15978a_04082016_23_cl.png,16117224559682400073
DONA_Database,Eunotia,ANP-080b_EunotiaSp15_09_ps.png,17152779198807773210
DONA_Database,Eunotia,Eunotia_sudetica6.png,14642315383739852413
DONA_Database,Eunotia,E_canicula_6_15_05_3B.png,14675681157141448588
DONA_Database,Eunotia,Eunotia_gibbosa_2.png,15754757779500836717
DONA_Database,Eunotia,Eunotia_papilioforma_8_6_05_2_.png,15466625297361014730
DONA_Database,Eunotia,Eunotia_faba_2.png,14496377032515790836
DONA_Database,Eunotia,e_bidentula_SEM_IWB-0082_manmix_072.png,15516649988762373549
DONA_Database,Eunotia,Eunotia_kociolekii_7_15_05_3_no5.png,14561861511146332892
DONA_Database,Eunotia,eu_diadon_15950_03262016_10_cl.png,16928144555316429744
DONA_Database,Eunotia,100977b_Eunotia_exigua15_2_web.png,16098332431592634530
DONA_Database,Eunotia,E_kociolekii_SEM_outerleft_7_15_05_3_1.png,10961480702983369168
DONA_Database,Eunotia,EUsuperb-5.png,10023456147499639147
DONA_Database,Eunotia,Eunotia_boomsma_7_26_05_6.png,10081999264760062620
DONA_Database,Eunotia,EUtaut_Brant1212_337.45_6108.png,15899575735341371151
DONA_Database,Eunotia,Eunotia_rhomboidea_114808a_7_1.png,14675083572584854926
DONA_Database,Eunotia,Eunotia_rushforthii_no3.png,14243401774082115404
DONA_Database,Eunotia,EunotiaSN2_ANP008-jv_13_ps.png,13996559521549535986
DONA_Database,Eunotia,ANP-080b_EunotiaEuryc_13_ps2.png,11275506837603648330
DONA_Database,Eunotia,GSM6_9_05_9_tenella_IV.png,14532687884337506132
DONA_Database,Eunotia,E_macroglossa_apice2r.png,15390265894079851752
DONA_Database,Eunotia,Eunotia_boomsma_longest.png,15716143485057762019
DONA_Database,Eunotia,EUzasuminensis_SMM16212b_1080_60.png,13763133475471428375
DONA_Database,Eunotia,Eunotia_sudetica5.png,14642030128198520389
DONA_Database,Eunotia,Eunotia_richbuttensis_7_8_05_7.png,15423409367545308144
DONA_Database,Eunotia,EUbidensSEM.png,10720047929536901244
DONA_Database,Eunotia,Eunotia_gibbosa_5.png,10526150079840153581
DONA_Database,Eunotia,E_kociolekii_SEM_outer_7_15_05_.png,13879317144341276269
DONA_Database,Eunotia,EUzasuminensis_SMM16212b_998_55.4.png,11111827981720053146
DONA_Database,Eunotia,AMeruca-3.png,11385715704318552017
DONA_Database,Eunotia,Eunotia_boomsma_holotype.png,10057239947860173654
DONA_Database,Eunotia,Eunotia_bilii_girdle_5_19_04_SC2A_girdledorsal.png,17449765569607970669
DONA_Database,Eunotia,Eunotia.hex1NEW.png,16799933140477028338
DONA_Database,Eunotia,811_40.6um_Eun_sarraceniae.png,17044367095658159294
DONA_Database,Eunotia,eu_bactriana_15950_03262016_07_cl.png,14929523593159241174
DONA_Database,Eunotia,E_montuosa_holotype.png,15800723227024428860
DONA_Database,Eunotia,Eunotia_subherkiniensis_5_19_04C1E_21_5.png,15771800982096973244
DONA_Database,Eunotia,EUtauntoniensis-5.png,18305533285723528738
DONA_Database,Eunotia,ANP-080b_EunotiaMuco_01_ps2.png,12491465403010434828
DONA_Database,Eunotia,EUmono-9.png,17105369051835475609
DONA_Database,Eunotia,Eunotia_triodon_4.png,14668850834161487198
DONA_Database,Eunotia,Eunotia_macroglossa_82_69.png,15827041819709673433
DONA_Database,Eunotia,111119b_E_incisca_17_5.png,15685443020779662386
DONA_Database,Eunotia,Eunotia_subherkiniensis_5_19_04C1E_27_7.png,15421703477552941922
DONA_Database,Eunotia,E_macroglossa_25_4.png,15438304432801476576
DONA_Database,Eunotia,Eunotia_99_081bB_SS.png,17743980703204447875
DONA_Database,Eunotia,EuBilun-4.png,14460006880579655774
DONA_Database,Eunotia,E_areniverma_SEM_external_20um.png,16900331612237231730
DONA_Database,Eunotia,Eunotia_bilii_girdle_ventral.png,11457272269264775397
DONA_Database,Eunotia,E_kociolekii_SEM_inner_7_15_05_3.png,10704031519682473834
DONA_Database,Eunotia,E_montuosa_SEM_inner_H_R_1.png,11958977519827968572
DONA_Database,Eunotia,ANP-080b_EunotiaSp15_16_ps.png,11443376884730264212
DONA_Database,Eunotia,E_orthohedra_holotype.png,14533954811692911902
DONA_Database,Eunotia,EUbiden-4a.png,15669697116057063316
DONA_Database,Eunotia,1_Fr-OUT_ps.png,13760897445848050950
DONA_Database,Eunotia,Eunotia_sudetica1.png,14635134124447403789
DONA_Database,Eunotia,E_kociolekii_isotype.png,14641902040419098864
DONA_Database,Eunotia,E_montuosa_SEM_outer.png,13899519953482775595
DONA_Database,Eunotia,Eunotia_rushforthii_6_28_05_L3A.png,15792840566151204391
DONA_Database,Eunotia,GSM6_9_05_9_tenella_V.png,11937472187174564252
DONA_Database,Eunotia,Eutautoniesis_1a.png,12784152298731326370
DONA_Database,Eunotia,E_bilii_SEM_internal_left_apex.png,10382353771264239085
DONA_Database,Eunotia,E_kociolekii_holotype.png,15171067608229300163
DONA_Database,Eunotia,147_23.4_EunCWR.png,10570833392225047189
DONA_Database,Eunotia,Eunotia_150_080bA_SS.png,14706608399823910098
DONA_Database,Eunotia,Cana_Eunotia_montuosa_circled.png,15782566898102767555
DONA_Database,Eunotia,eu_bactriana_15950_03262016_28_cl.png,14954891755223739860
DONA_Database,Eunotia,111119b_E_incisa_29_1.png,14675670945873545187
DONA_Database,Eunotia,EuMono-2.png,17159833455818704723
DONA_Database,Eunotia,E_macroglossa_60_7r.png,15757219910817550168
DONA_Database,Eunotia,Eunotia_richbuttensis_6_16_05_J4.png,10855206835239928689
DONA_Database,Eunotia,Eunotia_gibbosa_4.png,15801776849147241323
DONA_Database,Eunotia,E_orthohedra_3rdsmall.png,11640215269378090947
DONA_Database,Eunotia,Eunotia_smokies_1.png,15531899222117481186
DONA_Database,Eunotia,Eunotia-zasuminensis-SEM-ME-10011unfiltered_041918_Mix_007.png,12178585838572301231
DONA_Database,Eunotia,EuMono-6.png,10061952358861203318
DONA_Database,Eunotia,Eunotia_enishna_holotype.png,14531456101926004562
DONA_Database,Eunotia,Eunotia_rushforthii_no2.png,14675681240915380055
DONA_Database,Eunotia,Eunotia_18_107aA_1600x_ps.png,15430872166343790442
DONA_Database,Eunotia,Eunotia_horstii_5_25_05_j2C.png,10063983885913395002
DONA_Database,Eunotia,eu_bactriana_15950_03262016_16_cl.png,11900862304733193841
DONA_Database,Eunotia,Eunotia_bilii_5_19_04_SC2A.png,15450202612104683272
DONA_Database,Eunotia,EUpectin-7.png,14927728842274326185
DONA_Database,Eunotia,Eunotia_nymanniana_6_16_05_J2_30.png,14378683371137197798
DONA_Database,Eunotia,E_areniverma_SEM_interanl_10um_1.png,16020742908410874407
DONA_Database,Eunotia,6_21_05_1_e_rhomboidea.png,9949741967553555184
DONA_Database,Eunotia,Eunotiadiadema6.png,14504821720966180765
DONA_Database,Eunotia,Eunotia_faba_7.png,15791155478113841057
DONA_Database,Eunotia,Eunotia.hex5.png,14568885836497102703
DONA_Database,Eunotia,Eunotia_faba_6.png,10225838957772498786
DONA_Database,Eunotia,Eunotia_122_081bB_630x_SS.png,14386474893676255928
DONA_Database,Eunotia,E_areniverma_2ndsmall_r.png,15752032081489719043
DONA_Database,Eunotia,eunotia_trinacria_girdle.png,16122088638683183130
DONA_Database,Eunotia,Eunotia_richbuttensis_IsotypeCAS.png,15352202778300007290
DONA_Database,Eunotia,eu_bactriana_15950a_03072016_12_cl.png,16107813324249689404
DONA_Database,Eunotia,Eunotia.hex7_.png,11901917491197993885
DONA_Database,Eunotia,ANP-080b_EunotiaMuco_03_ps.png,12777736725298712518
DONA_Database,Eunotia,Eunotiaserra1.png,14313945806893786352
DONA_Database,Eunotia,eu_perpusilla_15555_mix_087.png,9283499621483466759
DONA_Database,Eunotia,EuBilun-3.png,15574366067492083782
DONA_Database,Eunotia,EuBilun-5.png,9659662710676258035
DONA_Database,Eunotia,EUparatr_16012a_05122016_16.png,14963898424066395992
DONA_Database,Eunotia,Eunotia_sudetica_SEM_externalend.png,10885050943950566772
DONA_Database,Eunotia,Eunotia_lewisii_01.png,11936082406123382552
DONA_Database,Eunotia,Eunotia_gibbosa_6.png,14829573309263044617
DONA_Database,Eunotia,E_macroglossa_girdler.png,15493826095130354676
DONA_Database,Eunotia,6-Fr-OUT_e_ps2.png,12282910822079367884
DONA_Database,Eunotia,EuBilun-6.png,18207002028780546054
DONA_Database,Eunotia,685_34.3um_Eun_sarraceniae.png,14748534691281394734
DONA_Database,Eunotia,567_28.4um_Eun_sarraceniae.png,11125423826277305846
DONA_Database,Eunotia,9c58627_Eunotia_microcephala_15_2_girdle.png,9345169798676442005
DONA_Database,Eunotia,ANP-080b_EunotiaEuryc_10_ps2.png,10253161815300878679
DONA_Database,Eunotia,7_Det-OUT_ps.png,17875635186733969344
DONA_Database,Eunotia,E_orthohedra_longest.png,14549751996985402697
DONA_Database,Eunotia,Eunotia_enishna_5_20_05_1A_noII.png,11649222709151754070
DONA_Database,Eunotia,Eunotia_areniverma_CANA_isotype_r.png,15200459499107725263
DONA_Database,Eunotia,Eunotiatet2.png,14927025089373686048
DONA_Database,Eunotia,tenelfam_18_4.png,10784618715152226221
DONA_Database,Eunotia,eunotia_naegelii_short.png,17258032950342040636
DONA_Database,Eunotia,Eunotia_enishna_5_16_05_1i.png,14531489069840977834
DONA_Database,Eunotia,EUzasuminensis_SMM16212b_940_52.2.png,18206164049275913940
DONA_Database,Eunotia,Eunotia_papilioforma_6_28_05_L5A_Hazel_Creek.png,15717686220165097304
DONA_Database,Eunotia,Eunotia_horstii_6_17_05_2.png,15198228591059618703
DONA_Database,Eunotia,Eunotia_horstii_holotype.png,14603609397244561378
DONA_Database,Eunotia,ANP-080b_EunotiaFlexu_02_ps.png,10742280780350643816
DONA_Database,Eunotia,Eunotia_obliquestriata_girdle.png,10416397796088965899
DONA_Database,Eunotia,Eunotia_horstii_6_28_05_L2A.png,15196482213566619454
DONA_Database,Eunotia,100977b_Eunotia_exigua17_5_web.png,16999648518790839593
DONA_Database,Eunotia,eunotia_naegelii_longIII.png,18374964971537409792
DONA_Database,Eunotia,E_areniverma_right_inner_apex_1.png,10752021516608220614
DONA_Database,Eunotia,Eunotia_obliquestriata_SEM_inner.png,16118527786302320739
DONA_Database,Eunotia,eunotia_paludosa_longC.png,10928671331452536691
DONA_Database,Eunotia,Eunotiatet1.png,14965596567075802448
DONA_Database,Eunotia,Eunotia_boomsma_8_10_05_2.png,15722898873753406192
DONA_Database,Eunotia,5_Det-IN_ps.png,18400160584604807342
DONA_Database,Eunotia,Eunotia_subherkiniensis_5_19_04C1E_27_girdle.png,11505397421029005494
DONA_Database,Eunotia,Eunotia_sudetica_SEM_internalend.png,11360077390946045565
DONA_Database,Eunotia,ANP-080b_EunotiaSp15_07_ps.png,15968987410908430658
DONA_Database,Eunotia,Eunotia_obliquestriata_typematerial_ii.png,17281113259489134147
DONA_Database,Eunotia,Eunotia_subherkiniensis_SEM_external5ii.png,10888090771150684001
DONA_Database,Eunotia,E_macroglossa_apice1r.png,10789896119401138523
DONA_Database,Eunotia,Eunotia_papilioforma_6_23_05_3.png,15756956023624519574
DONA_Database,Eunotia,ANP-080b_EunotiaSp15_02_ps2.png,9956762213845576030
DONA_Database,Eunotia,Eunotia_mydohaimasiae_5_16_05_1E.png,15828590159718322041
DONA_Database,Eunotia,Eunotia_cataractarum_SEM_external_ii_2um.png,17689160707054106626
DONA_Database,Eunotia,Eunotiatet4.png,10346772059865311554
DONA_Database,Eunotia,621_31.1um_Eun_sarraceniae.png,11509336229222173903
DONA_Database,Eunotia,ANP-080b_EunotiaSp15_06_ps.png,9891729856426512415
DONA_Database,Eunotia,eu_bactriana_15950_03262016_05_cl.png,14819888990422134229
DONA_Database,Eunotia,Eunotia_obliquestriata_SEM_girdle.png,11541212001508641333
DONA_Database,Eunotia,Eunotia.hex3_NEW.png,15720698738738753478
DONA_Database,Eunotia,Eunotia_rushforthii_6_27_05_4.png,15468391735331487391
DONA_Database,Eunotia,Eunotiaserra4.png,15795590767951506288
DONA_Database,Eunotia,1022_51.1um_Eun_sarraceniae.png,17160202757585583142
DONA_Database,Eunotia,111119b_E_incisa_33_4_girdle.png,16074746794447970315
DONA_Database,Eunotia,EuMono-7.png,15840971941559037848
DONA_Database,Eunotia,Eunotia_rhomboidea_114808a_5_1.png,16618915244554678893
DONA_Database,Eunotia,EunotiaSN2_ANP008-jv_19_ps.png,17557640124042360980
DONA_Database,Eunotia,Eunotia_richbuttensis_SEM_outer.png,13949123032509515621
DONA_Database,Eunotia,Eunotia_nymanniana_6_16_05_J2_28.png,9415458206338405965
DONA_Database,Eunotia,E_macroglossa_51_19r.png,15466739543021866580
DONA_Database,Eunotia,Eunotia_cataractarum_SEMinternal_1um.png,11915353063345054221
DONA_Database,Eunotia,EUsuperb-4.png,14657513022445151124
DONA_Database,Eunotia,Eunotia_cataractarum_holotype.png,14531527089209156412
DONA_Database,Eunotia,eunotia_paludosa_midIIC.png,10352503035285022611
DONA_Database,Eunotia,eunotia_paludosa_midIC.png,16080756344035355975
DONA_Database,Eunotia,EUparatr_15982a_04082016_08.png,14819915107569381265
DONA_Database,Eunotia,eunotia_naegelii_longII.png,12926567715799818118
DONA_Database,Eunotia,Eunotia_mydohaimasiae_5_16_05_1E_noIII.png,15756670528560779104
DONA_Database,Eunotia,EUbiden-2.png,12336057180381102492
DONA_Database,Eunotia,Eunotia_lewisii_02.png,18290036758822127340
DONA_Database,Eunotia,tenelfam_16_.png,15180516546109798547
DONA_Database,Eunotia,Eunotia_rhomboidea_114808a_4_1.png,12512752653499901875
DONA_Database,Eunotia,Eunotia_faba_5.png,12333246403387549518
DONA_Database,Eunotia,Eunotiatet3.png,14660185131582459139
DONA_Database,Eunotia,9c58627_Eunotia_microcephala_14_6.png,17144079641187974182
DONA_Database,Eunotia,Eunotia_triodon_2.png,9496744598047444773
DONA_Database,Eunotia,E_areniverma_5thsmall_Holotype_r.png,10007689723794870152
DONA_Database,Eunotia,Eutaut_Brant1006.png,11200518378741318649
DONA_Database,Eunotia,E_macroglossa_r.png,15354567844356059877
DONA_Database,Eunotia,EUzasuminensis_SMM16212b_692_38.4.png,17630550303183145905
DONA_Database,Eunotia,Eunotia_nymanniana_6_16_05_J2_15.png,15756672630076558977
DONA_Database,Eunotia,E_canicula_holoytpe.png,15828732142715080611
DONA_Database,Eunotia,Eunotia_faba_1.png,11358485144007561014
DONA_Database,Eunotia,E_montuosa_4th.png,15135174047982503873
DONA_Database,Eunotia,Eunotia_rushforthii_6_27_05_3.png,15252196900609109948
DONA_Database,Eunotia,Eunotia_faba_4.png,15716279236650127207
DONA_Database,Eunotia,E_areniverma_left_inner_apex.png,13899409787508979980
DONA_Database,Eunotia,Eunotia_triodon_7.png,10839993811813593812
DONA_Database,Eunotia,E_montuosa_isotype.png,12385588113358898713
DONA_Database,Eunotia,EUparatr_15973a_04082016_03.png,15936755223303898966
DONA_Database,Eunotia,EuBilun-7.png,15865128056569150662
DONA_Database,Eunotia,Eunotia_cataractarum_long.png,11901424838042805149
DONA_Database,Eunotia,Eunotia_nymanniana_SEM_ext_5.png,11515784146151357488
DONA_Database,Eunotia,Eunotia_boomsma_7_26_05_6_ii.png,16765317696930275569
DONA_Database,Eunotia,Eunotia_sudetica3.png,9647585919655372732
DONA_Database,Eunotia,Eunotia_rhomboidea_NCPA0069_11_girdle.png,10052989977662240060
DONA_Database,Eunotia,1205_60.3_EunCWR.png,14341955608206292668
DONA_Database,Eunotia,Eunotia_boomsma_Cana_Isotype.png,14603543931234706382
DONA_Database,Eunotia,eu_bactriana_15950_03262016_12_cl.png,14820469209899920482
DONA_Database,Eunotia,Eunotia_triodon_6.png,15753086213594311500
DONA_Database,Eunotia,111119b_E_incisa_20_2.png,17121665681946920803
DONA_Database,Eunotia,EUparatr_15974a_04082016_04.png,14675808814382558978
DONA_Database,Eunotia,E_kociolekii_6_21_05_1_no2.png,10585958528512643047
DONA_Database,Eunotia,Eunotia_mydohaimasiae_Holotype.png,10213700993454286148
DONA_Database,Eunotia,E_areniverma_4thsmall_r.png,9953929319662563077
DONA_Database,Eunotia,E_areniverma_6thsmall_r.png,12336048653025963865
DONA_Database,Eunotia,EUllewisii_1.png,15784398140089601127
DONA_Database,Eunotia,EUparatr_15973a_04082016_11.png,16117875182266036152
DONA_Database,Eunotia,Eunotia_bilii_5_19_04_SC2A_noII.png,14558718360950378310
DONA_Database,Eunotia,Eunotia_157_080bA_1600x_ps.png,14642625475335108718
DONA_Database,Eunotia,E_montuosa_SEM_leftapex_1.png,13976234525751980164
DONA_Database,Eunotia,Eunotiaserra5.png,13960343879976939829
DONA_Database,Eunotia,E_papilioforma_SEM_6_23_05_3_outer_2um.png,10778257115289057347
DONA_Database,Eunotia,eu_diadon_15950_03262016_25_cl.png,15143624201058257730
DONA_Database,Eunotia,EuFormi-6.png,18002825754590329944
DONA_Database,Eunotia,EuMono-4.png,9542135088329548717
DONA_Database,Eunotia,EuPectin-2.png,12633223283187066764
DONA_Database,Eunotia,Eunotia_cataractarum_2nd_long.png,14675809058123582802
DONA_Database,Eunotia,EuFormi-5.png,10019931312699452709
DONA_Database,Eunotia,Eunotia_subherkiniensis_SEM_internal1.png,11904091574538495692
DONA_Database,Eunotia,Eunotia_cataractarum_mid.png,9631822268413101911
DONA_Database,Eunotia,EuPectin-6.png,15756956483787752805
DONA_Database,Eunotia,808_40.4_EunCWR.png,15247249457718470518
DONA_Database,Eunotia,EUtauntoniensis-2.png,17567249147737426668
DONA_Database,Eunotia,Eunotia_richbuttensis_7_13_05_3.png,15450013318404072335
DONA_Database,Eunotia,Eunotia_horstii_CAS_isotype.png,16970355076546662330
DONA_Database,Eunotia,E_canicula_7_25_05_L9_.png,12225688958071697678
DONA_Database,Eunotia,Eunotia_enishna_isotype_CAS.png,15504281449575643667
DONA_Database,Eunotia,Eunotia_nymanniana_6_16_05_J2_47_5.png,10641561898399047515
DONA_Database,Eunotia,E_bilii_SEM_internal_randh_copy.png,10743018578451719141
DONA_Database,Eunotia,AMeruca-1.png,10065105728225600859
DONA_Database,Eunotia,Eunotia_bilii_8_10_05_8.png,10063960519130629981
DONA_Database,Eunotia,Eunotia-zasuminensis-SEM-ME-10011unfiltered_041918_Mix_008.png,14658570491528333974
DONA_Database,Eunotia,E_canicula_isotype.png,9996008099934979917
DONA_Database,Eunotia,Eunotia_subherkiniensis_5_19_04C1E_18_7.png,15735701091180269492
DONA_Database,Eunotia,EunotiaSN2_ANP008-jeff_08_ps.png,17557783065812648654
DONA_Database,Eunotia,Eunotia_subherkiniensis_5_19_04C1E_25.png,16004355959987112195
DONA_Database,Eunotia,Eunotia_subherkiniensis_5_19_04C1EgirdleII.png,11657104008201911642
DONA_Database,Eunotia,SE_709_35.4_EunCWR.png,10706779778203089123
DONA_Database,Eunotia,Eunotia_papilioforma_6_23_05-2.png,15747505519360634672
DONA_Database,Eunotia,Eunotia_cataractarum_SEM_external_2um.png,10851296933936487065
DONA_Database,Eunotia,Eunotia_subherkiniensis_5_19_04sc2Ai.png,15725169753630846231
DONA_Database,Eunotia,111119b_E_incisa_32_2.png,15198228657627033479
DONA_Database,Eunotia,E_papilioforma_SEM_6_18_05_4_inner_5um.png,17646663556138963068
DONA_Database,Eunotia,AMeruca-5.png,14632881681671563115
DONA_Database,Eunotia,eunotia_trinacria_midII.png,15457726451211321144
DONA_Database,Eunotia,Eunotia_143_080bA_1600x_ps.png,10605260440279065942
DONA_Database,Eunotia,eunotia_naegelii_shortII.png,15214070676456194883
DONA_Database,Eunotia,100977b_Eunotia_exigua11_9_1276.png,16826064516969004114
DONA_Database,Eunotia,Eunotiaserra7.png,10055199700689643361
DONA_Database,Eunotia,eunotia_incisa_external.png,10757426737849838804
DONA_Database,Eunotia,EuFormi-2.png,17983509847976995923
DONA_Database,Eunotia,E_kociolekii_SEM_outerleft_7_15_05.png,13884403991995487172
DONA_Database,Eunotia,eu_diadon_15950_03262016_09_cl.png,14621627427370385725
DONA_Database,Eunotia,Eunotia_mydohaimasiae_5_16_05_1E_noII.png,15793824881924526000
DONA_Database,Eunotia,Eutaut_Brant1188.png,11033871831016620966
DONA_Database,Eunotia,E_orthohedra_isotype.png,15216239226182307590
DONA_Database,Eunotia,Eunotiaserra6.png,10564077199833780067
DONA_Database,Eunotia,eunotia_paludosa_midIIIC.png,10063700567425886119
DONA_Database,Eunotia,eunotia_trinacria_long.png,11361028535043376988
DONA_Database,Eunotia,EuMono-5.png,10219364998678800206
DONA_Database,Eunotia,EuMono-1.png,17209327411329830005
DONA_Database,Eunotia,eu_paratridentula_SEM_5um_15582_mix_057.png,10709205445305258608
DONA_Database,Eunotia,E_papilioforma_SEM_6_18_05_4_outer_5um.png,10802480772173148248
DONA_Database,Eunotia,Eunotia_richbuttensis_7_8_05_7_Big_Crk.png,15714595765651950174
DONA_Database,Eunotia,E_canicula_7_8_05_2_CaldwellFrk.png,15178925890366435151
DONA_Database,Eunotia,Eunotia_nymanniana_SEM_ext_1.png,18428592924037033733
DONA_Database,Eunotia,EUsuperb-6.png,15750900069838802531
DONA_Database,Eunotia,Eunotia_nymanniana_6_16_05_J2_24.png,12081568827461936552
DONA_Database,Eunotia,eu_diadon_15950_03262016_32_cl.png,14604140247891233249
DONA_Database,Eunotia,Eunotia_richbuttensis_SEM_apex.png,9268530919404204397
DONA_Database,Eunotia,Eunotia_lewisii_07.png,17121412009030981204
DONA_Database,Eunotia,Eunotia_gibbosa_3.png,10018882637615063476
DONA_Database,Eunotia,908_45.4_EunCWR.png,16045571089338051667
DONA_Database,Eunotia,Eunotiaserra2.png,15823945878436081505
DONA_Database,Eunotia,E_montuosa_SEM_rghtapex_1.png,14250978518708559058
DONA_Database,Eunotia,eunotia_trinacria_small.png,15210591331327610731
DONA_Database,Eunotia,ANP-080b_EunotiaFlexu_03_ps.png,10410512730281635678
DONA_Database,Eunotia,ANP-080b_EunotiaSp15_11_ps.png,16557659344255973441
DONA_Database,Eunotia,E_areniverma_3rdsmall_r.png,15773282693289766488
DONA_Database,Eunotia,EUparatr_15982a_04082016_03.png,15540427353608949339
DONA_Database,Eunotia,E_macroglossa_rimo_helic_1.png,15390318120794467962
DONA_Database,Eunotia,ANP-080b_EunotiaEuryc_09_ps.png,16185713751625501393
DONA_Database,Eunotia,Eunotia_sudetica2.png,14648503668256606051
DONA_Database,Eunotia,1322_66.1um_Eun_sarraceniae.png,13206885670371901152
DONA_Database,Eunotia,ANP-080b_EunotiaMuco_02_ps.png,9476477151309287154
DONA_Database,Eunotia,eunotia_paludosa_initialvalveC.png,15324155941751306324
DONA_Database,Eunotia,Eunotia_rhomboidea_114808a_2_1.png,14820977694353667793
DONA_Database,Eunotia,EUzasuminensis_SMM16212b_1059_58.8.png,11071296963254102866
DONA_Database,Eunotia,Eunotia_flexuosa_4_068bA_SS.png,17378058918098845244
DONA_Database,Eunotia,Eunotia_mydohaimasiae_Isotype.png,14966819342724697437
DONA_Database,Eunotia,Eunotia_richbuttensis_SEM_inner.png,12166427021557379794
DONA_Database,Eunotia,ANP-080b_EunotiaSp15_24_ps.png,14948901736417367066
DONA_Database,Eunotia,Eunotia_richbuttensis_SEM_inner_rp.png,9596459177861481930
DONA_Database,Eunotia,EUsuperb-1.png,15820565382166759297
DONA_Database,Eunotia,ANP-080b_EunotiaSp15_08_ps.png,14742292471420332371
DONA_Database,Eunotia,Eunotia_136_080bA_1600x_ps.png,10530955636674030995
DONA_Database,Eunotia,EUsuperb-3.png,11463332405473857472
DONA_Database,Eunotia,Eunotia_sudetica_SEM_externalwholevalve.png,10409542092213936463
DONA_Database,Eunotia,Eunotiadiadema4.png,15838722517460085089
DONA_Database,Eunotia,EUlewisii_5.png,10715890027035702097
DONA_Database,Eunotia,Eunotiatet6.png,15200269100995906337
DONA_Database,Eunotia,Eunotia_cataractarum_girdle.png,14099128060860518346
DONA_Database,Eunotia,9c58627_Eunotia_microcephala_13_8.png,18276983298993510413
DONA_Database,Eunotia,EuFormica-1.png,15984631905083321360
DONA_Database,Eunotia,100977b_Eunotia_exigua10_4_girdle.png,15847010430294980896
DONA_Database,Eunotia,Eunotia_kociolekii_7_15_05_3_E5_no1.png,14631418087496296035
DONA_Database,Eunotia,Eunotia_faba_3.png,12225969908929012188
DONA_Database,Eunotia,eunotia_naegelii_mid.png,17185975367446174776
DONA_Database,Eunotia,111119b_E_incisa_32_4.png,10063980267440523232
DONA_Database,Eunotia,Eunotia_155_080bA_SS.png,15036828465434425414
DONA_Database,Eunotia,9c58627_Eunotia_microcephala.png,15324386396889769817
DONA_Database,Eunotia,Eunotia_bilii_7_19_05.png,14585458015588700056
DONA_Database,Eunotia,eunotia_naegelii_girdle.png,15766243412670580609
DONA_Database,Eunotia,Eunotia_gibbosa_7.png,15810291551955060539
DONA_Database,Eunotia,114808a_E_exigua6_webii.png,17260311940204304684
DONA_Database,Eunotia,Eunotia.hex4.png,15792776588545932105
DONA_Database,Eunotia,Eunotia_139_080bA_1600x_ps.png,10859693118430268876
DONA_Database,Eunotia,Eunotia.hex2.png,15779035061275791106
DONA_Database,Eunotia,EUbiden-1.png,14675524996440262645
DONA_Database,Eunotia,E_macroglossa_73_holotype.png,10063709087720498007
DONA_Database,Eunotia,114808a_E_exigua4_forweb_ii.png,16685531327806344521
DONA_Database,Eunotia,E_canicula_isotype_CANA.png,15787039347440398104
DONA_Database,Eunotia,EUbilun-8.png,15479268467824514634
DONA_Database,Eunotia,Eunotia_kociolekii_7_15_05_3_no7_initial.png,14624732952757183326
DONA_Database,Eunotia,eunotia_paludosa_girdleC.png,16116879300240354004
DONA_Database,Eunotia,E_bilii_SEM_external.png,16322099925105002093
DONA_Database,Eunotia,EUsuperb-7.png,15485179561457422216
DONA_Database,Eunotia,eunotia_paludosa_shortC.png,15720906245728726883
DONA_Database,Eunotia,Eunotia_63_076bC_SS.png,15870464250981123439
DONA_Database,Eunotia,Eunotia_sp30um_1_068bA_1600x_ps.png,10571471536353863034
DONA_Database,Eunotia,AMeruca-2.png,15752167254817040133
DONA_Database,Sellaphora,Sellabacilloides1.png,12910399773954265778
DONA_Database,Sellaphora,GSN17543_S8.png,15423677317728474976
DONA_Database,Sellaphora,SElaevissima_719_32.7-2.png,16045192378894839810
DONA_Database,Sellaphora,115850_1_sclbr.png,15369270597018305526
DONA_Database,Sellaphora,105672h_11_sclbr.png,15772029686678326218
DONA_Database,Sellaphora,Sellaphora-disjuncta-MEHP002_A_110817_07_c.png,16912622208352021346
DONA_Database,Sellaphora,15596a_09042015_15_cl.png,10064064490899141332
DONA_Database,Sellaphora,ss31_5.png,15044389176620570924
DONA_Database,Sellaphora,GC113163_NLS252_2.png,15180839544036907356
DONA_Database,Sellaphora,15612a_08212015_22_cl.png,15107859669966621044
DONA_Database,Sellaphora,Holo2b_real.png,17558932966662131513
DONA_Database,Sellaphora,GS003341_RexiiS12.png,11790757078456498218
DONA_Database,Sellaphora,GC105959_GSN95451_3.png,12800873130166610629
DONA_Database,Sellaphora,sel_stauroneioides_FW08MS048_20170201_02_cl.png,15468449653390256047
DONA_Database,Sellaphora,WP030_02_SEM_sclbr.png,9310482298997561900
DONA_Database,Sellaphora,100077a_4_sclbr.png,15378299786254798130
DONA_Database,Sellaphora,SEauldreekie_588_26.7.png,14315528186383632352
DONA_Database,Sellaphora,Sellaphora_alastos1.png,9724742202988771556
DONA_Database,Sellaphora,sel_stauroneioides_FW08MS026_20170201_06_cl.png,15468431887284357057
DONA_Database,Sellaphora,SEfusticulus_641_29.1.png,9415054151823224866
DONA_Database,Sellaphora,GC44264a_SEsubfasciata_3zeiiss.png,14171002380578339930
DONA_Database,Sellaphora,GC105959_GSN95451_9.png,16548510397718252840
DONA_Database,Sellaphora,GSN17543_S1a.png,10820736370194392530
DONA_Database,Sellaphora,WP190_2_sclbr.png,16908664722173725794
DONA_Database,Sellaphora,gsm17543_5.png,9240286904155401159
DONA_Database,Sellaphora,GSN17543_2b.png,11766355297830298132
DONA_Database,Sellaphora,NLS252_21.png,11029133137774781757
DONA_Database,Sellaphora,SCristula1_b.png,12962060035179211090
DONA_Database,Sellaphora,GC44484_9.png,18168158203111882375
DONA_Database,Sellaphora,SEmoesta_TP159_1399_112-2.png,17206632295213245489
DONA_Database,Sellaphora,Sellaphora-disjuncta-CTHP001_A_112117_29_c.png,16088536045059883328
DONA_Database,Sellaphora,15612a_08212015_25_cl.png,10063923764151210616
DONA_Database,Sellaphora,SEauldreekie_742_33.7.png,11179997403781851942
DONA_Database,Sellaphora,SEmoesta_TP159_983_79.png,16061210531377350039
DONA_Database,Sellaphora,100300b_5_sclbr.png,15746239797362971545
DONA_Database,Sellaphora,NCPA0206_09a.png,15339958200095939846
DONA_Database,Sellaphora,15612a_08212015_11_cl.png,14963698300250424281
DONA_Database,Sellaphora,gsm17543_3.png,10685468202464075196
DONA_Database,Sellaphora,SEauldreekie_735_33.4.png,11034239536848888179
DONA_Database,Sellaphora,GC113163_NLS252_5.png,15171830480734753654
DONA_Database,Sellaphora,Sellaphora_americana3.png,9946891695157493069
DONA_Database,Sellaphora,WP190_1_sclbr.png,14566758822319535731
DONA_Database,Sellaphora,GC113163_NLS252_3.png,15378253938109838372
DONA_Database,Sellaphora,15548a_09182015_08_cl.png,17810238605681316682
DONA_Database,Sellaphora,SElaevissima_861_39.1.png,16044774795322433618
DONA_Database,Sellaphora,Sellabacilloides5.png,14312044196489394016
DONA_Database,Sellaphora,GSL00804_S1.png,10856042846122882709
DONA_Database,Sellaphora,SEauldreekie_645_29.3.png,11036447354620537142
DONA_Database,Sellaphora,GC44484_2_ss2.png,10499674492426217933
DONA_Database,Sellaphora,sel_stauroneioides_FW08MS026_20170131_05_cl.png,17846349483545479062
DONA_Database,Sellaphora,sel_stauroneioides_FW08MS048_20170201_06_cl.png,9667919247258330954
DONA_Database,Sellaphora,Sellaphora_alastos7.png,10563876390271281483
DONA_Database,Sellaphora,100300b_3_sclbr.png,15541254365099429748
DONA_Database,Sellaphora,sellaphora_japonica_1um_15555_mix_031.png,15291277300052700131
DONA_Database,Sellaphora,GC64842_7_holo.png,16693027729739254601
DONA_Database,Sellaphora,Sellaphora_alastos6.png,9419345928110029877
DONA_Database,Sellaphora,GSL00803_S2.png,18141596399357706800
DONA_Database,Sellaphora,SEmoesta_2747_124_9.png,17847739776415835520
DONA_Database,Sellaphora,115834a_2_sclbr.png,17773466097301784118
DONA_Database,Sellaphora,100300b_7_sclbr.png,15414619214858054192
DONA_Database,Sellaphora,SEauldreekie_560_25.5.png,11054849633606267428
DONA_Database,Sellaphora,GC44259_NAsubfasciata_notType1a.png,15289020782831106262
DONA_Database,Sellaphora,SEfusticulus_732_33.3.png,15469574690025043260
DONA_Database,Sellaphora,GSN17543_S6.png,15432560890586105648
DONA_Database,Sellaphora,Sellaphora-disjuncta-RI10010B_101017_29_c.png,15178728721831470430
DONA_Database,Sellaphora,SEfusticulus_690_31.4.png,15252474047050855566
DONA_Database,Sellaphora,GCM35206B_08.png,10762029830583831974
DONA_Database,Sellaphora,Sellaphora_americana1.png,15423471442887719189
DONA_Database,Sellaphora,sel_stauroneioides_FW08MS026_20170201_04_cl.png,15540365799140951844
DONA_Database,Sellaphora,Sellaphora-disjuncta-RI10005_B_101117_11_c.png,15759700706489705836
DONA_Database,Sellaphora,101411a_1_sclbr.png,15423573011221219046
DONA_Database,Sellaphora,Sellaphora-disjuncta-CTHP001_A_112117_72_c.png,18097139442263303124
DONA_Database,Sellaphora,GC44264a_FAlatelolong_3.png,10460408506597076440
DONA_Database,Sellaphora,WP160_4_sclbr.png,15721930782358949168
DONA_Database,Sellaphora,101405a_1_sclbr.png,15099331749376787254
DONA_Database,Sellaphora,WP160_2_sclbr.png,10775691706932052952
DONA_Database,Sellaphora,GC44484_1_ss1.png,11799251121367829414
DONA_Database,Sellaphora,15588a_11202015_02_Sellaphora_sp15_SESQA_cl.png,15108019417146220692
DONA_Database,Sellaphora,GCM35216B_01.png,15378236490751629604
DONA_Database,Sellaphora,100208a_8_sclbr.png,15333608294128760991
DONA_Database,Sellaphora,Sellaphora-disjuncta-RI006_09202017__28_c.png,16984675403778858824
DONA_Database,Sellaphora,115834a_1_sclbr.png,11631425012311021685
DONA_Database,Sellaphora,ss33_1.png,14149885787161113369
DONA_Database,Sellaphora,Sellaphora_americana_492001_3.png,9236739487939587412
DONA_Database,Sellaphora,SEmoesta_2493_113_3.png,15423326446922574096
DONA_Database,Sellaphora,GC44264a_SEsubfasciata_1.png,15289697741757365251
DONA_Database,Sellaphora,sellaphora_bacillum_005.png,10065050014085116119
DONA_Database,Sellaphora,SEmoesta_CD14TD1.png,15447619809736876316
DONA_Database,Sellaphora,Sellaphora_americana_492001_1.png,14034199167087164508
DONA_Database,Sellaphora,SEauldreekie_576_26.2.png,11072195144819767439
DONA_Database,Sellaphora,SEauldreekie_591_26.8.png,12766144108358834866
DONA_Database,Sellaphora,sellaphora_japonica_10um_15555_mix_033.png,14818224207720540630
DONA_Database,Sellaphora,115623a_1_sclbr.png,15298550810182707409
DONA_Database,Sellaphora,105672h_5_sclbr.png,11107342592713192812
DONA_Database,Sellaphora,GC105959_GSN95451_8.png,10496156627253249380
DONA_Database,Sellaphora,GC105959_GSN95451_6.png,16260560947053938528
DONA_Database,Sellaphora,Sellaphora_alastos5.png,14339035841760999537
DONA_Database,Sellaphora,WP172_1_sclbr.png,15168612843995655270
DONA_Database,Sellaphora,101405a_5_sclbr.png,15198111829037678935
DONA_Database,Sellaphora,Sellabacilloides2.png,16619814529905921802
DONA_Database,Sellaphora,15588_mix_096_cl.png,9951628314769783067
DONA_Database,Sellaphora,Sellaphora_alastos2.png,10010152892154260831
DONA_Database,Sellaphora,WP011_06_2umSclbr.png,9602371759926990947
DONA_Database,Sellaphora,GS003341_Rexii_holo3b.png,18350709260010168195
DONA_Database,Sellaphora,GC64842_13.png,11783418597263077159
DONA_Database,Sellaphora,Sellabacilloides4.png,10487464471468270261
DONA_Database,Sellaphora,GS003341_Rexii_S5b.png,14099413213500176114
DONA_Database,Sellaphora,SEfusticulus_900_40.9.png,10065261298628174033
DONA_Database,Sellaphora,sellaphora_bacillum_002.png,11797809730271949523
DONA_Database,Sellaphora,GC113163_NLS252_8.png,15364744674933962959
DONA_Database,Sellaphora,GC44484_8_ss8.png,12915994849425769308
DONA_Database,Sellaphora,gs029031_04_pa.png,9261475678495057404
DONA_Database,Sellaphora,Sellaphora_alastos3.png,9505476197228232096
DONA_Database,Sellaphora,SEmoesta_2876_130_7.png,13701816156335093093
DONA_Database,Sellaphora,sellaphora_japonica_10um_15555_mix_030.png,14943268709063464513
DONA_Database,Sellaphora,GSN17543_3b.png,13130378618333541583
DONA_Database,Sellaphora,sellaphora_bacillum_004.png,11775290615509905620
DONA_Database,Sellaphora,GSN95451_017_ed.png,13865019331990592678
DONA_Database,Sellaphora,SElaevissima_1183_53.8.png,11717237197757001829
DONA_Database,Sellaphora,Sellaphora_americana2.png,13985503304622947691
DONA_Database,Sellaphora,SElaevissima_850_38.6-2.png,10838733704937926080
DONA_Database,Sellaphora,SElaevissima_910_41.3.png,12826407158482316634
DONA_Database,Sellaphora,Sellabacilloides3.png,17399753192494801418
DONA_Database,Sellaphora,Sellaphora_americana_492001_2.png,13996973959416659105
DONA_Database,Sellaphora,GC105959_GSN95451_7.png,12801700550790314125
DONA_Database,Sellaphora,GC44259_NAsubfasciata_HOLO_a.png,14135404247204117758
DONA_Database,Sellaphora,SEfusticulus_1001_45.5.png,18314987620304724340
DONA_Database,Sellaphora,GC64842_15.png,17647367316848981100
DONA_Database,Sellaphora,sel_stauroneioides_FW08MS026_20170131_03_cl.png,12946368252475167269
DONA_Database,Sellaphora,SEmoesta_2682_121_9.png,16006611824930680884
DONA_Database,Sellaphora,GC113163_NLS252_11.png,15324259868541620699
DONA_Database,Sellaphora,Sellaphora_alastos4.png,14067605096280964547
DONA_Database,Sellaphora,sellaphora_bacillum_003.png,11758367808649785429
DONA_Database,Sellaphora,WP000011_SEM.png,9349261446238525514
DONA_Database,Sellaphora,Sellaphora-disjuncta-CTHP001_A_112117_26_c.png,18065526702180370204
DONA_Database,Sellaphora,GC113163_NLS252_6.png,15391237456122398008
DONA_Database,Sellaphora,Sellaphora-atomoides-SEM2.png,9349612118211578551
DONA_Database,Sellaphora,GS003341_Rexii_S7c.png,18138393489913596684
DONA_Database,Sellaphora,Sellaphora_americana_492001_4.png,9962092053648862528
DONA_Database,Sellaphora,GC64842_4.png,16477151101028284523
DONA_Database,Sellaphora,sellaphora_bacillum_001.png,11613470331094989392
DONA_Database,Sellaphora,GC105959_GSN95451_5.png,17773811441804906392
DONA_Database,Sellaphora,GC64842_1.png,17587546021286673555
DONA_Database,Sellaphora,15612a_08212015_27_cl.png,15387591070371337072
DONA_Database,Sellaphora,15612a_08212015_15_cl.png,15539736840088842844
DONA_Database,Sellaphora,GSN95461_s8.png,11649455199021265493
DONA_Database,Sellaphora,115623a_2_sclbr.png,10766552416400153398
DONA_Database,Sellaphora,GC113163_NLS252_7.png,15141534327731270246
DONA_Database,Sellaphora,sellaphora_bacillum_006.png,11667231179567100518
DONA_Database,Sellaphora,GC105959_GSN95451_4.png,12802403667528657147
DONA_Database,Epithemia,Er4.png,12081354973897419878
DONA_Database,Epithemia,rhopalodia_gibba_004.png,16838192008598947442
DONA_Database,Epithemia,EpturIHO41265-10ed_1.png,10357281072851802234
DONA_Database,Epithemia,Epithemia_alpestris_ILL2017_01.png,12670195033404927346
DONA_Database,Epithemia,EPadIHO44070-7edited.png,10375399646970301523
DONA_Database,Epithemia,RHgibberu-1.png,17126875238483926353
DONA_Database,Epithemia,Er5.png,12647710651965410648
DONA_Database,Epithemia,musculus_002.png,18126073796945877936
DONA_Database,Epithemia,50microns.png,10176510773053843284
DONA_Database,Epithemia,Er1.png,12646589192013797696
DONA_Database,Epithemia,EsorMO000125-8ed_1.png,17914386255694699200
DONA_Database,Epithemia,75microns.png,16981227441050035555
DONA_Database,Epithemia,RHgibberu-6.png,13684996818098297138
DONA_Database,Epithemia,EPadNRSA1180-6edited.png,14919976033543395547
DONA_Database,Epithemia,Er2.png,17239128513296264388
DONA_Database,Epithemia,RHgibberu-2.png,13630921062426712197
DONA_Database,Epithemia,rhopalodia_005.png,16791315613661726409
DONA_Database,Epithemia,rhopalodia_gibba_002.png,13065915372766064798
DONA_Database,Epithemia,36_microns.png,10190925646224590743
DONA_Database,Epithemia,mo308_4.png,17154878359131217185
DONA_Database,Epithemia,Er3.png,12081911283835653476
DONA_Database,Epithemia,EPadIHO44070-4edited.png,11017232305497787679
DONA_Database,Epithemia,Er6.png,18422983081181350346
DONA_Database,Epithemia,EpturIHO41265-6ed_1.png,9961212355709373805
DONA_Database,Epithemia,EsorMO000125-6ed.png,12550917890302921817
DONA_Database,Epithemia,rhopalodia_gibba_008.png,13800701114188952722
DONA_Database,Epithemia,66_microns.png,14505234086263097043
DONA_Database,Epithemia,RHgibberu-5.png,13522890519685287424
DONA_Database,Epithemia,Epithemia_alpestris_L-5-71_05.png,13723795208737605907
DONA_Database,Epithemia,RHgibberu-4.png,12505056169068961107
DONA_Database,Epithemia,Epithemia.smithii4a.png,12578528687481461895
DONA_Database,Epithemia,rhopalodia_gibba_003.png,10685663726135761657
DONA_Database,Epithemia,Epithemia.smithii1a.png,14868590502933642708
DONA_Database,Epithemia,Epithemia_alpestris_ILL2017_06.png,12596204661017856336
DONA_Database,Epithemia,EsorIH0440-1ed_1.png,10315901079888482267
DONA_Database,Epithemia,Epithemia_alpestris_ILL2017_07.png,16329090861580393544
DONA_Database,Epithemia,rhopalodia_gibba_006.png,17580160827953415782
DONA_Database,Epithemia,EsorIH0440-2ed_1.png,11397874490220367515
DONA_Database,Epithemia,EpturIHO41265-8ed_1.png,9963844890460507126
DONA_Database,Epithemia,Epithemia_alpestris_ILL2017_03.png,12646586287550941478
DONA_Database,Epithemia,mo308_3.png,11538187881490168674
DONA_Database,Epithemia,EPadIHO44070-6edited.png,12667661208858381313
DONA_Database,Epithemia,Epithemia.smithii7a.png,16970656390171081180
DONA_Database,Epithemia,musculus_004.png,10082068951142453136
DONA_Database,Epithemia,Epithemia.smithii5a.png,9931125669209283906
DONA_Database,Epithemia,Epithemia.smithii2a.png,12618789511206898835
DONA_Database,Epithemia,musculus_003.png,15752149579477852082
DONA_Database,Epithemia,RHgibberu-7.png,13513297641602817161
DONA_Database,Epithemia,Picture_001.png,13872106783494379641
DONA_Database,Epithemia,EsorMO000125-7ed.png,11413677405789145239
DONA_Database,Epithemia,Epithemia.smithii3a.png,17206093408302513436
DONA_Database,Epithemia,EPadIHO44070-3edited.png,10353161252814187529
DONA_Database,Epithemia,EpturIHO41265-7ed_1.png,14075755148251355876
DONA_Database,Epithemia,Epithemia.smithii6a.png,9963634367012216270
DONA_Database,Epithemia,40microns.png,16946729548103583641
DONA_Database,Epithemia,Epithemia_alpestris_L-5-62_04.png,10357348487330875749
DONA_Database,Epithemia,83_microns.png,12662565660054880719
DONA_Database,Epithemia,Er8.png,12267155736161864042
DONA_Database,Epithemia,rhopalodia_007.png,13583157214183285247
DONA_Database,Epithemia,EsorMO000125-4ed.png,15577290530394360475
DONA_Database,Epithemia,EpturIHO41265-4ed_1.png,14944686734484543627
DONA_Database,Epithemia,EPadIHO44070-1edited.png,10020634464137787823
DONA_Database,Epithemia,EpturIHO41265-2ed_1.png,10036184303067777946
DONA_Database,Epithemia,musculus_001.png,18071468203369339601
DONA_Database,Epithemia,Epithemia_alpestris_L-5-71_02.png,10351142298213632437
DONA_Database,Epithemia,EsorMO000125-5ed.png,15615571908888664304
DONA_Database,Epithemia,musculus_005.png,9632068629614448466
DONA_Database,Synedra,GSN89558_LM3_1.png,13606451075675917446
DONA_Database,Synedra,Synfam1.png,17052517838801708489
DONA_Database,Synedra,Synfam4.png,18211715013583187303
DONA_Database,Synedra,Synedracyclopum1.png,13168358928827862848
DONA_Database,Synedra,Synedracyclopum8.png,14388293832885537534
DONA_Database,Synedra,Synedra_goulardii_GC108491H_05_cl.png,14567726402803118165
DONA_Database,Synedra,Synedracyclopum11.png,16378358872112915291
DONA_Database,Synedra,GSN89558_LM4_1.png,13571249640784684249
DONA_Database,Synedra,Synfam5.png,14462472730704993121
DONA_Database,Synedra,Synfam6.png,15617643964930446193
DONA_Database,Synedra,GSN89558_LM7_1.png,13364932889680699745
DONA_Database,Synedra,Synedracyclopum13.png,14829774443879567142
DONA_Database,Synedra,Synedra_goulardii_GC109962H_07_cl.png,14608196878905757860
DONA_Database,Synedra,Synfam2.png,13736499635261479199
DONA_Database,Synedra,Synedra_goulardii_GC108491H_01_cl.png,16035173851222329300
DONA_Database,Synedra,GSN89558_LM2_1.png,13554941945184750606
DONA_Database,Synedra,GSN89558_LM1_1.png,16758623503630596518
DONA_Database,Synedra,GSN89558_LM6_1.png,13642461125236177936
DONA_Database,Synedra,Synedra_goulardii_GC109954H_06_cl.png,16030809209959212836
DONA_Database,Synedra,Synedracyclopum12.png,10621313983086996366
DONA_Database,Synedra,66062_SEM2_1.png,9457330999191591570
DONA_Database,Synedra,Synedra_goulardii_GC109962H_03_cl.png,16042632807711311805
DONA_Database,Synedra,GSN89558_LM5_1.png,13608702738111399158
DONA_Database,Synedra,Synfam3.png,14498500057965458430
DONA_Database,Synedra,Synedra_goulardii_GC109954H_04_cl.png,16069332386799485269
DONA_Database,Synedra,66062_SEM1_1.png,10801332333040265372
DONA_Database,Synedra,Synedra_goulardii_GC109954H_05_cl.png,16020113441023698220
DONA_Database,Synedra,Synfam7.png,9702436341789927730
DONA_Database,Synedra,Synedracyclopum7.png,17206523025241837112
DONA_Database,Surirella,GC100589a_iowensis-0056.png,17344661593749379594
DONA_Database,Surirella,MO434_02.png,15363144698895297938
DONA_Database,Surirella,AcadiaNP-057a_GrMead_SurTer2a.png,11703192376648813651
DONA_Database,Surirella,GC-113401a_NanticR_DE_SC2b_DoUS.png,10273824404195165128
DONA_Database,Surirella,DotUS_Frustule-out_Driftwood110_14_ps.png,11244284767151467571
DONA_Database,Surirella,GC1610_amphioxys_3.png,15720493274902274544
DONA_Database,Surirella,Surirella-undulata_ILL_2018-79-2.png,13698085923102628461
DONA_Database,Surirella,GC102882a_stalagma_3.png,17600887145220359709
DONA_Database,Surirella,Surirella-undulata_ILL_2018-40-3.png,16887644284558994123
DONA_Database,Surirella,GC1610_amphioxys_2.png,9388594747086783442
DONA_Database,Surirella,CHRS591_13.png,13875310451724537454
DONA_Database,Surirella,GC100589a_iowensis-0023.png,9631945786719550772
DONA_Database,Surirella,GC114255b_atomus_0010.png,15972350846092209742
DONA_Database,Surirella,solea_001.png,13809268552466916200
DONA_Database,Surirella,25_e-publ_copy.png,15003836005086030690
DONA_Database,Surirella,SurCruc-17_inHP_copy_1.png,13839291653659833468
DONA_Database,Surirella,GC100589a_iowensis-0028.png,11798610180036522709
DONA_Database,Surirella,GC109819b_brebissonii_3.png,10793644530924488095
DONA_Database,Surirella,GC105958a_suecica_1.png,18395763982396131209
DONA_Database,Surirella,GC-42664_fossilPhila_SurTer1a_copy.png,15031624531465735147
DONA_Database,Surirella,GC112761a_brebissonii_3.png,18141270673046931236
DONA_Database,Surirella,GC102882a_stalagma_6.png,9492388573220237524
DONA_Database,Surirella,DotUS_Frustule-in_SurArc_GCM5285-109Gb_20_ps.png,12345982495106751756
DONA_Database,Surirella,Surirella-undulata-SEM-3.png,9279692790097075516
DONA_Database,Surirella,MO452_14edit.png,9225517318736015475
DONA_Database,Surirella,CAS-600484-2_LkOzetteWA_SurTer6_copy.png,16443802787365747055
DONA_Database,Surirella,GC2530a_angusta_1.png,11667239942000302125
DONA_Database,Surirella,GC1610_amphioxys_4.png,11766529432951284533
DONA_Database,Surirella,GC100589a_iowensis-0025.png,17848961979260677857
DONA_Database,Surirella,GC112761a_brebissonii_10.png,10755719936021735484
DONA_Database,Surirella,GC111490b_angusta_3.png,11955040526645729599
DONA_Database,Surirella,S_striatula_036_2_4ss.png,9394646913688457946
DONA_Database,Surirella,Surirella-undulata-SEM-2.png,10441682277457095958
DONA_Database,Surirella,Surirella_crumena_074601_1.png,10721217622025233776
DONA_Database,Surirella,GC4055b_minuta_5.png,14384840387818462101
DONA_Database,Surirella,SurTer_SEM-21_inner_valve.png,14213477630129920937
DONA_Database,Surirella,Sur_tenera_4_20ss.png,11103169620744431589
DONA_Database,Surirella,GC-115390b_SycamoreLNJ_SC27b_DoUS_copy.png,15485321133272762003
DONA_Database,Surirella,GC112761a_brebissonii_7.png,18248251922477786533
DONA_Database,Surirella,CAS-183019_LkOzette_WA_SC8b_copy.png,17646584942777847734
DONA_Database,Surirella,7-GC8225b_SU1ab_ps.png,9629354406435715433
DONA_Database,Surirella,GC114255b_atomus_0009.png,12072380655732169267
DONA_Database,Surirella,4-GC8226_SU15_ps.png,14044798454756455132
DONA_Database,Surirella,Surirella_crumena_074601_4.png,9396549226178109638
DONA_Database,Surirella,VA000161_18.png,14259011620108389811
DONA_Database,Surirella,cymatopleura_solea_1a-sccwrp.png,13542543499460653368
DONA_Database,Surirella,GC111490b_suecica_1.png,18320328251536377441
DONA_Database,Surirella,SurCruc-14_inFP_copy1.png,15064953973335870373
DONA_Database,Surirella,6-GC8226_SU10_ps.png,14279257708809009345
DONA_Database,Surirella,DotUS_Detail3_Driftwood110_09_ps.png,15123224297904090166
DONA_Database,Surirella,SurCruc-20_out_valve_copy.png,10862747423162183465
DONA_Database,Surirella,Sur_tenera_3_21.png,12515345258461057683
DONA_Database,Surirella,GC101903a_angusta_2.png,17887496118078969036
DONA_Database,Surirella,GC45805_suecica_2.png,18129946090284615781
DONA_Database,Surirella,sccrwCymatopleur_solea_002r.png,12246222677012991139
DONA_Database,Surirella,solea_003.png,16910354186448713554
DONA_Database,Surirella,VA000161_03.png,13073199124778226312
DONA_Database,Surirella,GC100963a_angusta_1.png,11919794899164887344
DONA_Database,Surirella,S_striatula_034_2_17ss.png,10646578307041998616
DONA_Database,Surirella,Sur_tenera_2_4ss.png,11192259717136418700
DONA_Database,Surirella,GC111490b_angusta_interior_1.png,17657279887663574486
DONA_Database,Surirella,GC111490b_suecica_2.png,11646474214161767114
DONA_Database,Surirella,DotUS_Detail4_SurArc_GCM5285logeB_1-14_ps.png,13276181149693442562
DONA_Database,Surirella,Surirella-undulata_ILL_2018-79-6.png,18311936285203187038
DONA_Database,Surirella,Surirella_crumena_074601_7.png,13898706127863083730
DONA_Database,Surirella,GS020021_19.png,18111158867652339490
DONA_Database,Surirella,ANP-058_SurCruc1c_DoUS2.png,18395665198069710625
DONA_Database,Surirella,GC109807b_ovalis_5.png,17704989753302282127
DONA_Database,Surirella,MO452_21edit.png,15371361541121536970
DONA_Database,Surirella,Sur_tenera_5_23.png,16016603660296218485
DONA_Database,Surirella,VA000161_06.png,9236704944123766477
DONA_Database,Surirella,HustX1-98_SurCruc-epitype1-c-publ_copy2.png,10509720828498492772
DONA_Database,Surirella,GC114255b_atomus_0011.png,15387405017521159832
DONA_Database,Surirella,NCPA0160_01.png,15352025751724109631
DONA_Database,Surirella,GC-115390b_SycamoreLNJ_SurTer24a_copy.png,13532967140415671427
DONA_Database,Surirella,VA000161_10.png,12153210922054416954
DONA_Database,Surirella,GC4055b_minuta_7.png,17599726565117324649
DONA_Database,Surirella,S_striatula_036_2_9ss.png,18132193209721554736
DONA_Database,Surirella,cymatopleura_solea_003sccwrp.png,11666115693424235172
DONA_Database,Surirella,MO434_12.png,12213035089389035926
DONA_Database,Surirella,Cymatopleura_solea_15632_SEM_113.png,14210948415818668402
DONA_Database,Surirella,GC114255b_atomus_0006.png,15290275501681025846
DONA_Database,Surirella,GC102882a_stalagma_7.png,17595681736485747917
DONA_Database,Surirella,VA000161_04.png,11429738454113672543
DONA_Database,Surirella,GC4055b_minuta_9.png,17455542314562305127
DONA_Database,Surirella,Sur_tenera_8_15ss.png,10942194774034620897
DONA_Database,Surirella,GC112761a_brebissonii_4.png,13085994837690336737
DONA_Database,Surirella,Sur_tenera_1_17ss.png,10077495676958196689
DONA_Database,Surirella,GC106518b_ovalis_3.png,10923351265710275681
DONA_Database,Surirella,Surirella-undulata-SEM-1.png,13915383119267050855
DONA_Database,Surirella,Boyer-G7-9_LeesPondBristolCT_SurTer27b.png,17648485172750568735
DONA_Database,Surirella,GC114255b_atomus_0002.png,13144269897366038192
DONA_Database,Surirella,NCPA0160_14.png,15378162831667436036
DONA_Database,Surirella,NCPA0160_13.png,12621952652854057945
DONA_Database,Surirella,GC109807b_ovalis_4.png,9620215227878971806
DONA_Database,Surirella,MO434_17.png,9587986260515570547
DONA_Database,Surirella,GC3778a_amphioxys_1.png,9315974400194670637
DONA_Database,Surirella,MO434_13.png,14531228273396949267
DONA_Database,Surirella,GC109807b_ovalis_3.png,16260412830689173996
DONA_Database,Surirella,GC101903a_angusta_1.png,18368129059184235015
DONA_Database,Surirella,Surirella-undulata_ILL_2018-80-7.png,18018749668216828609
DONA_Database,Surirella,S_striatula_034_2_12ss.png,12953443996032878388
DONA_Database,Surirella,GC100589a_iowensis-0085.png,12757087052122454128
DONA_Database,Surirella,Boyer-375_PavoniaNJ_SurCruc4b-publ_copy.png,17717372622335872924
DONA_Database,Surirella,GC45805_suecica_1.png,13021106374664208269
DONA_Database,Surirella,3-GC8226_SU8_ps.png,9766720560423989721
DONA_Database,Surirella,S_striatula_036_2_2ss.png,16951686470202971033
DONA_Database,Surirella,GC111668b_minuta_1.png,18430185735486107656
DONA_Database,Surirella,GC110482a_suecica_1.png,10695146838109409175
DONA_Database,Surirella,1-GC8226_SU9_ps.png,11397327799500169220
DONA_Database,Surirella,GC102882a_stalagma_1.png,16655354019743552434
DONA_Database,Surirella,DotUS_Frustule-out_SurArc_GCM5285logeB_1-13_ps2.png,12933143298802095126
DONA_Database,Surirella,GC45805_suecica_3.png,18412934060193202880
DONA_Database,Surirella,MO452_12edit.png,10219888055545724221
DONA_Database,Surirella,GC1610_amphioxys_7.png,9397532126682137270
DONA_Database,Surirella,Surirella_crumena_074601_3.png,10794092667439033705
DONA_Database,Surirella,2-GC8226_SU13_ps.png,11469107941143409413
DONA_Database,Surirella,GC100589a_iowensis-0040.png,16277168604755289197
DONA_Database,Surirella,DotUS_Frustule-in_Driftwood110_12_ps.png,17010087308462385475
DONA_Database,Surirella,GC100589a_iowensis-0029.png,16195611729017450870
DONA_Database,Surirella,MO434_20.png,10774113605108398434
DONA_Database,Surirella,GC-114834a_KentCoDE_SurTer1a-publ_copy.png,12776385286617983280
DONA_Database,Surirella,GC114255b_atomus_0014.png,15292019929953704637
DONA_Database,Surirella,MO434_01.png,13927957086029167759
DONA_Database,Surirella,TPII-78_SurirellaTer42-Lectotype.png,17653058594679491983
DONA_Database,Surirella,GC1610_amphioxys_5.png,9757141408604997558
DONA_Database,Surirella,S_striatula_036_2_6ss.png,13819119783954622325
DONA_Database,Surirella,GC4055b_minuta_8.png,17777468399656570855
DONA_Database,Surirella,GC101903a_angusta_3.png,17909280492962878691
DONA_Database,Surirella,GC1610_amphioxys_interior_1.png,11899098110539082226
DONA_Database,Surirella,DotUS_Detail1_SurArc_GCM5285-109Gb_28_ps.png,17850360036772135555
DONA_Database,Surirella,GC102882a_stalagma_2.png,15356968483203173493
DONA_Database,Surirella,5-GC8226a_SU2_ps.png,10351335153415578185
DONA_Database,Surirella,Sur_tenera_6_19ss.png,17914798085068916594
DONA_Database,Surirella,28_e-publ_copy.png,18374405428843041070
DONA_Database,Surirella,GC106518b_ovalis_1.png,9270835495978356890
DONA_Database,Surirella,solea_002.png,18026244384321021780
DONA_Database,Surirella,SurTer_SEM-29_innerstriae.png,18044764111569461336
DONA_Database,Surirella,DotUS_Detail2_SurArc_GCM5285-109G_16_ps.png,16883616532384992423
DONA_Database,Surirella,VA000161_17.png,15351603627892786294
DONA_Database,Surirella,VA000161_05.png,13863926175976339532
DONA_Database,Surirella,SurCruc-18_in_valve_copy.png,10720092473576757976
DONA_Database,Surirella,GC114255b_atomus_0013.png,15355333126846048527
DONA_Database,Surirella,S_striatula_034_2_16ss.png,16196119754820137573
DONA_Database,Surirella,NCPA0160_15.png,9288779026026473271
DONA_Database,Surirella,GC102882a_stalagma_4.png,15304409463640126671
DONA_Database,Surirella,GC109807b_ovalis_6.png,11581877070758828235
DONA_Database,Surirella,GC4055b_minuta_4.png,15282907932316417329
DONA_Database,Surirella,Surirella-undulata_ILL_2018-79-4.png,13807810087057426187
DONA_Database,Surirella,MO446_08edit.png,15414180783438848923
DONA_Database,Surirella,GC109807b_ovalis_2.png,17311558319519677513
DONA_Database,Surirella,GS020021_18.png,9350175058761295642
DONA_Database,Surirella,GC111668b_minuta_12.png,17654847623868138541
DONA_Database,Surirella,VA000161_16.png,17331963112946817112
DONA_Database,Surirella,GC102882a_stalagma_5.png,17308471791620957541
DONA_Database,Surirella,GC112761a_brebissonii_9.png,16296424474852864244
DONA_Database,Surirella,MO434_21.png,13537749710898500752
DONA_Database,Surirella,Surirella_crumena_074601_6.png,9552538393594605686
DONA_Database,Surirella,GC112761a_brebissonii_8.png,16819430056203192309
DONA_Database,Surirella,CHRS591_19.png,9529443957199870435
DONA_Database,Surirella,Surirella-undulata_ILL_2018-79-1.png,16793595159685860109
DONA_Database,Psammothidium,MO000019_2a_ed.png,17501280167016674971
DONA_Database,Psammothidium,NCPA0116_HOLOTYPE_2d.png,15389022488403717180
DONA_Database,Psammothidium,NCP0039_PSmargiulatum_1ed.png,17594079029359711954
DONA_Database,Psammothidium,ISO_sp1_1b.png,17702172477529988924
DONA_Database,Psammothidium,NCPA0116_ISOTYPE_1a.png,13086983780512917798
DONA_Database,Psammothidium,NCPA0033_16_ed.png,9356890180869384118
DONA_Database,Psammothidium,NRSA0151_1ed.png,15118166860289715098
DONA_Database,Psammothidium,NCPA0156_PSbiretii_1b_ed.png,13072206449100375263
DONA_Database,Psammothidium,NCPA0044_01_ed.png,15053967314493334448
DONA_Database,Psammothidium,WACA19_PS2_3b.png,15384296728643973087
DONA_Database,Psammothidium,ncpa0116_56_ed.png,10793560605713249971
DONA_Database,Psammothidium,HOLO_sp1_a.png,18278422130777275448
DONA_Database,Psammothidium,NCPA0039_14_ed.png,9304223878713402093
DONA_Database,Psammothidium,MO000019_4a_ed.png,10939397717122559340
DONA_Database,Psammothidium,ISO_sp1_2b.png,12806767776895293513
DONA_Database,Psammothidium,GC44254_ACharvey_1c.png,17675089416128069298
DONA_Database,Psammothidium,MT1517A_18_ed_1.png,15356512072809067495
DONA_Database,Psammothidium,WACA19_PS2_1b.png,15387333459488222509
DONA_Database,Psammothidium,ISO_sp3_1b.png,17639204491554610232
DONA_Database,Psammothidium,MO000019_PScurt_1a_ed.png,10935015046987417392
DONA_Database,Psammothidium,_26-034.png,10690994270816655587
DONA_Database,Psammothidium,MT001517_5a_ed.png,18345840622596851927
DONA_Database,Psammothidium,NCPA0268_PSscoticum_1a_ed.png,17345772027203982043
DONA_Database,Psammothidium,GS100739_PShelv_3b_ed.png,15016583587236570585
DONA_Database,Psammothidium,NCPA0116_28ed.png,9261461934624943423
DONA_Database,Psammothidium,NCPA0058_09_ed.png,13843850807372621541
DONA_Database,Psammothidium,GS100739_PSchlidanos_1a_ed.png,10911617261709085075
DONA_Database,Psammothidium,NCPA0033_PSlev_5a_ed.png,17459131013683520572
DONA_Database,Psammothidium,ISO_sp3_1a.png,17789369194745584670
DONA_Database,Psammothidium,NRSA0151_14.png,15058452767881258918
DONA_Database,Psammothidium,MO000019_1a_ed_3.png,13377176651768383725
DONA_Database,Psammothidium,MT001517_3b_ed.png,17639124374314040880
DONA_Database,Psammothidium,WACA19_PS2_6b.png,15107570448301787286
DONA_Database,Psammothidium,GS181995_4a_1.png,15427856197056769747
DONA_Database,Psammothidium,NCPA0002_PSsp1cfScoticum_1b_ed.png,10875578020140363469
DONA_Database,Psammothidium,gs007601_15_ed.png,13862149538098736819
DONA_Database,Psammothidium,NCPA0007_PSchlidanos_1b_1.png,17994365899712481889
DONA_Database,Psammothidium,186008_SEM2_1.png,10764265614055651124
DONA_Database,Psammothidium,ncpa0116_48.png,10397240635792193459
DONA_Database,Psammothidium,ncpa0116_50.png,10683235885200062106
DONA_Database,Psammothidium,_26-030.png,15119726626653304878
DONA_Database,Psammothidium,WACA19_04.png,9272698673066112588
DONA_Database,Psammothidium,GS100739_PShelv_2a_ed.png,13092740859634608487
DONA_Database,Psammothidium,GSL00810_15b_ed.png,13071920602170190226
DONA_Database,Psammothidium,GS181995_2a_1.png,15465511831057968253
DONA_Database,Psammothidium,TypePopulation_sp3_1.png,15396305204220220991
DONA_Database,Psammothidium,NCPA0268_PSscoticum_1b_ed.png,18314874977816777427
DONA_Database,Psammothidium,GS028733_PSbio_1b.png,17648341421369728760
DONA_Database,Psammothidium,TypePop_sp3_1b.png,17773879544455773256
DONA_Database,Psammothidium,MT1517A_13_ed.png,10740898285326317417
DONA_Database,Psammothidium,NCPA116_harve_3a_ed.png,17630046724171926588
DONA_Database,Psammothidium,NRSA0151_6ed.png,15328541400495266950
DONA_Database,Psammothidium,NCPA0033_PSlev_2_ed.png,17615701164534437323
DONA_Database,Psammothidium,MT001517_7a_ed.png,16198769613930362928
DONA_Database,Psammothidium,NCPA0116_slideIso3_nottype1b.png,13086905204086106191
DONA_Database,Psammothidium,MO000019_1a_ed.png,15399036806121731388
DONA_Database,Psammothidium,NCPA0033_PSlev_3_ed.png,15117680930479433002
DONA_Database,Psammothidium,NCPA0116_slideIso3_nottype1a.png,10500723014177615949
DONA_Database,Psammothidium,MT001517_1b_ed.png,17753050649430433429
DONA_Database,Psammothidium,NCPA_000208_ed.png,9601459382945015500
DONA_Database,Psammothidium,ncpa0116_53ed.png,10435542973422593969
DONA_Database,Psammothidium,WACA19_PS2_7bb.png,15437789182786846375
DONA_Database,Psammothidium,MT001517_4a_ed.png,17685006381327974859
DONA_Database,Psammothidium,waca18_16.png,14237344609872458598
DONA_Database,Psammothidium,Psammothidium-rossii-ME10009_B_101317_23_c.png,15555631641396218664
DONA_Database,Psammothidium,MO000019_4b_ed.png,15045272283336553524
DONA_Database,Psammothidium,NCPA0116_25ed.png,10757493309873550010
DONA_Database,Psammothidium,NCPA0116_06.png,15046626201836610990
DONA_Database,Psammothidium,GSN23387_PSchlidanos_2b_ed.png,17648059261210992447
DONA_Database,Psammothidium,GC44453_ACchlidanos_type6_ed.png,17630116754012802680
DONA_Database,Psammothidium,Psammothidium-rossii-ME10009_B_101317_98_c.png,14601995485533805401
DONA_Database,Psammothidium,GS100739_PSdao_4a_ed.png,12910285857087576978
DONA_Database,Psammothidium,MT1517A_07_ed.png,10460571495163573222
DONA_Database,Psammothidium,MT001517_7b_ed.png,17747421244373834344
DONA_Database,Psammothidium,GS181995_5a.png,13995672381136453506
DONA_Database,Psammothidium,NCPA116_harve_1ed.png,17630150883167777351
DONA_Database,Psammothidium,TypePop_sp3_1a.png,17492415627818056272
DONA_Database,Psammothidium,WACA19_22.png,9636928563148428876
DONA_Database,Psammothidium,MO000373_21_ed.png,14237914520971391717
DONA_Database,Psammothidium,NCPA0058_04_ed.png,10694499402498597816
DONA_Database,Psammothidium,GC44453_ACchlidanos_type3_ed_1.png,18269063852976540984
DONA_Database,Psammothidium,NCPA0078_PSmarginul_2.png,18292092345444791358
DONA_Database,Psammothidium,MT001517_2a_ed.png,18078240602555431984
DONA_Database,Psammothidium,_26-042.png,13895306113825979561
DONA_Database,Psammothidium,GS100739_PShelv_2b_ed.png,11643730808195989617
DONA_Database,Psammothidium,GS007601_PSdao_1a_ed.png,17275391181257382287
DONA_Database,Psammothidium,NCPA_024405_ed.png,10766452542731544240
DONA_Database,Psammothidium,NCPA0009_PSmargiulatum_1ed.png,17693168467374849142
DONA_Database,Psammothidium,MT001517_4b_ed.png,18387582500176151491
DONA_Database,Psammothidium,MT1517A_30_ed_1.png,10744271629729805039
DONA_Database,Psammothidium,186008_SEM1_1.png,14257834297347350479
DONA_Database,Psammothidium,GSL00810_6a_ed.png,17736224024035362771
DONA_Database,Psammothidium,NRSA0151_4ed.png,15353487781764644359
DONA_Database,Psammothidium,MT001517_3a_ed.png,17714579570697275244
DONA_Database,Psammothidium,Psammothidium-rossii-ME-10020_D_041218_07_c.png,16118559927488316365
DONA_Database,Psammothidium,NCP0039_PSmargiulatum_3ed.png,13058343737093611631
DONA_Database,Psammothidium,NCPA0116_HOLOTYPE_2f.png,15428076601855979248
DONA_Database,Psammothidium,GSN23387_PSchlidanos_2a_ed.png,17359128480180550719
DONA_Database,Psammothidium,NCPA0044_06_ed.png,10738072269664958157
DONA_Database,Psammothidium,_26-035.png,9643344634319633833
DONA_Database,Psammothidium,MT001517_6a_ed.png,18405543813496603185
DONA_Database,Psammothidium,NCPA0116_13.png,9249916632551077438
DONA_Database,Psammothidium,GSL00810_15a_ed.png,17665620843783572368
DONA_Database,Psammothidium,GSN23403_1b.png,13059245367755917605
DONA_Database,Psammothidium,HOLO_sp3_a.png,17625833302190550359
DONA_Database,Psammothidium,NRSA0151_16.png,13859910498965747598
DONA_Database,Psammothidium,GS181995_3a.png,16278277960429889684
DONA_Database,Psammothidium,WACA19_06.png,9344717937741739973
DONA_Database,Psammothidium,MO000019_PScurt_1b_ed.png,17783811660381193778
DONA_Database,Psammothidium,NCPA0156_PSbiretii_1a_ed.png,11631194771459402230
DONA_Database,Psammothidium,186008_LM1_1.png,18293765313369968470
DONA_Database,Psammothidium,WACA19_PS2_4b.png,15387333258996853037
DONA_Database,Psammothidium,gs23387_26_ed.png,10781393698878871628
DONA_Database,Psammothidium,NCP0039_PSmargiulatum_2_ed.png,17881707223948169857
DONA_Database,Psammothidium,NCPA0033_21_ed.png,15089978004190554032
DONA_Database,Psammothidium,NCPA0033_PSlacusvulc_1b_ed_1.png,18032313387532169858
DONA_Database,Psammothidium,gs007601_18_ed.png,15047096736085589883
DONA_Database,Psammothidium,WACA19_PS1_1b_ed.png,15396352959755557131
DONA_Database,Psammothidium,NCPA0044_05_ed.png,15333140876010796727
DONA_Database,Psammothidium,GS181995_1b_1_lauenburg.png,15337581931415320135
DONA_Database,Psammothidium,MO000019_1b_ed.png,13087674559429986708
DONA_Database,Psammothidium,186008_LM2_1.png,13084456972597291373
DONA_Database,Psammothidium,NCPA0118_11_ed.png,10397245334235670195
DONA_Database,Psammothidium,ISO_sp1_1a.png,17701964674861251640
DONA_Database,Psammothidium,NCPA0007_PSchlidanos_1a_ed_1.png,13089983289035573321
DONA_Database,Psammothidium,GS100739_PSdao_4b_ed.png,10604443981611031442
DONA_Database,Psammothidium,NCPA0116_ISOTYPE_1d.png,17596130788525583590
DONA_Database,Psammothidium,HOLO_sp1_b.png,17720204461745217432
DONA_Database,Psammothidium,NRSA0151_3a.png,15380503469713304460
DONA_Database,Psammothidium,NCPA0033_PSlev_5b_ed.png,17323599420860501516
DONA_Database,Psammothidium,gsn23387_08_.png,13843903463956486628
DONA_Database,Psammothidium,NCPA0044_08_ed.png,13901273957743343544
DONA_Database,Psammothidium,NCPA0002_PSsp1cfScoticum_1_ed.png,10837288626142537421
DONA_Database,Psammothidium,GS181995_1a.png,17626538685021401287
DONA_Database,Psammothidium,GSN23403_1a.png,17632159448643509441
DONA_Database,Psammothidium,NRSA0151_17.png,15094481599520011022
DONA_Database,Psammothidium,WACA19_31.png,15293954758602729037
DONA_Database,Psammothidium,ISO_sp1_2a.png,13095001867841523020
DONA_Database,Psammothidium,WACA19_PS2_2.png,10062717733072675129
DONA_Database,Psammothidium,GS028733_PSbio_1a_ed.png,17613459071331866736
DONA_Database,Psammothidium,NRSA0151_2ed.png,15413816902461787063
DONA_Database,Psammothidium,NRSA0151_3b_ed.png,15361984773214125710
DONA_Database,Psammothidium,NCPA116_harve_2ed.png,15468379572517672905
DONA_Database,Psammothidium,MT1517A_14_ed.png,10753767420171269705
DONA_Database,Psammothidium,HOLO_sp3_b.png,17626951230633098567
DONA_Database,Psammothidium,186008_LM4_1.png,18383306893622478049
DONA_Database,Psammothidium,NCPS0148_PSchlidanos_1a_ed.png,17647778128825847642
DONA_Database,Psammothidium,MT1517A_25_ed.png,13869432136453154736
DONA_Database,Psammothidium,NCPA0116_01ed.png,9612506293227906867
DONA_Database,Psammothidium,MT001517_PScurt_1a_ed.png,17736454013099144909
DONA_Database,Psammothidium,WACA17_03.png,10743688029573678683
DONA_Database,Psammothidium,NCPA116_harvey_3b_ed.png,15234188307571983249
DONA_Database,Psammothidium,WACA19_PS2_5b.png,17647920587521576918
DONA_Database,Psammothidium,186008_LM5_1.png,11559217608267209269
DONA_Database,Psammothidium,Psammothidium-rossii-RI10005_B_101117_61_c.png,15758275551997792232
DONA_Database,Psammothidium,Psammothidium-rossii-ME10009_B_101317_97_c.png,16998471839453645656
DONA_Database,Psammothidium,186008_LM3_1.png,11642183006202091598
DONA_Database,Psammothidium,gs23387_22_ed.png,15411131834310471425
DONA_Database,Psammothidium,GS181995_3b.png,13108437029408823696
DONA_Database,Psammothidium,GC44254_ACharvey_1b.png,12821262761572198800
DONA_Database,Psammothidium,MT1517A_27_ed_1.png,10493165396121839340
DONA_Database,Psammothidium,NCPA4_harveyi_ed.png,15328802675699528903
DONA_Database,Psammothidium,GSL00810_13a_ed.png,10791273844758624380
DONA_Database,Psammothidium,NCPA0033_PSlacusvulc_1a_ed.png,16879093313845737603
DONA_Database,Nupela,GC57577_HOLOsilide_5a_1.png,15481625677848675891
DONA_Database,Nupela,IH_020665_NUfennica_1_ed.png,13921259300467055544
DONA_Database,Nupela,Nupelatenuicephala_SEM_externalwholevalve_494201_5microns.png,14506674569280483406
DONA_Database,Nupela,WACA019_2b.png,15342078963192992888
DONA_Database,Nupela,GC53753_19ed.png,13160047271642830458
DONA_Database,Nupela,NCPA0039_ANUlap_23.png,15719996283667305155
DONA_Database,Nupela,Nupelasp.1COL5.png,18423650126400588592
DONA_Database,Nupela,Nupelapotapovae_gv.png,11253919423018306522
DONA_Database,Nupela,WACA019_6.png,15386761823241710836
DONA_Database,Nupela,NApoconoensis_InCircle_1b_ed.png,13025205137140116524
DONA_Database,Nupela,CANA-SEM-79748-02.png,10794647708370363040
DONA_Database,Nupela,GC44260a_ACdecipiens_9b.png,10930546939770987865
DONA_Database,Nupela,GC57568_NUcarolina_NotInCircle_5.png,18333451042117815243
DONA_Database,Nupela,GC58610_NUsciss_NotInCircle_2.png,13091021678820218330
DONA_Database,Nupela,Nupelasp.1COL6.png,14602275513045273539
DONA_Database,Nupela,WACA019_3b.png,10487712326118828460
DONA_Database,Nupela,NCPA0173_NUlap_12ed.png,14965624579715580765
DONA_Database,Nupela,NCPA0173_NUlap_7ed.png,17339284449482291313
DONA_Database,Nupela,GC57568_NUcarolina_NotInCircle_3.png,17598252878162964939
DONA_Database,Nupela,Savannah2_15.png,9329834240420636339
DONA_Database,Nupela,nrsa0888_08ed.png,13938686508448488891
DONA_Database,Nupela,WACA019_5.png,10496437517816783228
DONA_Database,Nupela,Nupelapotapovae12.png,17287900413233792641
DONA_Database,Nupela,WACA19_41.png,13976987681588595843
DONA_Database,Nupela,gs020183_7p.png,10790764513467387789
DONA_Database,Nupela,Nupelasp.1COL3.png,12364726164328834832
DONA_Database,Nupela,GS020183nuCap2_ed.png,17710645954179649330
DONA_Database,Nupela,NRSA0888_NUfrez4.png,15028264653336851043
DONA_Database,Nupela,NCPA0039_ANUlap_18.png,17654909195195892044
DONA_Database,Nupela,nupela6-1-1014_end_external.png,15046595896452497544
DONA_Database,Nupela,GC57577_HOLOsilide_1a_1.png,17596284248456475544
DONA_Database,Nupela,GC44260a_ACdecipiens_6a.png,12804190390543165741
DONA_Database,Nupela,Nupelapotapovae2.png,13234201704903631702
DONA_Database,Nupela,GC44260a_ACdecipiens_markedCircle1b.png,17612055774833555505
DONA_Database,Nupela,NLS00267_NUvitiosa_2ed.png,15316120673911950694
DONA_Database,Nupela,NCPA0025_NUsp2_3_ed_1.png,16153179348301399036
DONA_Database,Nupela,MO000019_NUpocono_1ed.png,17052479060528732265
DONA_Database,Nupela,NUneglecta_nj19_09_p.png,10702063491574866424
DONA_Database,Nupela,NCPA0025_NUsp2_2_ed_2.png,16486437522073360456
DONA_Database,Nupela,NLS00267_NUvitiosa_5ed.png,17706678811265174982
DONA_Database,Nupela,NLS00267_NUvitiosa_1ed.png,18423580576621580752
DONA_Database,Nupela,NLS00267_NUvitiosa_6ed.png,15433697181985575627
DONA_Database,Nupela,Burke_18_ed.png,10499342543950339163
DONA_Database,Nupela,Savannah2_05.png,13861669826005513422
DONA_Database,Nupela,GC58610_NUsciss_NotInCircle_1.png,10747944867315934475
DONA_Database,Nupela,GC53753_22ed.png,16116334498518582042
DONA_Database,Nupela,Nupelasp.1COL8.png,10839555397668466115
DONA_Database,Nupela,GC57568_NUcarolina_NotInCircle_1.png,17783449858189826151
DONA_Database,Nupela,GS024284_NUfennica_6.png,17555939049466120292
DONA_Database,Nupela,ncpa0173_06ed.png,10757526887962074544
DONA_Database,Nupela,Burke_01_ed.png,13843916550419254777
DONA_Database,Nupela,NUneglecta_nj99_03_p.png,10377243193809055199
DONA_Database,Nupela,CANA-SEM-79748-16_copy.png,15418190203794257595
DONA_Database,Nupela,ME000029_NUfrez_5a_ed.png,16043943760034370243
DONA_Database,Nupela,WACA019_3a.png,10775670005938578856
DONA_Database,Nupela,GS024284_NUfrezeli_2b.png,12782577245400549598
DONA_Database,Nupela,NCPA0039_ANUlap_14.png,13095845945410395748
DONA_Database,Nupela,WACA19_18.png,14252324051394059278
DONA_Database,Nupela,GS024284_NUfennica_3_ed.png,17862853458706712011
DONA_Database,Nupela,WACA019_2a.png,15414136658166845536
DONA_Database,Nupela,Burke_14_ed.png,9356890549207135375
DONA_Database,Nupela,Nupelapotapovae30.png,13811119849747399537
DONA_Database,Nupela,Nupelapotapovae1.png,15180228436508679287
DONA_Database,Nupela,nupela6-1-108_center_external.png,11771531458436952730
DONA_Database,Nupela,GC57577_HOLOsilide_1b_1.png,17343801708673644748
DONA_Database,Nupela,NAconcava_inCircle_1c_ed_1.png,13514990627431465921
DONA_Database,Nupela,GC58610_NUsciss_InCircle.png,15432298617958022683
DONA_Database,Nupela,GS024284_NUfennica_7_ed.png,18061053478205343527
DONA_Database,Nupela,NUelegant_12_ed_1.png,12013736588730259916
DONA_Database,Nupela,Nupelatenuicephala_SEM_internalwholevalve_494201_5microns.png,13606204170787422367
DONA_Database,Nupela,ncpa0173_11ed.png,13875242852965838380
DONA_Database,Nupela,NUsp1_3_ed_1.png,12893182742004932193
DONA_Database,Nupela,GC58610_NUsciss_ISOTYPE_b.png,14171292850545205966
DONA_Database,Nupela,GC57568_NUcarolina_NotInCircle_6.png,17649184762865065389
DONA_Database,Nupela,ncpa0024_06ed.png,14132067770323832305
DONA_Database,Nupela,nupela6-1-1019_end_internal.png,15392160406281680674
DONA_Database,Nupela,CANA-SEM-79748-11_copy.png,15017885792797741625
DONA_Database,Nupela,gs020183_6p.png,15053982380464803101
DONA_Database,Nupela,NLS00267_01.png,14168101643658595577
DONA_Database,Nupela,Nupelapotapovae4.png,16044743619343638167
DONA_Database,Nupela,GC44260a_ACdecipiens_12b.png,15364805731406920903
DONA_Database,Nupela,GC44260a_ACdecipiens_23b.png,15196040010737146828
DONA_Database,Nupela,Nupelasp.1COL2.png,18079037196652645226
DONA_Database,Nupela,CANA-SEM-79748-08.png,16860029830954521233
DONA_Database,Nupela,ME000029_NUfr_4a_ed.png,11956373752124745417
DONA_Database,Nupela,NLS00267_NUvitiosa_3ed.png,17697644953147335734
DONA_Database,Nupela,NCPA0160_NUlap_4ed_1.png,16549277948263317907
DONA_Database,Nupela,WACA19_35.png,14132081638840421609
DONA_Database,Nupela,GC58610_NUsciss_ISOTYPE_a.png,15468600010255757446
DONA_Database,Nupela,ncpa0173_07ed.png,15017379536372321459
DONA_Database,Nupela,NCPA0025_NUsp2_1_ed_2.png,16201022027806051981
DONA_Database,Nupela,nupela6-1-1031_center_internal.png,9500790075565095708
DONA_Database,Nupela,GC53753_17ed.png,12248300394740695949
DONA_Database,Nupela,NRSA0888_NUfrez8.png,16756633342557303665
DONA_Database,Nupela,ncpa0173_02ed.png,10433266615346993596
DONA_Database,Nupela,GC44260a_ACdecipiens_markedCircle1c.png,11655420939830323568
DONA_Database,Nupela,GCM35202_12.png,15013006986717749970
DONA_Database,Nupela,NLS00132_NUvitiosa_1_ed.png,10405808451916064946
DONA_Database,Nupela,nrsa0888_17ed.png,10769613258112068363
DONA_Database,Nupela,NRSA0888_NUfrez_HOLOa.png,11948857029877941036
DONA_Database,Nupela,GC57568_NUcarolina_HOLO_a.png,16193694946116907932
DONA_Database,Nupela,GS024284_NUfennica_8.png,13236598470976751219
DONA_Database,Nupela,GC57577_HOLOsilide_4b_1.png,13105930919459473794
DONA_Database,Nupela,GC58610_NUsciss_NotInCircle_7a.png,15324354489995661666
DONA_Database,Nupela,Burke_17_ed.png,9267625607792713171
DONA_Database,Nupela,GC57568_NUcarolina_HOLO_b.png,17488473375162732685
DONA_Database,Nupela,NUelegant_10_ed_1.png,14065055848315196365
DONA_Database,Nupela,NUsubrostr_NCPA0041_04.png,10694427985030220974
DONA_Database,Nupela,Burke_12_ed.png,15390257300971473870
DONA_Database,Nupela,Savannah2_12.png,13868900816515786634
DONA_Database,Nupela,NCPA0039_ACsubrAPP_1_ed.png,17503678788793930592
DONA_Database,Nupela,NUsp1_2_ed_1.png,17302772458721611488
DONA_Database,Nupela,NCPA24_06_ed_1.png,15976022011971782777
DONA_Database,Nupela,ncpa0024_11_ed.png,15568165354825256185
DONA_Database,Nupela,WACA019_4.png,15329068197564261676
DONA_Database,Nupela,Burke_09_ed.png,9636897029081230537
DONA_Database,Nupela,GC44260a_ACdecipiens_20a.png,17814209276984440563
DONA_Database,Nupela,NRSA0888_NUfrez_HOLOb.png,16625493803357057228
DONA_Database,Nupela,NCPA0041_ACsubrAPP_1_ed.png,18171392074507840968
DONA_Database,Nupela,NaConcava_NotInCircle_1ed_4.png,13379338190538328109
DONA_Database,Nupela,ncpa0024_13_ed.png,15640789712764275945
DONA_Database,Nupela,Nupelatenuicephala_SEM_internalend_494201_1micron.png,17074039434553374989
DONA_Database,Nupela,GC57577_HOLOsilide_4a_1.png,12999370086030634435
DONA_Database,Nupela,NCPA0039_ANUlap_10.png,17778030964574349113
DONA_Database,Nupela,GC57577_HOLOsilide_5b_1.png,17706424117819704418
DONA_Database,Nupela,NUneglecta_nj19_06_p.png,10692488901368425980
DONA_Database,Nupela,GC57568_NUcarolina_NotInCircle_4.png,15178759796063154828
DONA_Database,Nupela,gs020183_5p_ed.png,13864956660037536935
DONA_Database,Nupela,GS020183nuCap1_ed.png,17670047695018517825
DONA_Database,Nupela,GC58610_NUsciss_NotInCircle_7b.png,15467939574987804771
DONA_Database,Nupela,NUsubrostr_NCPA0041_07.png,13898176891234819514
DONA_Database,Nupela,NaConcava_NotInCircle_2b_ed_4.png,17778101730140145499
DONA_Database,Nupela,nrsa0888_16ed.png,13868904387043806387
DONA_Database,Nupela,GC57577_HOLOsilide_2_1.png,15052593040341989409
DONA_Database,Nupela,GS020183nuCap3_ed.png,17625903228000997973
DONA_Database,Nupela,Nupelasp.1COL1.png,18133040848484843412
DONA_Database,Nupela,NAconcava_inCircle_1a_ed_1.png,16481916591104694469
DONA_Database,Nupela,NUelegant1_HOLOTYPEa_ed_1.png,14029029236155322829
DONA_Database,Nupela,NApoconoensis_InCircle_1c_ed.png,13755366648709793593
DONA_Database,Nupela,Nupelatenuicephala_SEM_externalmiddle_494201_1micron.png,11893262239183186014
DONA_Database,Nupela,ncpa0025_28_ed.png,13843846189997379449
DONA_Database,Nupela,nrsa0888_19ed.png,10469224940291247547
DONA_Database,Nupela,nrsa0888_06_ed.png,10469230412329323926
DONA_Database,Nupela,NLS00132_NUvitiosa_3_ed.png,17773879339366561849
DONA_Database,Nupela,NApoconoensis_NotinCircle_1a_ed.png,12087262115311207309
DONA_Database,Aulacoseira,Aulcana4.png,16012585170861285392
DONA_Database,Aulacoseira,nls00244_21.png,15044568392155030727
DONA_Database,Aulacoseira,GS024173_1b.png,15741947215442749914
DONA_Database,Aulacoseira,AUislandica-7.png,12673909563123446996
DONA_Database,Aulacoseira,MO000292_7a.png,9846616807942894287
DONA_Database,Aulacoseira,AUsub_NLS00261_2b.png,17881444672354164617
DONA_Database,Aulacoseira,MT1245A_AUnivaloides17a.png,18370429374682661071
DONA_Database,Aulacoseira,AUherz_GC105982a_3a.png,10207921572727278906
DONA_Database,Aulacoseira,GC62442_AUgran1_1.png,14067308161031246907
DONA_Database,Aulacoseira,GSN97387_3a.png,10364177617969572043
DONA_Database,Aulacoseira,GC62434_AUgran4a.png,18341759410038586942
DONA_Database,Aulacoseira,AUislandica-6.png,12677862223479025677
DONA_Database,Aulacoseira,GSN97387_3b.png,14975225936139477560
DONA_Database,Aulacoseira,GS113589_2b.png,15539808870375525764
DONA_Database,Aulacoseira,AUislandica-5.png,14963403639795922378
DONA_Database,Aulacoseira,10028_LM4.png,16040873523053365047
DONA_Database,Aulacoseira,AUislandica_2a.png,9376631170272403965
DONA_Database,Aulacoseira,GC113173a_AUhum_3a.png,14606357334197023204
DONA_Database,Aulacoseira,GC54141_14a.png,15756766310068265356
DONA_Database,Aulacoseira,GC107065b_18a.png,14928066288986699327
DONA_Database,Aulacoseira,NLS00267_05.png,13842798355929960372
DONA_Database,Aulacoseira,GS020101_013.png,14227183653562774441
DONA_Database,Aulacoseira,GS135190crass2b.png,16067895287196526017
DONA_Database,Aulacoseira,GC113233b_1a.png,17915960621524651800
DONA_Database,Aulacoseira,GS020101_012.png,13852859828920532520
DONA_Database,Aulacoseira,AUnivaloid_MT1245_01.png,15288044435748568980
DONA_Database,Aulacoseira,GC54241_3aholoType.png,18033294302248450153
DONA_Database,Aulacoseira,AUsub_NLS00261_2a.png,17880600187571002889
DONA_Database,Aulacoseira,GC54240_1a1.png,16060366053298803356
DONA_Database,Aulacoseira,GC54241_3b.png,12071821027801351112
DONA_Database,Aulacoseira,MO000292_4a.png,11497602111903683381
DONA_Database,Aulacoseira,GC113173a_AUhum_1b.png,18338379600733283730
DONA_Database,Aulacoseira,10028_SEM2.png,10473769865146035576
DONA_Database,Aulacoseira,Aulislandlink-600x997.png,10437232277700291641
DONA_Database,Aulacoseira,AUnivaloid_MT1245A.png,15333100910364535093
DONA_Database,Aulacoseira,gs024213_2.png,10688750733419446259
DONA_Database,Aulacoseira,GS135190crass3a.png,16001150364325290740
DONA_Database,Aulacoseira,GS113589_07.png,17585249626777363093
DONA_Database,Aulacoseira,GC113160a_39b.png,14202803075480493621
DONA_Database,Aulacoseira,10028_LM6.png,12222160816682528044
DONA_Database,Aulacoseira,GC54240_2_typeSpec.png,13951367901881167975
DONA_Database,Aulacoseira,GS027063_04.png,16210972420007375302
DONA_Database,Aulacoseira,WACA003_03.png,10465174001992481867
DONA_Database,Aulacoseira,MT1245A_AUnivaloides13b.png,9618228849824185040
DONA_Database,Aulacoseira,AUsub_GS016061_1b.png,13301565992036651729
DONA_Database,Aulacoseira,AUherz_GC105982a_6a.png,13601822013883247460
DONA_Database,Aulacoseira,AUital_MT1233A_3a.png,15646969420401067661
DONA_Database,Aulacoseira,mt1233_05.png,15283328720513031104
DONA_Database,Aulacoseira,GC107065b_18c.png,18428483588619681898
DONA_Database,Aulacoseira,AUpus_GS024261_2a.png,15602342474169673664
DONA_Database,Aulacoseira,Aulcana5.png,14673348543515849525
DONA_Database,Aulacoseira,GC62434_AUgran2b.png,9930566859836518987
DONA_Database,Aulacoseira,GC113175a_AUhum_1a.png,11498713335996903532
DONA_Database,Aulacoseira,GC112912b_valida_4a_2.png,14540842066395649095
DONA_Database,Aulacoseira,AUnivalis_MT1538AREAL_08_2.png,10751307130403844040
DONA_Database,Aulacoseira,GC112912b_valida_1a.png,15745206145948776178
DONA_Database,Aulacoseira,AUsub_GS016061_2a.png,12650014062658247883
DONA_Database,Aulacoseira,GC54240_1b_typeSpec.png,16114126674338480927
DONA_Database,Aulacoseira,GC112912b_valida_5a_2.png,14965796644641294301
DONA_Database,Aulacoseira,MT1245A_AUnivaloides13a.png,12570339500228814043
DONA_Database,Aulacoseira,10028_LM5.png,9959074854479841997
DONA_Database,Aulacoseira,GC113160a_39a.png,14921120652875141741
DONA_Database,Aulacoseira,mt1233_02.png,17622654637428125571
DONA_Database,Aulacoseira,AUital_MT1233A_2.png,16085345156333266139
DONA_Database,Aulacoseira,GC113175a_AUhum_1b.png,10732200422365846282
DONA_Database,Aulacoseira,GSL00897_1a.png,9884757771117015794
DONA_Database,Aulacoseira,WACA22_AUlir1a.png,9613912540575024007
DONA_Database,Aulacoseira,gs135190-3-1_crass.png,16921313719818152131
DONA_Database,Aulacoseira,nls147_05.png,15040451095527810451
DONA_Database,Aulacoseira,WACA22_AUlir1b.png,10312806415910340033
DONA_Database,Aulacoseira,GC113173a_AUhum_1a.png,15790852376425894851
DONA_Database,Aulacoseira,NLS00267AUlir1a.png,15999667764066592150
DONA_Database,Aulacoseira,WACA22_AUlir2b.png,9986492250203734889
DONA_Database,Aulacoseira,AUamb_GSL00330_1b.png,9739436163740613073
DONA_Database,Aulacoseira,MT1245A_AUnivaloides17b.png,15736884622259750354
DONA_Database,Aulacoseira,GC54141_19a.png,18279539249676199682
DONA_Database,Aulacoseira,MO000292_3a.png,17378346918648946121
DONA_Database,Aulacoseira,GC113175a_AUhum_4.png,15044045428933895015
DONA_Database,Aulacoseira,Aulcana_SEM.png,10308473568063949327
DONA_Database,Aulacoseira,MarkEdlund_Aambigua1a.png,18348655909664661801
DONA_Database,Aulacoseira,AUambig_GS113962_1.png,9298277776150003312
DONA_Database,Aulacoseira,AUsubarct_GS020101_009.png,9536704984285133309
DONA_Database,Aulacoseira,NLS00267_11.png,15363293861630184422
DONA_Database,Aulacoseira,GSN97387_AUtenell020.png,15304650519817893042
DONA_Database,Aulacoseira,nls00244_06.png,15289521672512618448
DONA_Database,Aulacoseira,AUpus_GS024261_2b.png,15754477662208599512
DONA_Database,Aulacoseira,GS97387_3.png,11333985378728364453
DONA_Database,Aulacoseira,GC113175a_AUhum_2a.png,15879695958963682264
DONA_Database,Aulacoseira,GS113589_04.png,12975454255154290226
DONA_Database,Aulacoseira,nls118_04.png,9625694745845721456
DONA_Database,Aulacoseira,an0686-2crassip.png,15080438038314035713
DONA_Database,Aulacoseira,GSN97387_006a.png,15005464828352752521
DONA_Database,Aulacoseira,AUpus_GS024261_1b.png,15010285562227822188
DONA_Database,Aulacoseira,AUgranAng_NLS477_02.png,10182189276700952231
DONA_Database,Aulacoseira,GS020091AUnyg6b.png,15044703195643103336
DONA_Database,Aulacoseira,AUislandica-3.png,15832655868833751498
DONA_Database,Aulacoseira,AUnivalis_MT1538AREAL_07.png,15003533522218007920
DONA_Database,Aulacoseira,AUherz_GC105982a_3b.png,9648217120180612413
DONA_Database,Aulacoseira,mt1233_07.png,13101088183866325578
DONA_Database,Aulacoseira,AUherz_GC105982a_9a.png,11865253497025311213
DONA_Database,Aulacoseira,NJ000195_1a.png,10067428565990822764
DONA_Database,Aulacoseira,AUpus_GSN97387_2b.png,11946460468840004604
DONA_Database,Aulacoseira,GS97387_18.png,14165864246003904360
DONA_Database,Aulacoseira,AUpus_GSN97387_2a.png,16747393905711175053
DONA_Database,Aulacoseira,10028_SEM3.png,13077118700940643240
DONA_Database,Aulacoseira,WACA22_AUlir3.png,11478105612579295856
DONA_Database,Aulacoseira,Aulcana7_vv.png,10660632594645947035
DONA_Database,Aulacoseira,GS113589_8.png,11623253171378616373
DONA_Database,Aulacoseira,Aulcana3.png,16105966142259429504
DONA_Database,Aulacoseira,MarkEdlund_Aambigua2a.png,18421346276996190339
DONA_Database,Aulacoseira,GS135190crass2a.png,16121446258048017667
DONA_Database,Aulacoseira,NLS00267AUlir1b.png,16080157715194356626
DONA_Database,Aulacoseira,GSN97387_1a.png,14925474911304271165
DONA_Database,Aulacoseira,AUpus_GS024261_1a.png,15339624398716503839
DONA_Database,Aulacoseira,MT1245A_Aunivaloides5.png,13843871603433488071
DONA_Database,Aulacoseira,GSN97387_003.png,16164872867173731717
DONA_Database,Aulacoseira,AUital_MT1233A_1.png,11126277870365074893
DONA_Database,Aulacoseira,nls118_02.png,15351242993485622127
DONA_Database,Aulacoseira,GSN97387_1b.png,16000060068124263642
DONA_Database,Aulacoseira,GSL00374_006_1.png,14150075631522971552
DONA_Database,Aulacoseira,GSN97387_AUten023.png,10709361491404738156
DONA_Database,Aulacoseira,GS113589_05.png,17723124006737423137
DONA_Database,Aulacoseira,10028_LM7.png,16037988802607616546
DONA_Database,Aulacoseira,MO000292_8a.png,10032402028620450154
DONA_Database,Aulacoseira,10028_SEM1.png,15048578194320338327
DONA_Database,Aulacoseira,GS113589_01.png,13852799208499739745
DONA_Database,Aulacoseira,GC112912b_valida_4b_2.png,14673065637962658926
DONA_Database,Aulacoseira,MO000292_8b.png,17272576966616264810
DONA_Database,Aulacoseira,GC62434_AUgran2a.png,10078621593748140131
DONA_Database,Aulacoseira,Aulcana2.png,10027885059782661339
DONA_Database,Aulacoseira,GS020101_016.png,13843818062993767120
DONA_Database,Aulacoseira,GSN00864_1b.png,12657226637752587066
DONA_Database,Aulacoseira,GS135190crass3b.png,16072117261520347365
DONA_Database,Aulacoseira,Aulcana1.png,10051666293700089120
DONA_Database,Aulacoseira,GS113589_08.png,15309475703810628394
DONA_Database,Aulacoseira,NLS00267AUlir2.png,14216274393837890982
DONA_Database,Aulacoseira,WACA003_06.png,10469206394936519009
DONA_Database,Aulacoseira,GC113233b_22a.png,15570956607578193136
DONA_Database,Aulacoseira,GC112912b_valida_2a_2.png,14670241341843370117
DONA_Database,Aulacoseira,GC62434_AUgran4b_1.png,18198905911362404159
DONA_Database,Aulacoseira,AUsub_NLS00261_3b.png,10349536560125301309
DONA_Database,Aulacoseira,GS113589_6.png,14677500383700329533
DONA_Database,Aulacoseira,10028_LM1.png,10366901043738031304
DONA_Database,Aulacoseira,GS024173_1a.png,9475279782597573296
DONA_Database,Aulacoseira,MO000292_1a.png,16061077165232064076
DONA_Database,Aulacoseira,mt1233_04.png,14721223618968638826
DONA_Database,Aulacoseira,GC112912b_valida_5b_2.png,18203593415568870128
DONA_Database,Aulacoseira,GS020091AUnyg6a.png,17351688550175598624
DONA_Database,Aulacoseira,AUsub_NLS00261_3a.png,12142783786830750585
DONA_Database,Aulacoseira,AUherz_GC105982a_7a.png,12938380912988602712
DONA_Database,Aulacoseira,AUamb_GSN01072_1a.png,17876285873606438238
DONA_Database,Aulacoseira,MO000292_4b.png,15470046313010834810
DONA_Database,Aulacoseira,GC62442_AUgran3b.png,14068434067853059402
DONA_Database,Aulacoseira,10028_LM2.png,16022309405289714721
DONA_Database,Aulacoseira,GSN97387_5a.png,14239879308356993340
DONA_Database,Aulacoseira,GSN00864_1a.png,17070196864203670426
DONA_Database,Aulacoseira,GS020101_011.png,14394473319817471968
DONA_Database,Aulacoseira,GS113589_1b.png,16096613376841408658
DONA_Database,Aulacoseira,AUamb_GSN01072_1b.png,11865114548518925014
DONA_Database,Aulacoseira,Aulcana6.png,10033584950734279437
DONA_Database,Aulacoseira,10028_SEM4-600x688.png,10706639379876556346
DONA_Database,Aulacoseira,nls118_01.png,10694723629228911226
DONA_Database,Aulacoseira,nls118_03.png,17679454549312105409
DONA_Database,Aulacoseira,MarkEdlund_Aambigua2b.png,10058496003591622866
DONA_Database,Aulacoseira,AUsub_GS016061_2b.png,18169071082376078170
DONA_Database,Aulacoseira,GSN97387_013.png,10392702586146208972
DONA_Database,Aulacoseira,GSN97387_007.png,10901567158503659242
DONA_Database,Aulacoseira,GS113589_09.png,15330412312582647659
DONA_Database,Aulacoseira,AUislandica_1b.png,15792104283336721332
DONA_Database,Aulacoseira,GC113160a_38a.png,18012155445883726599
DONA_Database,Aulacoseira,NJ000195_1b.png,10358508678265162511
DONA_Database,Aulacoseira,AUamb_GSL00374_022.png,14136622003618519387
DONA_Database,Aulacoseira,10028_LM3.png,15462446798786740014
DONA_Database,Aulacoseira,WACA22_01.png,9260050091438189492
DONA_Database,Aulacoseira,WACA003_07.png,10774108935946791280
DONA_Database,Aulacoseira,AUital_MT1233A_4a.png,13720276985986691381
DONA_Database,Aulacoseira,AUislandica-8.png,17260732241669229512
DONA_Database,Aulacoseira,AUherz_GC105982a_1a.png,12495890780984421763
DONA_Database,Aulacoseira,AUnivaloid_MT1245_03.png,15297331817203645904
DONA_Database,Aulacoseira,MarkEdlund_Aambigua1b.png,10283372850133513576
DONA_Database,Aulacoseira,AUherz_GC105982a_1b.png,12010353734432662665
DONA_Database,Aulacoseira,GC107065b_4a.png,15242154423078840651
DONA_Database,Aulacoseira,AUital_MT1233A_3b.png,15810785587473757334
DONA_Database,Cymbella,Cymbella_alpestris_3_431401.png,10586402008050667102
DONA_Database,Cymbella,Cymbella_neocistula_islandica2.png,12271997603772079887
DONA_Database,Cymbella,GS001343_CYsubturg_5_copy.png,16510972458260617414
DONA_Database,Cymbella,Cymbella_affiniformis8.png,15431832028821200847
DONA_Database,Cymbella,Cymbella_stigmaphora1.png,13466583018563014285
DONA_Database,Cymbella,Cymbella_mexicana_kamtschatica1.png,10532078051556888376
DONA_Database,Cymbella,Cymbella_vulgata3.png,12286941901941475102
DONA_Database,Cymbella,GS009123_GC100325_10.png,15900733726287478262
DONA_Database,Cymbella,1GC53660a_copy.png,18215619181265391284
DONA_Database,Cymbella,Cymbellacosleyi0.png,16004633572067581543
DONA_Database,Cymbella,Cymbeamplificata3.png,10552616506245304092
DONA_Database,Cymbella,Cymbella_stigmaphora2.png,13433921621925993566
DONA_Database,Cymbella,Cymbella-fontinalis-4923-3rev.png,14199528271458278982
DONA_Database,Cymbella,Cymbella_perfossilis_6_466001.png,14009411759564590879
DONA_Database,Cymbella,Cymbellacosleyi4.png,15437461219252051655
DONA_Database,Cymbella,Cymbella_alpestris_5_431401.png,16009136656296885446
DONA_Database,Cymbella,Cymbella_alpestris_0.25_086001.png,15148275401663549379
DONA_Database,Cymbella,Cymbella_maggiana_409801_3.png,18318920594357427906
DONA_Database,Cymbella,Cymbella_perfossilis_3_274201.png,16873546208840236760
DONA_Database,Cymbella,NCPA0225_CYexcisiform_7.png,12801866834033829793
DONA_Database,Cymbella,GC1909_CymbellaProxima_NotType_4copy.png,9995033090836038428
DONA_Database,Cymbella,Cymbella_parva_404501_1.png,12297919542269661012
DONA_Database,Cymbella,Cymbella_subleptoceros7.png,15711336669931114459
DONA_Database,Cymbella,NCPA0225_CYexcisiform_2.png,15999813101703699475
DONA_Database,Cymbella,Cymbellacosleyi5.png,9433629795969077084
DONA_Database,Cymbella,Cymbellacosleyi_SEM_internal_scale5mu.png,10432042721504744368
DONA_Database,Cymbella,NRSA0519_GC112431b_4_copy.png,17596341341764525542
DONA_Database,Cymbella,Cymbella_stigmaphora3.png,12833426550470758215
DONA_Database,Cymbella,Cymbopleura_citriformis_1.png,15494469604331699918
DONA_Database,Cymbella,Cymbella_neocistula_islandica4.png,13996464134257020616
DONA_Database,Cymbella,GC1909_CymbellaProxima_holotype_bcopy.png,12274092518898623330
DONA_Database,Cymbella,Cymbella_compacta4.png,14892121318802669351
DONA_Database,Cymbella,Cymbella_affiniformis7.png,15288246225663500231
DONA_Database,Cymbella,Cymbella_hantzschiana_4_336301.png,15468444529009434531
DONA_Database,Cymbella,Cymbella_hantzschiana_7_400501.png,15432675356387221063
DONA_Database,Cymbella,Cymbella-fontinalis-4923-5-holotype_rev.png,15434390594459373383
DONA_Database,Cymbella,Cymbella_subleptoceros5.png,15756382024932265795
DONA_Database,Cymbella,Cymbella_neoleptoceros6.png,15431576787472228166
DONA_Database,Cymbella,GS009123_GC100325_5.png,16008854638008769735
DONA_Database,Cymbella,Cymbella_neoleptoceros3.png,15839852327891388080
DONA_Database,Cymbella,Cymbella_subleptoceros4.png,11234638603446603612
DONA_Database,Cymbella,26-Lazy_Lagoon.png,17470273779991256639
DONA_Database,Cymbella,NRSA0519_GC112431b_6_copy.png,16227189031816389390
DONA_Database,Cymbella,GS001343_CYsubturg_6_copy.png,16351107454444189326
DONA_Database,Cymbella,Cymbella_stigmaphora8.png,15720906661292052423
DONA_Database,Cymbella,Cymbella-rumrichae-409901.png,15437196550314430403
DONA_Database,Cymbella,gs198429_05.png,13864401130980124315
DONA_Database,Cymbella,Cymbella_neocistula_L-4-33_3.png,16990643960876339018
DONA_Database,Cymbella,Cymbella_hustedtii6.png,10046402224669787991
DONA_Database,Cymbella,1-Grove_Lake.png,15709932156492943224
DONA_Database,Cymbella,Cymbella_laevis_453001_2.png,15760894420652662529
DONA_Database,Cymbella,Cymbella_affiniformis4.png,16044883394225970382
DONA_Database,Cymbella,ncpa0225_09.png,13862147407927332531
DONA_Database,Cymbella,Cymbella_neoleptoceros1.png,16036159323507859046
DONA_Database,Cymbella,NCPA0317_CYprox_3copy.png,14014776655817851652
DONA_Database,Cymbella,Cymbopleura_citriformis_4.png,15135166206391459459
DONA_Database,Cymbella,Cymbella_mexicana_kamtschatica2.png,15366256091264683726
DONA_Database,Cymbella,20-Grove_Lake.png,15376108461640949344
DONA_Database,Cymbella,Cymbella_mexicana_kamtschatica6.png,15195285514628219719
DONA_Database,Cymbella,Cymbella_neocistula_L-4-33_6.png,17486287320854404225
DONA_Database,Cymbella,Cymbella_neocistula_islandica3.png,15457274766686223608
DONA_Database,Cymbella,Cymbella_parva_404501_3.png,15432676419391659719
DONA_Database,Cymbella,Cymbella_rumrichae4.png,9432363646019127119
DONA_Database,Cymbella,Cymbella_laevis_453001_7.png,15756372530940718914
DONA_Database,Cymbella,Cymbella_compacta6.png,15413924338912362032
DONA_Database,Cymbella,Cymbella_mexicana_kamtschatica3.png,11726368459967694794
DONA_Database,Cymbella,Cymbella_hantzschiana_6_419501.png,15144330503182700359
DONA_Database,Cymbella,GS009123_GC100325_9.png,9415335251730630586
DONA_Database,Cymbella,Cymbellacosleyi_SEM_external_scale5mu.png,10745029236570797040
DONA_Database,Cymbella,gs021041_03.png,13877067544355368045
DONA_Database,Cymbella,NCPA0225_CYexcisiform_5.png,12369686244110798799
DONA_Database,Cymbella,GS009223_02.png,13879882314640729701
DONA_Database,Cymbella,Cymbella_neocistula_L-4-33_2.png,16907287191008361713
DONA_Database,Cymbella,Cymbella_compacta7.png,11740458212645603149
DONA_Database,Cymbella,GSN17706_CYtrop1_copy.png,18314136085627177985
DONA_Database,Cymbella,Cymbellacosleyi6.png,15738656906996321365
DONA_Database,Cymbella,Cymbella_alpestris_1_431401.png,15720928278970764866
DONA_Database,Cymbella,Cymbella_neocistula_islandica1.png,12329857803311239111
DONA_Database,Cymbella,Cymbella_cymbiformis_439301_4.png,12293542990499815024
DONA_Database,Cymbella,Cymbella_maggiana_409801_5.png,14270493221470703435
DONA_Database,Cymbella,Cymbella_lanceolata3.png,11177617828505656446
DONA_Database,Cymbella,NRSA0519_GC112431b_1_copy.png,17126295691705399432
DONA_Database,Cymbella,Cymbella_alpestris_0.5_055301.png,15144187142611242567
DONA_Database,Cymbella,Cymbella-rumrichae-4546-2.png,16010086651533597891
DONA_Database,Cymbella,Cymbella_blinnii4.png,16009136553219824846
DONA_Database,Cymbella,Cymbella-rumrichae-013601.png,15199349705362312991
DONA_Database,Cymbella,Cymbella_neoleptoceros5.png,11172714980524445682
DONA_Database,Cymbella,Cymbella_laevis_453001_6.png,15720906716053770193
DONA_Database,Cymbella,Cymbella_neocistula_L-4-33_1.png,16406020582455508495
DONA_Database,Cymbella,Cymbella_aspera4.png,10822828567519305411
DONA_Database,Cymbella,gs198429_07.png,13864963771805284248
DONA_Database,Cymbella,NCPA0225_CYproxima_2copy.png,12259480144132099909
DONA_Database,Cymbella,Cymbella_vulgata7.png,15432281179322191586
DONA_Database,Cymbella,Cymbella_vulgata5.png,16898061856868437553
DONA_Database,Cymbella,Cymbella_cymbiformis_439301_1.png,12322944772157787939
DONA_Database,Cymbella,GS100443_GC106117_1_1.png,10027815303289032632
DONA_Database,Cymbella,Cymbella_hantzschiana_5_336301.png,15432553334219738759
DONA_Database,Cymbella,Cymbeamplificata4.png,10524749846289041334
DONA_Database,Cymbella,Cymbella_hustedtii4.png,10586411424181061447
DONA_Database,Cymbella,Cymbella_cymbiformis_439301_3.png,16026905765067831454
DONA_Database,Cymbella,GSN17706_05.png,13877067544607016303
DONA_Database,Cymbella,Cymbella_stigmaphora4_072701.png,11721455350335508056
DONA_Database,Cymbella,Cymbella_blinnii7.png,16006322980281945799
DONA_Database,Cymbella,gs198429_06.png,9279935447375236191
DONA_Database,Cymbella,GS009123_GC100325_8.png,10638978149809873758
DONA_Database,Cymbella,Cymbella_lanceolata1.png,12336872801412807782
DONA_Database,Cymbella,Cymbella_laevis_453001_3.png,15721487382746337090
DONA_Database,Cymbella,Cymbella-fontinalis-4923-7rev.png,15292809521893936971
DONA_Database,Cymbella,GS001343_CYsubturg_9_copy.png,14135196108445547463
DONA_Database,Cymbella,Cymbella_vulgata1.png,16012233920425008712
DONA_Database,Cymbella,Cymbeamplificata6.png,10948862632514840569
DONA_Database,Cymbella,Cymbella_hantzschiana_3_336301.png,15720906881444024013
DONA_Database,Cymbella,GSN00414_GC105255_CYtrop6_copy.png,13051746676254909390
DONA_Database,Cymbella,Cymbella_rumrichae6.png,9407558437406861304
DONA_Database,Cymbella,9-Grove_Lake.png,15391589087141994055
DONA_Database,Cymbella,Cymbella_compacta5.png,15907068228604148977
DONA_Database,Cymbella,Cymbella_maggiana_409801_2.png,15432254760985763463
DONA_Database,Cymbella,Cymbella_aspera5.png,12278770580403162701
DONA_Database,Cymbella,Cymbella_maggiana_409801_6.png,15437742419216535239
DONA_Database,Cymbella,Cymbella_laevis_453001_4.png,10064978191271905090
DONA_Database,Cymbella,Yellowstone8_7-8cm.png,12347449631815049144
DONA_Database,Cymbella,Cymbella-fontinalis-4923-1rev.png,10549951024400748121
DONA_Database,Cymbella,Cymbella_perfossilis_1_274201.png,12336457119411871526
DONA_Database,Cymbella,Cymbella_blinnii6.png,15720646245580152655
DONA_Database,Cymbella,GS001393_01.png,14239607334876939877
DONA_Database,Cymbella,Cymbella_hustedtii7.png,15716121486830014407
DONA_Database,Cymbella,Cymbella_fontinalis_SEM_ExternalEnd5microns.png,13880146600873270134
DONA_Database,Cymbella,NRSA0519_GC112431b_8_copy.png,11794589005101130022
DONA_Database,Cymbella,GSN00414_GC105255_CYtrop5_copy.png,17577017204286057308
DONA_Database,Cymbella,ncpa0225_06.png,13862147406853596859
DONA_Database,Cymbella,Cymbella_subleptoceros3.png,15430988153647861667
DONA_Database,Cymbella,Cymbella_maggiana_409801_7.png,15433264739108048848
DONA_Database,Cymbella,Cymbella_parva_404501_4.png,12279905002026651528
DONA_Database,Cymbella,Cymbella_cymbiformis_439301_5.png,12261891008897290183
DONA_Database,Cymbella,GC1909_CymbellaProxima_NotType_5bcopy.png,17741624214208843342
DONA_Database,Cymbella,Cymbella_perfossilis_5_465801.png,14855644404159257926
DONA_Database,Cymbella,Cymbella_mexicana_kamtschatica5.png,15360363231782768078
DONA_Database,Cymbella,Cymbella_stigmaphora5.png,12297075625206728460
DONA_Database,Cymbella,Cymbella_neocistula_islandica7.png,9367906821248141299
DONA_Database,Cymbella,Cymbopleura_citriformis_5.png,11180596133238951891
DONA_Database,Cymbella,NCPA0317_CYprox_4copy.png,16959103297559693284
DONA_Database,Cymbella,Cymbella_affiniformis6.png,15436907374461423555
DONA_Database,Cymbella,GSN00414_GC105255_CYtrop1_copy.png,18161543114344446177
DONA_Database,Cymbella,Cymbella_hustedtii1.png,15430714349456658127
DONA_Database,Cymbella,janischii_004.png,16605749833698936021
DONA_Database,Cymbella,Cymbella_hustedtii3.png,15435799075330461635
DONA_Database,Cymbella,GS001343_CYsubturg_3_copy.png,11631125258993230809
DONA_Database,Cymbella,Cymbella_affiniformis3.png,16008819451497651909
DONA_Database,Cymbella,Cymbella_blinnii1.png,15726218806808304835
DONA_Database,Cymbella,Cymbella_subleptoceros6.png,15710211296192601742
DONA_Database,Cymbella,Cymbella_stigmaphora7.png,15148668212962430915
DONA_Database,Cymbella,Cymbella_neocistula_L-4-33_5.png,14673278432731762375
DONA_Database,Cymbella,Cymbella-fontinalis-4923-2rev.png,13126705262214647668
DONA_Database,Cymbella,Cymbopleura_citriformis_2.png,10019240046222183299
DONA_Database,Cymbella,Cymbella_compacta3.png,9708486973765718000
DONA_Database,Cymbella,Cymbella_alpestris_2_431401.png,15430869436453621445
DONA_Database,Cymbella,Cymbella-rumrichae-4546-1.png,11721317757475899282
DONA_Database,Cymbella,Cymbella_parva_404501_2.png,15725418675867492035
DONA_Database,Cymbella,Cymbella_vulgata2.png,15768774678507458360
DONA_Database,Cymbella,Cymbellacosleyi3.png,16008872741296315462
DONA_Database,Cymbella,GS001393_05.png,15363282813796972145
DONA_Database,Cymbella,Cymbella_perfossilis_7_466001.png,10817780342348570510
DONA_Database,Cymbella,GC1909_CymbellaProxima_NotType_6copy.png,15436911466442231522
DONA_Database,Cymbella,GS001393_06.png,10499131314294680137
DONA_Database,Cymbella,Cymbella_fontinalis_SEM_InternalMIddle1micron.png,15788604502492509017
DONA_Database,Cymbella,Cymbopleura_citriformis_3.png,15485884467118218874
DONA_Database,Cymbella,6-Grove_Lake.png,15421993356006919738
DONA_Database,Cymbella,Cymbeamplificata5.png,15432491990207516231
DONA_Database,Cymbella,Cymbella_aspera1.png,11149334270540439364
DONA_Database,Cymbella,GC1909_CymbellaProxima_NotType_7copy.png,10009529047841670044
DONA_Database,Cymbella,Cymbella_mexicana_kamtschatica7.png,11149080038466588423
DONA_Database,Cymbella,NRSA0519_GC112431b_5_copy.png,16495219535031049500
DONA_Database,Cymbella,Cymbella_parva_404501_6.png,15436054119112215631
DONA_Database,Cymbella,Cymbella_neocistula_islandica6.png,10866596627122851449
DONA_Database,Cymbella,GS001343_CYsubturg_4_copy.png,17594377620435352215
DONA_Database,Cymbella,Cymbella_cymbiformis_439301_2.png,12387824659778309933
DONA_Database,Cymbella,Cymbellacosleyi2.png,15738639588079930446
DONA_Database,Cymbella,GSN17706_13.png,10759762151478225365
DONA_Database,Cymbella,Cymbeamplificata1.png,15191270906184671058
DONA_Database,Cymbella,Cymbella_maggiana_409801_4.png,18349179738471472718
DONA_Database,Cymbella,Cymbella_perfossilis_2_274201.png,12322399252233379640
DONA_Database,Cymbella,GC1909_CymbellaProxima_NotType_3copy.png,12369827564612390557
DONA_Database,Cymbella,IH020794_02.png,15390274574493049959
DONA_Database,Cymbella,Cymbella_vulgata4.png,13701622913397002178
DONA_Database,Cymbella,Cymbella_compacta2.png,12843550028835802948
DONA_Database,Cymbella,GS001343_CYsubturg_8_copy.png,16278908129277010868
DONA_Database,Cymbella,NCPA0225_CYproxima_1copy.png,15765089136999718065
DONA_Database,Cymbella,Cymbella_lanceolata4.png,11505400620706258574
DONA_Database,Cymbella,Cymbella_neoleptoceros4.png,16010262770955652720
DONA_Database,Cymbella,Cymbella_compacta1.png,12000255960336191348
DONA_Database,Cymbella,Cymbella_blinnii3.png,18027839970533915854
DONA_Database,Cymbella,GSN00414_GC105255_CYtrop2_copy.png,16060048507274181688
DONA_Database,Cymbella,GS100443_GC106117_4_1.png,15719498912242961603
DONA_Database,Cymbella,Cymbella_aspera2.png,12298737720120381265
DONA_Database,Cymbella,Cymbopleura_citriformis_6.png,15252000159455383384
DONA_Database,Cymbella,NRSA0519_GC112431b_7_copy.png,17791683376686537776
DONA_Database,Cymbella,janischii_005.png,15359561297088079410
DONA_Database,Cymbella,Cymbella-rumrichae-076101.png,15763003751535365973
DONA_Database,Cymbella,janischii_002.png,10816094027551690599
DONA_Database,Cymbella,GS009123_GC100325_7.png,11721494299942086446
DONA_Database,Cymbella,Cymbella_blinnii5.png,14660048028709621583
DONA_Database,Cymbella,NCPA0317_10.png,10578241226235131188
DONA_Database,Cymbella,GC1909_CymbellaProxima_NotType_1copy.png,9948272057858974503
DONA_Database,Cymbella,NCPA0317_09.png,11017908389889455223
DONA_Database,Cymbella,Cymbeamplificata7.png,10809534094763937736
DONA_Database,Cymbella,Cymbella-fontinalis-4923-4rev.png,15349386859861974776
DONA_Database,Cymbella,Cymbella_fontinalis_SEM_InternalEnd1micron.png,13108310192046301372
DONA_Database,Cymbella,GSN00414_GC105255_CYtrop4_copy.png,17127123002272585923
DONA_Database,Cymbella,Cymbella-fontinalis-4923-6rev.png,9677805266605789011
DONA_Database,Cymbella,Cymbella_vulgata6.png,12266099151348141798
DONA_Database,Cymbella,Cymbella_neocistula_L-4-33_4.png,15756336582199999676
DONA_Database,Cymbella,GS009123_GC100325_3.png,16044602883611171986
DONA_Database,Cymbella,NCPA0225_CYexcisiform_4.png,12351953529423105547
DONA_Database,Cymbella,Cymbella_laevis_453001_1.png,15755255066314809182
DONA_Database,Cymbella,GS009123_GC100325_6.png,11721283479317858251
DONA_Database,Cymbella,GS001393_02.png,13879880082348265036
DONA_Database,Cymbella,NCPA0225_CYexcisiform_6.png,10056112375074932656
DONA_Database,Cymbella,Cymbella_laevis_453001_5.png,14676093563159873360
DONA_Database,Cymbella,Cymbella_lanceolata6.png,12334785518078398253
DONA_Database,Cymbella,Cymbella_affiniformis5.png,15432684700054855623
DONA_Database,Cymbella,Cymbella_maggiana_409801_1.png,18313115924577893967
DONA_Database,Cymbella,Cymbella_subleptoceros1.png,11217891153197239875
DONA_Database,Cymbella,Cymbella_parva_404501_5.png,10926705712847474343
DONA_Database,Cymbella,GSN00414_GC105255_CYtrop3_copy.png,16621063867671125368
DONA_Database,Cymbella,Cymbella_aspera3.png,15426764860773473997
DONA_Database,Cymbella,Cymbeamplificata2.png,15145171231229169283
DONA_Database,Cymbella,janischii_001.png,10874778582814526664
DONA_Database,Cymbella,Cymbella_neocistula_islandica5.png,15485875310177521214
DONA_Database,Cymbella,Cymbella_hantzschiana_2_336301.png,15432675354240655047
DONA_Database,Cymbella,11-Grove_Lake.png,15370478820372811313
DONA_Database,Cymbella,Cymbellacosleyi1.png,15756956211535187750
DONA_Database,Cymbella,Cymbella_perfossilis_4_274201.png,18073759976203198094
DONA_Database,Cymbella,Cymbella_mexicana_kamtschatica4.png,15397360788801134421
DONA_Database,Cymbella,janischii_003.png,14597830223039335968
DONA_Database,Cymbella,Cymbella_stigmaphora6.png,15722596132849097934
DONA_Database,Cymbella,GS001343_CYsubturg_1_copy.png,16333040522564650652
DONA_Database,Cymbella,Cymbella_subleptoceros2.png,15747928294489165676
DONA_Database,Cymbella,NCPA0317_CYprox_1copy.png,15423396584211128006
DONA_Database,Cymbella,Cymbella_neoleptoceros7.png,15430433880040081345
DONA_Database,Cymbella,NCPA0317_CYprox_2copy.png,16921288699856586513
DONA_Database,Cymbella,gs198429_04.png,9286571155289240447
DONA_Database,Cymbella,Cymbella_hantzschiana_1_336301.png,11163144512422153807
DONA_Database,Cymbella,Cymbella_hustedtii2.png,15484749719579164216
DONA_Database,Cymbella,Cymbella_lanceolata5.png,15736263749614132474
DONA_Database,Cymbella,Cymbella_alpestris_0_400501.png,14639360674424262471
DONA_Database,Cymbella,Cymbella_sp.493501_2.png,11762975766535884724
DONA_Database,Cymbella,Cymbella_affiniformis1.png,16045165556397383374
DONA_Database,Cymbella,Cymbella_affiniformis2.png,15432403225111699399
DONA_Database,Cymbella,Cymbella_hustedtii5.png,15139968872661126979
DONA_Database,Cymbella,Cymbella_fontinalis_SEM_ExternalMiddle5microns.png,11708938868131920772
DONA_Database,Cymbella,GSN17706_11.png,10327102971374799360
DONA_Database,Cymbella,Cymbella_parva_404501_7.png,15725973381631282371
DONA_Database,Pinnularia,GC106339_GS108490_4.png,18027329731346903372
DONA_Database,Pinnularia,Pinnularia_rabenhorstii2.png,9695541402849321117
DONA_Database,Pinnularia,Pdivergent6.png,10304716220149846770
DONA_Database,Pinnularia,Pinnularia-brauniana-SEM_10u_ME-10011_041918_Mix_002-b.png,9969907158781809547
DONA_Database,Pinnularia,Pinnularia_rhombarea5.png,16013507932716017106
DONA_Database,Pinnularia,Pinnularia_borealis_lanceolata6.png,10046472594757342007
DONA_Database,Pinnularia,Pinnularia_borealis3.png,14673287471275585686
DONA_Database,Pinnularia,Pinnularia_acrosphaeria2.png,9479616423353666780
DONA_Database,Pinnularia,Pinnularia-cuneicephala-ME10038_100917_079_c.png,12481078412176841884
DONA_Database,Pinnularia,Pinnularia_brebissonii5.png,16012662959103092630
DONA_Database,Pinnularia,PIturfosiphila-3.png,10013520993721872594
DONA_Database,Pinnularia,Pinnularia_gigas6.png,14598540691929670824
DONA_Database,Pinnularia,Pinnularia-formica-CT10021_A_121917_01.png,17007409519575807049
DONA_Database,Pinnularia,Pinnularia_borealis7.png,15801703026021655736
DONA_Database,Pinnularia,Pinnularia_suchlandtii8.png,9947252143430510005
DONA_Database,Pinnularia,Pinnularia_rhombarea7.png,10061390763165102174
DONA_Database,Pinnularia,Pinnularia-scotica-cthp001_c_040518_01_c.png,17521391356187359381
DONA_Database,Pinnularia,Pinnularia_gigas5.png,10663802407012032521
DONA_Database,Pinnularia,474_gray.png,17128720481072613195
DONA_Database,Pinnularia,Pinnularia_lata_506401_17518.png,10605763998463767823
DONA_Database,Pinnularia,Pinnularia-cuneicephala-CT10005_A_121917_01_c.png,16946470053373195410
DONA_Database,Pinnularia,pinnularia_streptoraphe3.png,15709097551543969072
DONA_Database,Pinnularia,Pinnularia-formica-SEM_5u_ME-10011unfiltered_041918_Mix_010.png,11510124681451078853
DONA_Database,Pinnularia,Pinnularia_microstauron4.png,15471404568472592722
DONA_Database,Pinnularia,Pinnularia_borealis_lanceolata3.png,15537973037428528562
DONA_Database,Pinnularia,Pinnularia_suchlandtii6.png,14004010700820574439
DONA_Database,Pinnularia,Pinnularia-brauniana-SEM_10u_ME-10011_041918_Mix_001-b.png,10323492278170838456
DONA_Database,Pinnularia,Pinnularia-cuneicephala-ME10038_100917_159_c.png,12332532398382822618
DONA_Database,Pinnularia,651_gray.png,12481188148153189232
DONA_Database,Pinnularia,Pinnularia_suchlandtii7.png,9470295201914581104
DONA_Database,Pinnularia,Pinnularia-formica-SEM_10u_ME-10011unfiltered_041918_Mix_009.png,11373330775509891040
DONA_Database,Pinnularia,Pinnularia-formica-NJ10025_A_120117_18.png,13589106826134809887
DONA_Database,Pinnularia,Pinnularia_nodosa_percapitata2.png,12372078814989509492
DONA_Database,Pinnularia,Pinnpoly5.png,12362262975365819330
DONA_Database,Pinnularia,Pinnularia_nodosa_percapitata3.png,16009162207549499344
DONA_Database,Pinnularia,PIturfosiphila-7.png,16574240778683398463
DONA_Database,Pinnularia,Pinnularia_nodosa2.png,10059419965947196263
DONA_Database,Pinnularia,Pinnularia_lata5.png,10531438923687539832
DONA_Database,Pinnularia,Pinnularia-brauniana-ME10021_A_110317_10_c.png,16912266404090834777
DONA_Database,Pinnularia,Pinnularia_lata_506401.png,10658170850109568146
DONA_Database,Pinnularia,Pinnularia-scotica-SEM_10u_ME-10007_042618_mix_011.png,13997868426990550232
DONA_Database,Pinnularia,Pinnularia_nodosa7.png,11195664485926940719
DONA_Database,Pinnularia,Pinnularia_brebissonii6.png,14631136215487402545
DONA_Database,Pinnularia,pinnularia_streptoraphe7a.png,13764382185320412192
DONA_Database,Pinnularia,Pinnularia_rabenhorstii7.png,10259192255382282356
DONA_Database,Pinnularia,PIturfosiphila-5.png,9727540863468250381
DONA_Database,Pinnularia,Pinnularia-cuneicephala-ME10018_B_111717_01_c.png,12647779668237792402
DONA_Database,Pinnularia,Pinnpoly1.png,18063693910846409443
DONA_Database,Pinnularia,Pinnularia_borealis_lanceolata2.png,14270631918549128104
DONA_Database,Pinnularia,Pinnularia_acrosphaeria6.png,9472316356634573914
DONA_Database,Pinnularia,Pinnularia_acrosphaeria3.png,10042602351419796705
DONA_Database,Pinnularia,GC100996_GS020253_5.png,15776357711160385157
DONA_Database,Pinnularia,Pinnularia_brebissonii7.png,14099149715388511749
DONA_Database,Pinnularia,Pinnularia-scotica-CT_HP001_A_111017_10_c.png,10368751674278011416
DONA_Database,Pinnularia,411_gray.png,18373332588243239683
DONA_Database,Pinnularia,Pinnularia-cuneicephala-VT10094_A_111017_11_c.png,12647638518428382424
DONA_Database,Pinnularia,Pinnularia_rabenhorstii4.png,10030850950512799943
DONA_Database,Pinnularia,Pdivergent3.png,11208892535234789618
DONA_Database,Pinnularia,Pinnularia_acrosphaeria4.png,10063967528824432053
DONA_Database,Pinnularia,546_gray.png,18025483314186979161
DONA_Database,Pinnularia,468_gray.png,10210916871424291656
DONA_Database,Pinnularia,Pinnularia_gigas4.png,9727065498497135059
DONA_Database,Pinnularia,Pinnularia_suchlandtii4.png,15461271737767339349
DONA_Database,Pinnularia,GC100996_GS020253_1.png,10277902598608962390
DONA_Database,Pinnularia,Pdivergent5.png,10026055376796824376
DONA_Database,Pinnularia,Pinnularia_rhombarea4.png,14631769932610220081
DONA_Database,Pinnularia,Pinnularia_borealis_lanceolata1.png,9994822197516153484
DONA_Database,Pinnularia,Pinnpoly3.png,12356325087514102676
DONA_Database,Pinnularia,Pinnularia-brauniana-RI10010B_101017_65_c.png,9959143495601525577
DONA_Database,Pinnularia,Pinnularia_acrosphaeria7.png,10845927712736569723
DONA_Database,Pinnularia,pinnularia_streptoraphe5.png,11505286056160387076
DONA_Database,Pinnularia,Pinnularia_lata3.png,10893497580925888940
DONA_Database,Pinnularia,Pdivergent2.png,12387982010438063103
DONA_Database,Pinnularia,Pdivergent4.png,12662209208910312029
DONA_Database,Pinnularia,Pinnularia_borealis_lanceolata5.png,18305277708551198651
DONA_Database,Pinnularia,GC100992_GS020213_6.png,16008160372084037548
DONA_Database,Pinnularia,Pinnularia_rabenhorstii1.png,14630854950765031516
DONA_Database,Pinnularia,GC106339_GS108490_22.png,15251630639163617356
DONA_Database,Pinnularia,Pinnularia_acrosphaeria5.png,16065581426772490595
DONA_Database,Pinnularia,GC100996_GS020253_0.png,16009489351958382312
DONA_Database,Pinnularia,Pinnularia_microstauron6.png,16045052656241354032
DONA_Database,Pinnularia,Pinnularia_rabenhorstii6.png,10073212659630108981
DONA_Database,Pinnularia,Pinnularia-scotica-ME10002_A_112817_05_c.png,12666145898627733289
DONA_Database,Pinnularia,Pinnularia_borealis1.png,9948308138718212157
DONA_Database,Pinnularia,GC106339_GS108490_1.png,14620343036065757518
DONA_Database,Pinnularia,Pinnularia-scotica-ME10011_C_102617_08_c.png,10063210451801080440
DONA_Database,Pinnularia,Pinnularia_rabenhorstii5.png,15500944582591980867
DONA_Database,Pinnularia,Pinnularia-brauniana-ME10014_B_101017_01_c.png,15719238753123325729
DONA_Database,Pinnularia,Pinnularia-formica-ME10011_B_101117_78.png,17918820811432701274
DONA_Database,Pinnularia,PIturfosiphila-4.png,11518072366703898016
DONA_Database,Pinnularia,Pinnularia_nodosa4.png,11196649620637581903
DONA_Database,Pinnularia,Pinnularia-scotica-cthp001_c_040518_02_c.png,16117714832275948242
DONA_Database,Pinnularia,Pinnularia-cuneicephala-ME10010_A_102417_95.png,18375795579289137520
DONA_Database,Pinnularia,Pinnularia_gigas3.png,15485744423768633755
DONA_Database,Pinnularia,Pinnularia_borealis2.png,14611996457377231946
DONA_Database,Pinnularia,Pinnpoly4.png,12351813199151262278
DONA_Database,Pinnularia,GC100992_GS020213_10.png,10068558216425132830
DONA_Database,Pinnularia,GC100992_GS020213_17.png,12388768056567976002
DONA_Database,Pinnularia,Pinnularia_suchlandtii2.png,10625183985109923301
DONA_Database,Pinnularia,Pinnularia-brauniana-ME10020_D_041818_001_c.png,16907903456056530857
DONA_Database,Pinnularia,Pinnularia_rhombarea6.png,15432003171945095190
DONA_Database,Pinnularia,Pinnularia-formica-ME10023_A_101817_94.png,18201000549197936820
DONA_Database,Pinnularia,Pinnularia_lata_506401_17517.png,9383108399825121613
DONA_Database,Pinnularia,Pinnularia_nodosa3.png,10041405291488162631
DONA_Database,Pinnularia,Pdivergent1.png,16002125290134874092
DONA_Database,Pinnularia,GC106339_GS108490_9.png,18386649603288041297
DONA_Database,Pinnularia,Pinnularia_rhombarea3.png,9694873544351854919
DONA_Database,Pinnularia,Pinnularia-brauniana-ME-10009_D_041218_02_c.png,15710218118178723793
DONA_Database,Pinnularia,PIturfosiphila-1.png,16001263621977958248
DONA_Database,Pinnularia,Pinnularia_brebissonii3.png,9460195771135865016
DONA_Database,Pinnularia,Pinnularia_nodosa5.png,10060298942884229848
DONA_Database,Pinnularia,GC100992_GS020213_3.png,16000560073125431266
DONA_Database,Pinnularia,Pinnularia_suchlandtii1.png,15789611533524923489
DONA_Database,Pinnularia,Pinnularia_borealis4.png,9460581972321841265
DONA_Database,Pinnularia,Pinnularia2_0031.png,9567727235300962434
DONA_Database,Pinnularia,Pinnularia_brebissonii1.png,16010129671428581330
DONA_Database,Pinnularia,623_gray.png,15717950711798609246
DONA_Database,Pinnularia,Pinnularia_borealis_lanceolata4.png,10037325024768299760
DONA_Database,Pinnularia,Pinnularia_borealis5.png,14089279653044514982
DONA_Database,Pinnularia,Pinnularia-formica-ME10023_A_101817_01.png,12508308921848560662
DONA_Database,Pinnularia,Pinnularia_rabenhorstii3.png,14601141919533150314
DONA_Database,Pinnularia,Pinnularia-cuneicephala-RI10010_A_102517_46_c.png,10350807115074547866
DONA_Database,Pinnularia,Pinnularia_microstauron7.png,10281011289211020563
DONA_Database,Pinnularia,Pinnularia_acrosphaeria1.png,10025986553172098228
DONA_Database,Pinnularia,pinnularia_streptoraphe2.png,10048985148355176955
DONA_Database,Pinnularia,Pinnularia3_0032.png,10128272255762844893
DONA_Database,Pinnularia,PIturfosiphila-6.png,16078686570775848272
DONA_Database,Pinnularia,Pinnularia_lata4.png,9411748938398055708
DONA_Database,Pinnularia,Pinnpoly2.png,18310204422072089184
DONA_Database,Pinnularia,Pinnularia-scotica-cthp001_c_040518_03.png,16000990668280955739
DONA_Database,Pinnularia,Pinnularia_borealis_lanceolata7.png,10046050813968921110
DONA_Database,Pinnularia,888_gray.png,16907957713640699330
DONA_Database,Pinnularia,pinnularia_streptoraphe1.png,9944915523792333856
DONA_Database,Pinnularia,Pinnularia_nodosa_percapitata1.png,12346676291540713222
DONA_Database,Pinnularia,Pinnularia_nodosa6.png,11514147522082845071
DONA_Database,Pinnularia,Pinnularia-brauniana-ME10011_B_101117_34_c.png,17200901272271322368
DONA_Database,Pinnularia,PIturfosiphila-8.png,15497441823897290918
DONA_Database,Pinnularia,pinnularia_streptoraphe4.png,9280088731127622792
DONA_Database,Pinnularia,Pinnularia-scotica-ME-10011_c_040518_02_c.png,10064758702653706960
DONA_Database,Pinnularia,Pinnularia_nodosa_percapitata4.png,14679619429619667759
DONA_Database,Pinnularia,pinnularia_streptoraphe6a.png,12320913046232491017
DONA_Database,Pinnularia,Pinnularia_borealis6.png,14054253528885342258
DONA_Database,Pinnularia,GC106339_GS108490_29.png,14242808561015343409
DONA_Database,Pinnularia,Pinnularia_nodosa_percapitata5.png,10275591720425841573
DONA_Database,Pinnularia,Pinnularia_microstauron5.png,14364697677699233143
DONA_Database,Pinnularia,Pinnularia_rhombarea2.png,14599735032145818725
DONA_Database,Pinnularia,Pinnularia3_0034.png,12710648259119731920
DONA_Database,Pinnularia,GC106339_GS108490_2.png,10492822472872607856
DONA_Database,Pinnularia,Pinnularia_microstauron1.png,16082187828151496850
DONA_Database,Pinnularia,Pinnularia_suchlandtii5.png,10816934209720656231
DONA_Database,Pinnularia,Pinnularia_brebissonii2.png,16033915410818278612
DONA_Database,Pinnularia,Pinnularia-scotica-SEM_10u_ME-10011_042618_mix_006.png,9428143987870378300
DONA_Database,Pinnularia,Pinnularia_nodosa1.png,10357289762609541399
DONA_Database,Pinnularia,Pinnularia_gigas1.png,9871518686538813618
DONA_Database,Pinnularia,Pinnularia-formica-CT10005_A_121917_17.png,18209874750536378407
DONA_Database,Pinnularia,Pinnularia_rhombarea1.png,10051538809400684741
DONA_Database,Pinnularia,Pinnularia_brebissonii4.png,14680385354633277958
DONA_Database,Pinnularia,GC106339_GS108490_15.png,13881676138347162042
DONA_Database,Pinnularia,Pinnularia_microstauron2.png,16032858697478678015
DONA_Database,Craticula,Crathalophila6.png,10608638848224135980
DONA_Database,Craticula,C_cuspidataGRAY_5.png,17515613408994090851
DONA_Database,Craticula,1.Crat_obtusa_1_veg_101.3.png,9316363977820041398
DONA_Database,Craticula,C_cuspidataGRAY_4.png,17810241337570819810
DONA_Database,Craticula,Cratbuderi1.png,14283460862177460165
DONA_Database,Craticula,Crat_riparia_NCPA0229_13_cl.png,13198640564904666708
DONA_Database,Craticula,Cratjohn2.png,17780599642320221732
DONA_Database,Craticula,Cratjohn3.png,14844260244954920564
DONA_Database,Craticula,test1_bse_011.png,13929783412406579511
DONA_Database,Craticula,Cratacid1.png,10301958858976467721
DONA_Database,Craticula,6.Crat_obtusa_6_herib_123.7.png,11226581913448800881
DONA_Database,Craticula,4.Crat_obtusa_8_veg_type_137.2.png,15293734198504930667
DONA_Database,Craticula,Crat_riparia_NCPA0229_07_cl.png,16590813542201267828
DONA_Database,Craticula,GC113557a_011.png,10496691259028941581
DONA_Database,Craticula,Cratbuderi2.png,14137392766030395853
DONA_Database,Craticula,Cratsard6.png,15484827019826898806
DONA_Database,Craticula,GC111557a_01.png,15545203841260391082
DONA_Database,Craticula,NCPA_0247_038.png,16585527428022137509
DONA_Database,Craticula,Craticula_ambigua_2811_5-7-15_i2.png,11031107220171113965
DONA_Database,Craticula,Cratsard7.png,14583136096416148460
DONA_Database,Craticula,CRaccomodiformis-5.png,15113823423366783362
DONA_Database,Craticula,CRaccomodiformis-1.png,15488354668672821229
DONA_Database,Craticula,GC113557a_016.png,17771733338416660062
DONA_Database,Craticula,pic6_101253a_4mv.png,15574712085540406798
DONA_Database,Craticula,3.Crat_obtusa_3_veg_121.7.png,10491512025466359161
DONA_Database,Craticula,Craticula_ambigua_2811_5-7-15_g.png,11039549975103777081
DONA_Database,Craticula,Cratjohn5.png,12962552484296944593
DONA_Database,Craticula,NCPA_0247_033.png,16590114341373176417
DONA_Database,Craticula,Craticula_ambigua_2811_5-7-15_a.png,14750981707291661378
DONA_Database,Craticula,Cratsard3.png,14649485337238728617
DONA_Database,Craticula,Cmolestiformis1_102984b._33.8_116.5_mm_1000x.png,15178720112519600326
DONA_Database,Craticula,Crat_riparia_NCPA0229_25heribaud_cl.png,16062265844122360580
DONA_Database,Craticula,Crathalophila3.png,14284710660530102226
DONA_Database,Craticula,46562_LM5.png,10946122088538992532
DONA_Database,Craticula,Cratsard5.png,11039860844708700501
DONA_Database,Craticula,CRaccomodiformis-2.png,9572686876838201012
DONA_Database,Craticula,2.Crat_obtusa_2_veg_117.png,9925185543506328065
DONA_Database,Craticula,Cratsard4.png,14306872371823884237
DONA_Database,Craticula,GC113557a_022.png,15467794712073345804
DONA_Database,Craticula,Cratjohn1.png,9505196302592715690
DONA_Database,Craticula,test1_bse_010.png,17323717811281685566
DONA_Database,Craticula,Crathalophila7.png,10476874973140642232
DONA_Database,Craticula,46562_SEM2.png,15000729214898480717
DONA_Database,Craticula,NCPA_0247_025.png,17557666147566365593
DONA_Database,Craticula,C_molestiformis_pic5_107097b_2ss.png,15180988489019333962
DONA_Database,Craticula,Cratacid2.png,14865301564641189524
DONA_Database,Craticula,247_mix_019.png,10470605675969658848
DONA_Database,Craticula,46562_LM7.png,10748226114631658811
DONA_Database,Craticula,Cratbuderi7.png,11036174616116177388
DONA_Database,Craticula,Cratsard1.png,16623956698873047025
DONA_Database,Craticula,Cratbuderi3.png,10513757253692009858
DONA_Database,Craticula,Cratbuderi4.png,13995355844764621698
DONA_Database,Craticula,C_cuspidata_valve_formsGRAY.png,10870800718555068617
DONA_Database,Craticula,CRaccomodiformis-7.png,17742715749058756179
DONA_Database,Craticula,Craticula_ambigua_2811_5-7-15_l2.png,11237693472348885338
DONA_Database,Craticula,Crat_riparia_NCPA0229_49_cl.png,16612910185788837445
DONA_Database,Craticula,NCPA_0247_052.png,14318817244482918101
DONA_Database,Craticula,083_mix_017.png,13048451812064300530
DONA_Database,Craticula,Crat_riparia_NCPA0229_18_cl.png,14315344499835255511
DONA_Database,Craticula,Cratpamp6.png,14637187959156634243
DONA_Database,Craticula,CRaccomodiformis-4.png,12771934631582982652
DONA_Database,Craticula,Crathalophila5.png,16636721167763495626
DONA_Database,Craticula,GC113557a_06.png,11064956840164855208
DONA_Database,Craticula,46562_LM1.png,14137515977618993871
DONA_Database,Craticula,Crat_riparia_NCPA0229_22_cl.png,10604382431978302407
DONA_Database,Craticula,Radford_mix_025.png,11162842058003778821
DONA_Database,Craticula,NCPA_0247_06.png,16692847135119803350
DONA_Database,Craticula,Cratjohn4.png,16587885093402263156
DONA_Database,Craticula,Cratpamp3.png,12387419888384551820
DONA_Database,Craticula,5.Crat_obtusa_13_veg_162.4.png,9492778432235974743
DONA_Database,Craticula,46562_LM4.png,15379476843422994073
DONA_Database,Craticula,Cratpamp4.png,15666439313898693212
DONA_Database,Craticula,Crathalophila2.png,16589855782907394158
DONA_Database,Craticula,test1_bse_004.png,12994647076488546649
DONA_Database,Craticula,C_molestiformis_pic2_107097b_12mv.png,15755188054020245338
DONA_Database,Craticula,C_cuspidataGRAY_1.png,9258555893831753635
DONA_Database,Craticula,test1_bse_012.png,15871133385013417820
DONA_Database,Craticula,CRaccomodiformis-6.png,12800624554481050476
DONA_Database,Craticula,Cratacid5.png,17169235974644293460
DONA_Database,Craticula,NCPA_0247_029.png,10639186872336165840
DONA_Database,Craticula,pic7_102984b_mm.png,13996524904916228435
DONA_Database,Craticula,Cratacid7.png,9661744206402862717
DONA_Database,Craticula,46562_LM3.png,15291598568117727898
DONA_Database,Craticula,CRaccomodiformis-3.png,14405881929918785346
DONA_Database,Craticula,Cratacid3.png,10302231814035412606
DONA_Database,Craticula,Cratbuderi5.png,15090258045050310096
DONA_Database,Craticula,2811_Craticula_ambigua_g_crop.png,14765353949323902032
DONA_Database,Craticula,C_cuspidataGRAY_3.png,10761158965319125867
DONA_Database,Craticula,Cratacid6.png,14155194555476064160
DONA_Database,Craticula,46562_LM6.png,10749365218232706699
DONA_Database,Craticula,Crathalophila4.png,9443903990432571370
DONA_Database,Craticula,7.Crat_obtusa_7_crat_132.1.png,10715552979338284510
DONA_Database,Craticula,46562_SEM1.png,15277123214409544679
DONA_Database,Craticula,Cratacid4.png,12962905559589520270
DONA_Database,Craticula,Crat_riparia_NCPA0229_40_cl.png,16621477461105443328
DONA_Database,Craticula,GC113557a_07.png,15446080442432969301
DONA_Database,Craticula,NCPA_0247_046.png,15433599615869960136
DONA_Database,Craticula,083_mix_016.png,14345997543472382950
DONA_Database,Craticula,pic8_102988a_mm.png,14316289340685703496
DONA_Database,Craticula,46562_LM2.png,14138782065258641614
DONA_Database,Craticula,GC113557a_024.png,17774196212510857788
DONA_Database,Craticula,Crathalophila1.png,10645168464158722876
DONA_Database,Craticula,C_cuspidataGRAY_2.png,15500172389301524355
DONA_Database,Craticula,2811_Craticula_ambigua_f_crop.png,14732694012991151224
DONA_Database,Craticula,Cratpamp7.png,14538600773038482084
DONA_Database,Craticula,Cratpamp2.png,10300904091202982813
DONA_Database,Craticula,Cratjohn7.png,9937752938166149892
DONA_Database,Craticula,C_molestiformis_pic3_101708a_5mv.png,15755198442882385500
DONA_Database,Frustulia,CG-4-iv-11-005.png,15332039996253587956
DONA_Database,Frustulia,porte-crayon.png,15389972795464836171
DONA_Database,Frustulia,CG-29-iii-11-006.png,16639929970539858754
DONA_Database,Frustulia,capitata5.png,9493795031659533116
DONA_Database,Frustulia,crassinervia1.png,17434866916131885947
DONA_Database,Frustulia,latita2.png,15721758717774342087
DONA_Database,Frustulia,Frustulia_amosseana_4.png,15792290189723709686
DONA_Database,Frustulia,CG-27-viii-10-12.png,9447071295992356969
DONA_Database,Frustulia,incultaA.png,14335240932266342662
DONA_Database,Frustulia,FRbahlsii-5.png,10657292366960125315
DONA_Database,Frustulia,FRbahlsii-170.png,12876886674023571366
DONA_Database,Frustulia,Frustulia-pseudomagaliesmontana-NY10003_A_112017_39_c.png,16427245445988898122
DONA_Database,Frustulia,incultaCenter.png,10760600718265440015
DONA_Database,Frustulia,krammeri102.png,10659263309267304559
DONA_Database,Frustulia,Frustulia_esandalliae_6.png,11033624500992270519
DONA_Database,Frustulia,FRbahlsii-6.png,14292554249737353592
DONA_Database,Frustulia,Frustulia_amphipleuroides_SEM2.png,10358410819718537589
DONA_Database,Frustulia,Frustulia_esandalliae_2.png,15210429971774000795
DONA_Database,Frustulia,soror5.png,16044611628461045390
DONA_Database,Frustulia,sax5.png,12910128395341343250
DONA_Database,Frustulia,FRbahlsii-181.png,16601290658994493846
DONA_Database,Frustulia,incultaCenterIn.png,9583435198862177192
DONA_Database,Frustulia,CG-27-viii-10-03.png,10043507486987121666
DONA_Database,Frustulia,SEM_f_creuz_end_in.png,12143709409794095209
DONA_Database,Frustulia,crassinveria3.png,16598658807844060981
DONA_Database,Frustulia,latita1.png,16109350434996528065
DONA_Database,Frustulia,crassinveria2.png,10658538241556552361
DONA_Database,Frustulia,sax4.png,10641301280450129473
DONA_Database,Frustulia,latita4.png,16123704765476251433
DONA_Database,Frustulia,latitaB.png,11283716218842409837
DONA_Database,Frustulia,soror2.png,16044893618830354336
DONA_Database,Frustulia,soror3.png,16057277744776062804
DONA_Database,Frustulia,CG-27-viii-10-08.png,16043766089529385303
DONA_Database,Frustulia,CG-06-xi-09-003.png,9847585320934420917
DONA_Database,Frustulia,CG-8-iii-11-050.png,10600765795447956941
DONA_Database,Frustulia,SEM_f_vulgaris_end_in.png,15623210507105483836
DONA_Database,Frustulia,Amphi6.png,15391722793349048650
DONA_Database,Frustulia,LM_f_creuz_34.png,14620370451544572416
DONA_Database,Frustulia,krammeri128.png,10655900359604920754
DONA_Database,Frustulia,Frustulia_amosseana_6.png,15721464113536028709
DONA_Database,Frustulia,Frustulia-pseudomagaliesmontana-NY10003_A_112017_21_c.png,16404722672518482899
DONA_Database,Frustulia,SEM_f_creuz_end_out.png,9729507197581551713
DONA_Database,Frustulia,Frustulia_amosseana_5.png,15216112046402514989
DONA_Database,Frustulia,neo3.png,16025751852612314371
DONA_Database,Frustulia,krammeri109.png,15428556258898716058
DONA_Database,Frustulia,sax2.png,16353060235512546165
DONA_Database,Frustulia,crassinerviaA.png,13305303269095530117
DONA_Database,Frustulia,krammeri110.png,15181170664511722149
DONA_Database,Frustulia,LM_f_vulgaris_54b.png,10640595974932996692
DONA_Database,Frustulia,Amphi3.png,15102219679060003197
DONA_Database,Frustulia,CG-23-xi-09-045.png,10787762217954732506
DONA_Database,Frustulia,neo1.png,16036448820849583456
DONA_Database,Frustulia,latitaA.png,15532082026141743208
DONA_Database,Frustulia,CG-8-iii-11-005.png,11234086901471667514
DONA_Database,Frustulia,quadri9.png,10632567803761280491
DONA_Database,Frustulia,capitata3.png,16427077680010257352
DONA_Database,Frustulia,amphi1.png,10639399563481426487
DONA_Database,Frustulia,neo2.png,14567945866046615763
DONA_Database,Frustulia,quadri8.png,14286334518521836447
DONA_Database,Frustulia,capitataex.png,15853222827666300202
DONA_Database,Frustulia,Frustulia_amosseana_0.png,14386845914362985427
DONA_Database,Frustulia,LM_f_creuz_32.png,14604817597581091617
DONA_Database,Frustulia,Amphi4.png,9442286577653809786
DONA_Database,Frustulia,CG-27-viii-10-13.png,16021828951889256788
DONA_Database,Frustulia,Frustulia_esandalliae_3.png,10562885933568972761
DONA_Database,Frustulia,crassinveria6.png,12946543980883798992
DONA_Database,Frustulia,SEM_f_vulgaris_center_in.png,12036037301275046627
DONA_Database,Frustulia,sax1.png,14297038301781710581
DONA_Database,Frustulia,incultaD.png,16585360550257277788
DONA_Database,Frustulia,FRbahlsii-195.png,18111706545932078918
DONA_Database,Frustulia,soror6.png,15801565784925816689
DONA_Database,Frustulia,capitata1.png,12906117486434861921
DONA_Database,Frustulia,incultaCenterIn2.png,14810566088513379251
DONA_Database,Frustulia,amphi2.png,15134164283936226680
DONA_Database,Frustulia,krammeri96.png,14301879096062461006
DONA_Database,Frustulia,quadri6.png,10497704326071741718
DONA_Database,Frustulia,capitata2.png,15449853752837093151
DONA_Database,Frustulia,Amphi7.png,17725269036158358296
DONA_Database,Frustulia,CG-27-viii-10-11.png,15729577726273234965
DONA_Database,Frustulia,LM_f_vulgaris_555.png,12964101823747334868
DONA_Database,Frustulia,Frustulia_amphipleuroides_SEM.png,14783434872337872018
DONA_Database,Frustulia,SEM_f_vulgaris_center_out.png,11422070008377746438
DONA_Database,Frustulia,Frustulia_esandalliae_1.png,9435706234115449542
DONA_Database,Frustulia,Frustulia-pseudomagaliesmontana-NY10003_A_112017_09_c.png,18065601468996173186
DONA_Database,Frustulia,Frustulia_esandalliae_7.png,11033060942540260698
DONA_Database,Frustulia,FRbahlsii-177.png,16577364573968210443
DONA_Database,Frustulia,CG-24-xi-09-030.png,11574355614807667708
DONA_Database,Frustulia,neo4.png,16114433738189505929
DONA_Database,Frustulia,incultaC.png,16624098992341555522
DONA_Database,Frustulia,crassinveria5.png,16616497829958262324
DONA_Database,Frustulia,Frustulia-pseudomagaliesmontana-SEM_NJ-10006_041918_Mix_011.png,9223408113495828410
DONA_Database,Frustulia,SEM_f_vulgaris_end_out.png,11263620776687652140
DONA_Database,Frustulia,LM_f_creuz_30.png,10371425961396037120
DONA_Database,Frustulia,CG-4-iv-11-006.png,17849030023844913280
DONA_Database,Frustulia,sax6.png,12941433467630050163
DONA_Database,Frustulia,latita1b.png,11460236630677005105
DONA_Database,Frustulia,LM_f_creuz_no_ribsLM_f_creuz_no_ribs.png,16026877471202166534
DONA_Database,Frustulia,CG-06-xi-09-001.png,11372222695896203039
DONA_Database,Frustulia,LM_f_vulgaris_534.png,10608788813349699664
DONA_Database,Frustulia,quadri10.png,10630288390244789761
DONA_Database,Frustulia,Frustulia-pseudomagaliesmontana-NY10003_A_112017_01_c.png,17484475449385994042
DONA_Database,Frustulia,incultaE.png,16598238314438080845
DONA_Database,Frustulia,Frustulia_esandalliae_5.png,14118536052070498849
DONA_Database,Frustulia,LM_f_creuz_89.png,10314286503580168554
DONA_Database,Frustulia,latita3.png,14585379515981509366
DONA_Database,Frustulia,sax3.png,14337537051102195798
DONA_Database,Frustulia,SEM_f_creuz_girdle.png,10055178742965865419
DONA_Database,Frustulia,crassinveria4.png,14313946656819993253
DONA_Database,Frustulia,neo5.png,15427072252142167353
DONA_Database,Frustulia,Amphi5.png,10604883113504861436
DONA_Database,Frustulia,Frustulia_esandalliae_4.png,14300468155221170122
DONA_Database,Frustulia,sororfullin.png,15816801660341926436
DONA_Database,Frustulia,krammeri111.png,14336127542158163914
DONA_Database,Frustulia,LM_f_vulgaris_564.png,12906749257877971802
DONA_Database,Frustulia,FRbahlsii-150.png,13173452487302035980
DONA_Database,Frustulia,sax7.png,12946816708235060805
DONA_Database,Frustulia,capitatain.png,10512376290179503628
DONA_Database,Frustulia,incultaF.png,16613068424725301718
DONA_Database,Frustulia,capitata4.png,9379517346535076494
DONA_Database,Frustulia,CG-8-iii-11-051b.png,16304364425535397500
DONA_Database,Frustulia,CG-29-iii-11-015.png,17158471653275769433
DONA_Database,Frustulia,soror4.png,10027051199398859401
DONA_Database,Frustulia,LM_f_creuz_girdle.png,10541498787099667531
DONA_Database,Frustulia,CG-13-i-11-001.png,12946156353488200660
DONA_Database,Frustulia,incultaB.png,12911095613311528201
DONA_Database,Frustulia,SEM_f_creuz_center_out.png,17340874329439905883
DONA_Database,Frustulia,LM_f_creuz_26LM_f_creuz_26.png,16073321495177471760
DONA_Database,Frustulia,Frustulia_amosseana_3.png,10497142632861573714
DONA_Database,Frustulia,incultaEndIn.png,17996571374778072895
DONA_Database,Frustulia,Frustulia-pseudomagaliesmontana-NY10003_A_112017_24_c.png,17558502193946257808
DONA_Database,Frustulia,Frustulia_amosseana_1.png,9484717746659701822
DONA_Database,Frustulia,quadri7.png,14287521676856428408
DONA_Database,Frustulia,Frustulia-pseudomagaliesmontana-CT-10001_B_041018_c.png,16330994677906599210
DONA_Database,Frustulia,soror1.png,15155384253028819484
DONA_Database,Frustulia,Frustulia_amosseana_2.png,18140346370301682945
DONA_Database,Caloneis,C_lewisii_L-3-6_croped.png,18275918080666986977
DONA_Database,Caloneis,caloneis_bacillum_003.png,14848284943602196915
DONA_Database,Caloneis,C_lewisii_L-3-6-3_croped_-_Copy.png,17919386132121969044
DONA_Database,Caloneis,Caloneis_amphisbaena_ILL2014_037_10.png,17180372518230725452
DONA_Database,Caloneis,GC2018_CAlewis1_ed.png,17351206297907618868
DONA_Database,Caloneis,caloneis_silicula_003.png,12475873097546511576
DONA_Database,Caloneis,Caloneis_amphisbaena_ILL2014_037_5.png,15515719722086897207
DONA_Database,Caloneis,Caloneis_amphisbaena_ILL2014_037_7.png,12567823489572742734
DONA_Database,Caloneis,caloneis_silicula_005.png,15745254033667613055
DONA_Database,Caloneis,caloneis_bacillum_001.png,10206621679623959253
DONA_Database,Caloneis,Caloneis_lewisii_var_lewisii_copy.png,9337499037677818979
DONA_Database,Caloneis,Caloneis_lewisii_2.png,12462955042030304452
DONA_Database,Caloneis,caloneis_bacillum_002.png,10316256220594667826
DONA_Database,Caloneis,C_lewisii_L-3-6-6_croped.png,17995505959922018401
DONA_Database,Caloneis,caloneis_bacillum_003b.png,10028175512993637445
DONA_Database,Caloneis,Caloneis_amphisbaena_ILL2014_037_2.png,18429266286898124372
DONA_Database,Caloneis,caloneis_bacillum_004.png,10356225605041111894
DONA_Database,Caloneis,Caloneis_amphisbaena_ILL2014_037_9.png,18417154303032530436
DONA_Database,Caloneis,C_lewisii_L-3-6-5_croped.png,17923658303877407162
DONA_Database,Caloneis,caloneis_silicula_002.png,10316150418396495353
DONA_Database,Caloneis,C_lewisii_L-3-6-4_croped.png,11028579858098202008
DONA_Database,Caloneis,caloneis_silicula_001.png,10316116056513821777
DONA_Database,Caloneis,Caloneis_amphisbaena_ILL2014_037_3.png,10261998821934667526
DONA_Database,Caloneis,caloneis_silicula_004.png,10334200969816030273
DONA_Database,Diatoma,27013_SEM2.png,13054341394734598762
DONA_Database,Diatoma,DIehrenbergii-2.png,15712884770963775984
DONA_Database,Diatoma,DIehrenbergii-6.png,10036884374545609437
DONA_Database,Diatoma,DIehrenbergii-8.png,12064662362171723901
DONA_Database,Diatoma,NYON0016_8.png,18133146856774108121
DONA_Database,Diatoma,27013_LM4.png,12656509781131576217
DONA_Database,Diatoma,DIehrenbergii_SEM2.png,9287085777110185587
DONA_Database,Diatoma,27013_LM2.png,12322329713738240985
DONA_Database,Diatoma,NYON0016_5.png,10374343570239177478
DONA_Database,Diatoma,NYON0016_02.png,13861834193504395068
DONA_Database,Diatoma,NYON0016_7.png,17916803188738709168
DONA_Database,Diatoma,Diehrenbergii_NYC.png,9344757525441556597
DONA_Database,Diatoma,27013_LM3.png,18344041907639454149
DONA_Database,Diatoma,27008_LM3.png,15973938119337559841
DONA_Database,Diatoma,27013_SEM1.png,9350152008242974134
DONA_Database,Diatoma,NYON0016_3.png,16257324533067845396
DONA_Database,Diatoma,NYON0016_10.png,9270942060606553960
DONA_Database,Diatoma,DIehrenbergii-1.png,12336269970760976101
DONA_Database,Diatoma,27008_LM2.png,15612468438617658988
DONA_Database,Diatoma,27013_LM5.png,18351579229290891227
DONA_Database,Diatoma,27008_LM4.png,10351722491827700620
DONA_Database,Diatoma,NYON0016_2.png,17887260470848765779
DONA_Database,Diatoma,27008_SEM2.png,14165859185801465073
DONA_Database,Diatoma,27013_LM1.png,10320057549583669942
DONA_Database,Diatoma,27008_SEM1.png,13888952555400874217
DONA_Database,Diatoma,NYON0016_03.png,15054249587052817439
DONA_Database,Diatoma,NYON0016_1.png,13665451834243999563
DONA_Database,Diatoma,NYON0016_04.png,13855177053777122089
DONA_Database,Diatoma,NYON0016_4.png,17411132245724810199
DONA_Database,Diatoma,27008_LM1.png,15436589598458789563
DONA_Database,Diatoma,27008_LM5.png,9768974496979085708
DONA_Database,Diatoma,DIehrenbergii-9.png,12658627557559349881
DONA_Database,Diatoma,DIehrenbergii-4.png,15828727903009154892
DONA_Database,Pseudostaurosira,SCHU42_2.png,15496956048191458910
DONA_Database,Pseudostaurosira,CAS-184007_08042014_0055_clm.png,17039985624069981174
DONA_Database,Pseudostaurosira,14259_bse_031_10um.png,14168082953092522940
DONA_Database,Pseudostaurosira,Pseudostaurosira_brevistriata_gs119037_CCYK_WA_2003_6_23_630.png,14857372373338837586
DONA_Database,Pseudostaurosira,14259_bse_029.png,14888218881931800717
DONA_Database,Pseudostaurosira,Pseudostaurosira_trainorii_gsn98757_CNBR_2002_1micron.png,9577031667465380371
DONA_Database,Pseudostaurosira,P_elliptica_type_material_1.png,10041159418255355068
DONA_Database,Pseudostaurosira,Pseudostaurosira_trainori__gs120196_CCYK_2003_1_micron.png,13021256449434526925
DONA_Database,Pseudostaurosira,P_neoelliptica_GSN027561_SOFL_5um.png,15306092909912014828
DONA_Database,Pseudostaurosira,Pseudostaurosira_parasitica_NLS00027_SC_2007_22_15_411.png,15874036718297254900
DONA_Database,Pseudostaurosira,Pp_2013-056_TCS4116_14-024.png,15622605902128384346
DONA_Database,Pseudostaurosira,CAS-184007_08042014_0028_clm.png,17027815894387327747
DONA_Database,Pseudostaurosira,Pseudostaurosira_brevistriata_gs119037_CCYK_WA_2003_13_10_274.png,13853071365831729407
DONA_Database,Pseudostaurosira,Pseudostaurosira_trainorii_gs012051_CNBR_1994_2.png,9640912389672643764
DONA_Database,Pseudostaurosira,Pseudostaurosira_parasitica_LAKE_OF_ISLES_CT_1.png,10794312735339333991
DONA_Database,Pseudostaurosira,GS_120196.png,10363478309667108901
DONA_Database,Pseudostaurosira,14259_bse_030.png,16385649872903343545
DONA_Database,Pseudostaurosira,CAS-184007_08042014_0046_clm.png,13774999418307613459
DONA_Database,Pseudostaurosira,Pseudostaurosira_parasitica_DE000065_CO_2008_7_13_3562.png,15323133121660349263
DONA_Database,Pseudostaurosira,Pseudostaurosira_neoelliptica_GS027561_GC103590_1.png,14945675461622428422
DONA_Database,Pseudostaurosira,P_elliptica_type_material_6.png,17715281164555791783
DONA_Database,Pseudostaurosira,Pseudostaurosira_parasitica_DE000065_CO_2008_11_22_603.png,14243403850446506893
DONA_Database,Pseudostaurosira,CAS-184007_08042014_005_clm.png,12368236687300399300
DONA_Database,Pseudostaurosira,P_elliptica_type_material_2.png,10355812505934709641
DONA_Database,Pseudostaurosira,Pseudostaurosira_trainorii_gs120757_SANJ_2003_1_micron.png,15170706521982170610
DONA_Database,Pseudostaurosira,Pseudostaurosira_trainori_NLS00126_MA_2007_15_4_110.png,15196741409560464180
DONA_Database,Pseudostaurosira,ANSP_GC114098-8.png,15360419593276666738
DONA_Database,Pseudostaurosira,Pseudostaurosira_brevistriata_gs120196_CCYK_2003_3_scale_5_microns.png,10793697453026718521
DONA_Database,Pseudostaurosira,ANSP_GC114098-6a.png,9632063037467056180
DONA_Database,Pseudostaurosira,P_neoelliptica_GSN027561_SOFL_1997_2um3.png,9238400142250679664
DONA_Database,Pseudostaurosira,Pp_2013-056_TCS4116_11-517_2.png,15077499461204802143
DONA_Database,Pseudostaurosira,Pseudostaurosira_neoelliptica_GS027561_GC103590_9.png,10365584906255762278
DONA_Database,Pseudostaurosira,Pp_2013-126_TCS2281_10-05.png,14262097609300615536
DONA_Database,Pseudostaurosira,Pseudostaurosira_parasitica_LAKE_OF_ISLES_CT_2.png,12576232641221729438
DONA_Database,Pseudostaurosira,ANSP_GC114098-11.png,14927554975978858559
DONA_Database,Pseudostaurosira,Pseudostaurosira_trainori_JR001390_VA_2002_2_5_137.png,15393514212820937616
DONA_Database,Pseudostaurosira,Pseudostaurosira_neoelliptica_GS027561GC103590_3.png,10011533796148361400
DONA_Database,Pseudostaurosira,Pseudostaurosira_brevistriata_gs120196_CCYK_2003_2_scale_1_micron.png,13096200427755014958
DONA_Database,Pseudostaurosira,P_neoelliptica_GSN027561_SOFL__2um.png,9361418731951167788
DONA_Database,Pseudostaurosira,CAS-184007_08042014_003_clm1.png,10135897280016958264
DONA_Database,Pseudostaurosira,Pseudostaurosira_trainori_NLS00130_RI_2007_8_5_137.png,15305201052277419968
DONA_Database,Pseudostaurosira,P_elliptica_type_material_3.png,9950692724139887922
DONA_Database,Pseudostaurosira,Pseudostaurosira_parasitica_DE000065_CO_2008_2_10_274.png,15290843352435477404
DONA_Database,Pseudostaurosira,CAS-184007_08042014_0042_clm.png,10168622300083635005
DONA_Database,Pseudostaurosira,Pseudostaurosira_trainori_NLS00126_MA_2007_7_10_274.png,14581213608965477813
DONA_Database,Pseudostaurosira,SCHU47_5um.png,10335541281177777435
DONA_Database,Pseudostaurosira,P_elliptica_type_material_5.png,15777426239856010779
DONA_Database,Pseudostaurosira,Pp_2013-056_TCS4116_12-745.png,13964553171442612614
DONA_Database,Pseudostaurosira,Pseudostaurosira_brevistriata_gs120211_CCYK_WA_2003_5_22_603.png,13412183026580246870
DONA_Database,Pseudostaurosira,p_robusta_15758_mix_050_cl.png,16068943899856462232
DONA_Database,Pseudostaurosira,P_neoelliptica_GSN027561_SOFL__2um2.png,16033360167730415096
DONA_Database,Pseudostaurosira,Pseudostaurosira_brevistriata_gs120211_CCYK_WA_2003_12_329.png,14569142569750543189
DONA_Database,Pseudostaurosira,Pp_2013-56_TCS4116_13-814g.png,15100903177264585173
DONA_Database,Pseudostaurosira,ANSP_GC114098-1.png,9631993423561021633
DONA_Database,Pseudostaurosira,Pseudostaurosira_brevistriata_gs120211_CCYK_WA_2003_12_26_7124.png,13880991200367997963
DONA_Database,Pseudostaurosira,Pseudostaurosira_brevistriata_gsn027561_SOFL_1997_5.png,15406861417047949012
DONA_Database,Pseudostaurosira,SCHU15_1.png,9649508301542646573
DONA_Database,Pseudostaurosira,Pseudostaurosira_parasitica_AVERY_POND.png,10845483321236195762
DONA_Database,Pseudostaurosira,Pseudostaurosira_trainori_NLS00126_MA_2007_4_6_1644.png,15405734646343733311
DONA_Database,Pseudostaurosira,ANSP_GC114098-7a.png,14783547458268344638
DONA_Database,Pseudostaurosira,P_elliptica_type_material_4.png,10849253739844103230
DONA_Database,Pseudostaurosira,SCHU46_2.png,10503154213418244150
DONA_Database,Pseudostaurosira,Pseudostaurosira_parasitica_DE000065_CO_2008_9_12_329.png,15396956055175565065
DONA_Database,Pseudostaurosira,Pp_2013-126_TCS2281_8-16.png,14624919837837730118
DONA_Database,Pseudostaurosira,Pseudostaurosira_neoelliptica_GS027561GC103590_5.png,14947992828153472820
DONA_Database,Pseudostaurosira,Pseudostaurosira_neoelliptica_GS027561_GC103590_6.png,14957215823998874500
DONA_Database,Pseudostaurosira,ANSP_GC114098-5.png,11900232461868128312
DONA_Database,Pseudostaurosira,Pseudostaurosira_trainorii_gsn94122_GAFL_2002_2micron.png,13889488087421774217
DONA_Database,Pseudostaurosira,ANSP_GC114098-10.png,9560015354565077239
DONA_Database,Pseudostaurosira,CAS-184007_08042014_0013_clm.png,12437311434885677929
DONA_Database,Pseudostaurosira,Pseudostaurosira_parasitica_Wonosco_Lake.png,10360654929324067538
DONA_Database,Stephanodiscus,STminutulus_HillLake_131_6.png,15548101579759263887
DONA_Database,Stephanodiscus,yellowstonensis_14b_copy.png,16544940115123200504
DONA_Database,Stephanodiscus,Stephanodiscus_oregonicus_8.png,15382179717298807699
DONA_Database,Stephanodiscus,STparvus-4.png,15419667069190217769
DONA_Database,Stephanodiscus,inside_valve_scale_bar4um_changed.png,9232300293388416614
DONA_Database,Stephanodiscus,STtennuis-8.png,14952567442610115524
DONA_Database,Stephanodiscus,Stephanodiscus_oregonicus_4.png,9527997709444985458
DONA_Database,Stephanodiscus,SThantzschii-6_miss.png,12626532140732564265
DONA_Database,Stephanodiscus,STtennuis-7.png,10766552091416568281
DONA_Database,Stephanodiscus,STtennuis-5.png,15396235654920906139
DONA_Database,Stephanodiscus,STparvus-7.png,15529714761604252221
DONA_Database,Stephanodiscus,STtennuis-1.png,15387158100137467931
DONA_Database,Stephanodiscus,STminut_MBE336.png,15142568636772345713
DONA_Database,Stephanodiscus,Stephanodiscus_alpinus_4.png,13997818123541934704
DONA_Database,Stephanodiscus,yellowstonensis_13b_copy.png,9647407661480682966
DONA_Database,Stephanodiscus,STbinderanus3.png,10903613066312386413
DONA_Database,Stephanodiscus,STparvus-1.png,15424192203963683529
DONA_Database,Stephanodiscus,steph_minMBE336003.png,15411681622882418071
DONA_Database,Stephanodiscus,Yellowstone_vcd_026.png,13904898214559422703
DONA_Database,Stephanodiscus,Yellowstone_vcd_030.png,15155586992228464670
DONA_Database,Stephanodiscus,Stephanodiscus_oregonicus_3.png,9388418831602250548
DONA_Database,Stephanodiscus,Stephanodiscus_alpinus_6.png,9386116307151221559
DONA_Database,Stephanodiscus,Yellowstone_vcd_031_copy.png,15106247425225963013
DONA_Database,Stephanodiscus,Stephanodiscus_L-4-58_5a.png,10392420956541576529
DONA_Database,Stephanodiscus,STtennuis-6.png,14006827907298603165
DONA_Database,Stephanodiscus,ILL2011-41_Steph_niagarae2.png,9388386119994123111
DONA_Database,Stephanodiscus,valve_and_mantle_changed.png,9263657713919343736
DONA_Database,Stephanodiscus,Stephanodiscus_oregonicus_5.png,9613909965306971126
DONA_Database,Stephanodiscus,17287_bse_005.png,10509451387955001693
DONA_Database,Stephanodiscus,17287_01.png,15330227844512940233
DONA_Database,Stephanodiscus,17294_mix_001.png,10699563709020474446
DONA_Database,Stephanodiscus,SThantzschii-4_10-20-15-3_CR.png,15396170513467003535
DONA_Database,Stephanodiscus,17294_mix_003.png,10575412066841125992
DONA_Database,Stephanodiscus,yellowstonensis_10a_copy.png,15416238395769382094
DONA_Database,Stephanodiscus,Stephanodiscus_L-4-58_6_1.png,15389989969374114900
DONA_Database,Stephanodiscus,Stephanodiscus_alpinus_10.png,9418220733437367245
DONA_Database,Stephanodiscus,Stephanodiscus_oregonicus_7.png,14009358339821326962
DONA_Database,Stephanodiscus,STparvus-6.png,15406930923744897581
DONA_Database,Stephanodiscus,Stephanodiscus_alpinus_5.png,13864928526332819327
DONA_Database,Stephanodiscus,SThantzschii-5_CR.png,10747956857718650591
DONA_Database,Stephanodiscus,ILL2011-41_Steph_niagarae5.png,13892056237638234157
DONA_Database,Stephanodiscus,ILL2011-41_Steph_niagarae6.png,13891985473757065261
DONA_Database,Stephanodiscus,STminutulus_MBE1654_193_8.7.png,16074606159618560828
DONA_Database,Stephanodiscus,Stephanodiscus_L-4-58_3a.png,13881549041472992603
DONA_Database,Stephanodiscus,STbinderanus7.png,14669781516528024702
DONA_Database,Stephanodiscus,Stephanodiscus_L-4-58_2.png,15317353134977528987
DONA_Database,Stephanodiscus,Stephanodiscus_oregonicus_2.png,9388385844105933364
DONA_Database,Stephanodiscus,Stephanodiscus_alpinus_8.png,15135207736775373496
DONA_Database,Stephanodiscus,ILL2011-41_Steph_niagarae3.png,10766552159216887194
DONA_Database,Stephanodiscus,STbinderanus5.png,18284792156322949217
DONA_Database,Stephanodiscus,STbinderanus6.png,11490592520333238739
DONA_Database,Stephanodiscus,yellowstonensis_15b_copy.png,15374772814754100491
DONA_Database,Stephanodiscus,Stephanodiscus_alpinus_9.png,15774221906555474528
DONA_Database,Stephanodiscus,STbinderanus4.png,10925990553586693322
DONA_Database,Stephanodiscus,MBE_WestLakeOkibojji_1991_2umscale.png,15369178237325685970
DONA_Database,Stephanodiscus,STbinderanus1.png,14035535375284147828
DONA_Database,Stephanodiscus,Stephanodiscus_alpinus_3.png,13853142064281022584
DONA_Database,Stephanodiscus,Stephanodiscus_oregonicus_6.png,9541855713424601394
DONA_Database,Stephanodiscus,yellowstonensis_11a_copy.png,10771324275763864780
DONA_Database,Stephanodiscus,ILL2011-41_Steph_niagarae.png,10766552160286438547
DONA_Database,Stephanodiscus,STbinderanus2.png,13106647575495096008
DONA_Database,Stephanodiscus,Stephanodiscus_L-4-58_4_1.png,10509763928665957755
DONA_Database,Stephanodiscus,STparvus-3.png,15402496026159787609
DONA_Database,Stephanodiscus,STminutulus_MBE1654_208_9.5.png,15463767219005581994
DONA_Database,Stephanodiscus,STparvus-2.png,15351290289150542568
DONA_Database,Stephanodiscus,Complete_valve_changed.png,9246838325559000357
DONA_Database,Stephanodiscus,yellowstonensis_4a_copy.png,15373862093354577976
DONA_Database,Stephanodiscus,yellowstonensis_10b_copy.png,15380208533600888020
DONA_Database,Stephanodiscus,17294_mix_002.png,15619434412844399818
DONA_Database,Stephanodiscus,STminutulus_HillLake_180_8.2.png,17834453019799554877
DONA_Database,Stephanodiscus,Stephanodiscus_alpinus_7.png,15294059932331910710
DONA_Database,Stephanodiscus,SThantzschii-1.png,15360136163877840071
DONA_Database,Stephanodiscus,SThantzschii-2.png,15396236024279344248
DONA_Database,Stephanodiscus,Stephanodiscus_oregonicus_1.png,14576530390060487206
DONA_Database,Stephanodiscus,STtennuis-2.png,15540418284778471989
DONA_Database,Stephanodiscus,STminutulus_MBE1654_222_10.png,15424025654829302429
DONA_Database,Tabellaria,2Control2_StrainIII_1_Cropped.png,11290640343426167661
DONA_Database,Tabellaria,test_mix_054.png,10168163873227237045
DONA_Database,Tabellaria,WLO_1971_Cropped.png,17883032061465933334
DONA_Database,Tabellaria,KAN_1_Cropped.png,17931406221226938398
DONA_Database,Tabellaria,KAN_2_Cropped.png,15617745052891593818
DONA_Database,Tabellaria,KAN_3_Cropped.png,17948333895355774282
DONA_Database,Tabellaria,KAN2_StrainIV_Girdle_Cropped.png,15324159988892974677
DONA_Database,Tabellaria,KAN_Girdle_Cropped.png,15109098159409081681
DONA_Database,Tabellaria,test_mix_040.png,13106989742528310548
DONA_Database,Tabellaria,2Control2_StrainIII_Cropped.png,18164708138958787279
DONA_Database,Tabellaria,KAN_5_1_Cropped.png,17559339943727284577
DONA_Database,Tabellaria,KAN_4_Cropped.png,15682474449317437780
DONA_Database,Tabellaria,test_mix_053.png,17700276107117324808
DONA_Database,Tabellaria,21Raised2_Girdleband_Cropped_1.png,16855102683357557834
DONA_Database,Tabellaria,test_mix_068.png,14321853269080160007
DONA_Database,Tabellaria,21Raised2_StrainIII_Cropped_1.png,15323761989305693718
DONA_Database,Tabellaria,KAN2_StrainIV_Cropped.png,13594661190740586582
DONA_Database,Tabellaria,21Raised2_StrainIV_Cropped.png,14602272752486166642
DONA_Database,Achnanthes,A_coarctata_ANSP_GC3441_2.png,15738112460828587611
DONA_Database,Achnanthes,Afeline3.png,16107863860166099849
DONA_Database,Achnanthes,Edited_GV.png,15042157963264233283
DONA_Database,Achnanthes,AIGV_copy_copy.png,12623290946691348228
DONA_Database,Achnanthes,Achnanthes_coarctata_ANSP_GC3441_5a.png,13900447143237663822
DONA_Database,Achnanthes,Ach_Inflat_59.4_RV.png,17898977942183503186
DONA_Database,Achnanthes,A_lngboardia_typerv.png,15785086277561889704
DONA_Database,Achnanthes,Alonggirdle.png,18370310472946300549
DONA_Database,Achnanthes,Afelinprv.png,14953559163443267843
DONA_Database,Achnanthes,Achnanthes_rostellata_194201prv.png,15216445833071594434
DONA_Database,Achnanthes,aund8.png,11130704930181316388
DONA_Database,Achnanthes,Achnanthes_coarctata_ANSP_GC3441_a.png,15717326479291078324
DONA_Database,Achnanthes,Atumprv.png,16020122781495175109
DONA_Database,Achnanthes,Alongprv.png,18021120341732591149
DONA_Database,Achnanthes,Atumgv.png,15143962177154354541
DONA_Database,Achnanthes,AIRV47_copy_copy.png,16009589238412238900
DONA_Database,Achnanthes,Edited_RV.png,10559639087193807700
DONA_Database,Achnanthes,Amaui7.png,12657846514295944012
DONA_Database,Achnanthes,Aundrostgood.png,10320548650669253575
DONA_Database,Achnanthes,Achnanthes_rostellata_405701prv.png,15558456183391158804
DONA_Database,Achnanthes,Afel9.png,14695444060728435598
DONA_Database,Achnanthes,AIRLV40_copy_copy.png,18169196857781707760
DONA_Database,Achnanthes,Aundulo.png,10357563198480349586
DONA_Database,Achnanthes,Atume.png,12657353913764737792
DONA_Database,Achnanthes,Achnanthes_rostellata_405701rv.png,15396164800811739247
DONA_Database,Achnanthes,Afelinophila.png,16018091564796831332
DONA_Database,Achnanthes,Aund3.png,17180518174233856986
DONA_Database,Achnanthes,Afel8.png,12626321709869269836
DONA_Database,Achnanthes,AIRLV50_copy_copy.png,15604243676915723068
DONA_Database,Achnanthes,Aund5.png,14674184237216992210
DONA_Database,Achnanthes,Mauiensiss.png,12661430659967431513
DONA_Database,Achnanthes,Achnanthes_rostellata_408001prv.png,15329210210662034533
DONA_Database,Achnanthes,Edited_RLV.png,10814303454195047145
DONA_Database,Achnanthes,afel5.png,12509790627124824525
DONA_Database,Achnanthes,AIRV35_copy_copy.png,17910781216713400720
DONA_Database,Achnanthes,Amauiensis.png,12622802524449419730
DONA_Database,Achnanthes,Along5.png,15794090738833196833
DONA_Database,Achnanthes,Atum7.png,14967911307758875356
DONA_Database,Achnanthes,A_coarctata_ANSP_GC3441_3.png,15763559149899486936
DONA_Database,Achnanthes,AIRV44_copy.png,15758090938759652638
DONA_Database,Achnanthes,Afeline7.png,10357351430342765362
DONA_Database,Achnanthes,Along6.png,18305128520213765680
DONA_Database,Achnanthes,Amauiensisprv.png,10315411773433940824
DONA_Database,Achnanthes,amaui6.png,16103025569843220937
DONA_Database,Achnanthes,Amaui2.png,10320900533198549456
DONA_Database,Achnanthes,Along8.png,10305278309452598134
DONA_Database,Achnanthes,Atum3.png,13808441974115984263
DONA_Database,Achnanthes,Atum5.png,10177069050107475503
DONA_Database,Achnanthes,Achnanthes_rostellata_439301prv.png,15252000195117876144
DONA_Database,Achnanthes,Aund.png,14804093539210470281
DONA_Database,Achnanthes,Aund4.png,16073184746633585491
DONA_Database,Achnanthes,Achnanthes_rostellata_124002rv.png,15396311397985214930
DONA_Database,Achnanthes,Along9.png,11198478930955146158
DONA_Database,Achnanthes,Achnanthes_coarctata_ANSP_GC3441_7.png,15611874765164754587
DONA_Database,Achnanthes,atum4.png,12656720593989284761
DONA_Database,Achnanthes,Achnanthes_rostellata_408001rv.png,15107482528451914565
DONA_Database,Achnanthes,Amaui3.png,12656159880655745368
DONA_Database,Muelleria,Muelleria_tetonensis_2.png,16020474211894781263
DONA_Database,Muelleria,5080_12_m04.png,15044535454225123752
DONA_Database,Muelleria,Muelleria_tetonensis_SEM_end_internal_513101.png,11671199737701967047
DONA_Database,Muelleria,Muelleria_gibbula_513101_5.png,11156029640742119245
DONA_Database,Muelleria,Muelleria_agnellus_SEM_external_closeup.png,18062439773466078788
DONA_Database,Muelleria,Muelleria_tetonensis_7.png,10561706995653403100
DONA_Database,Muelleria,Muelleria_gibbula_513101_3.png,17225552375477457752
DONA_Database,Muelleria,Muelleria_spauldingiae_3.png,13979524254740148341
DONA_Database,Muelleria,Muelleria_spauldingiae_5.png,9466634430525764364
DONA_Database,Muelleria,Muelleria_spauldingiae_9.png,15427477022682457828
DONA_Database,Muelleria,Muelleria_tetonensis_6.png,14010818774807310927
DONA_Database,Muelleria,Muelleria_tetonensis_1.png,10023532464695489189
DONA_Database,Muelleria,Muelleria_gibbula_513101_SEM_end.png,9236653520610947023
DONA_Database,Muelleria,Muelleria_tetonensis_5.png,11237604539784339981
DONA_Database,Muelleria,Muelleria_agnellus_4.png,12614508400167678856
DONA_Database,Muelleria,Muelleria_agnellus_SEM_external_end.png,13875396036969902650
DONA_Database,Muelleria,Muelleria_tetonensis_SEM_end_external_513101.png,10756568593567971029
DONA_Database,Muelleria,Muelleria_agnellus_SEM_external_middle.png,17356312386364595465
DONA_Database,Muelleria,Muelleria_spauldingiae_middle_508001.png,15642517365438492972
DONA_Database,Muelleria,Muelleria_agnellus_6.png,18066165614556320275
DONA_Database,Muelleria,Muelleria_gibbula_508001_4.png,10307609858449400760
DONA_Database,Muelleria,Muelleria_agnellus_3.png,14048202297918107820
DONA_Database,Muelleria,Muelleria_gibbula_513101_SEM_whole.png,15390324512152183537
DONA_Database,Muelleria,Muelleria_agnellus_2.5_516601.png,10019363449188078181
DONA_Database,Muelleria,Muelleria_gibbula_513101_girdle.png,14003150629489491353
DONA_Database,Muelleria,Muelleria_spauldingiae_whole_508001.png,13879266919182791585
DONA_Database,Muelleria,Muelleria_spauldingiae_end_508001.png,10211144329434290853
DONA_Database,Muelleria,Muelleria_gibbula_513101_6.png,15783407086029910644
DONA_Database,Muelleria,Muelleria_tetonensis_8.png,14593137269789389454
DONA_Database,Muelleria,Muelleria_spauldingiae_1.png,16008653590025758656
DONA_Database,Muelleria,Muelleria_agnellus_7.png,12373143066482701149
DONA_Database,Muelleria,Muelleria_tetonensis_SEM_middle_external_513101.png,17784017904126941204
DONA_Database,Muelleria,Muelleria_tetonensis_SEM_whole_513101.png,13878415489201978789
DONA_Database,Muelleria,Muelleria_spauldingiae_6.png,14329939639080412132
DONA_Database,Muelleria,Muelleria_gibbula_513101_2.png,12591318944360457464
DONA_Database,Muelleria,Muelleria_spauldingiae_8.png,14000491875907212021
DONA_Database,Muelleria,Muelleria_agnellus_1.png,18320491122582496592
DONA_Database,Muelleria,Muelleria_spauldingiae_2.png,15427054674856937441
DONA_Database,Muelleria,Muelleria_gibbula_513101_1.png,10055761285160777626
DONA_Database,Muelleria,Muelleria_agnellus_5.png,14854416519732539960
DONA_Database,Muelleria,Muelleria_tetonensis_SEM_middle_internal__513101.png,17474265613117742664
DONA_Database,Muelleria,Muelleria_gibbula_513101_SEM_middle.png,11745670589492853617
DONA_Database,Muelleria,Muelleria_tetonensis_3.png,9473389965237690488
DONA_Database,Achnanthidium,Utah_GC6777a_AD2.png,10492365490466023629
DONA_Database,Achnanthidium,VA000268_10s.png,12992897025446870254
DONA_Database,Achnanthidium,Ach_atomom_plate1_ed.png,11644864607604206662
DONA_Database,Achnanthidium,70-1_ed.png,15123786904202383027
DONA_Database,Achnanthidium,Achnanthidium-crassum_NRSA2361_053116_1.png,15468080825346725456
DONA_Database,Achnanthidium,MO000052_04.png,10788136831240915283
DONA_Database,Achnanthidium,Achnanthidium-rivulare-SEM3.png,13850028834628645862
DONA_Database,Achnanthidium,GSS01047_Latec2b_ed_1.png,18278602527502666552
DONA_Database,Achnanthidium,Achnanthidium-rosenstockii-VT10093_A_012618_02_c.png,15772085946282509725
DONA_Database,Achnanthidium,47_LM7.png,17639361848312003587
DONA_Database,Achnanthidium,GS001021_R1.png,17908431267639189142
DONA_Database,Achnanthidium,1050_SEM1.png,10715520689924103635
DONA_Database,Achnanthidium,Ach_atomom_plate4_ed.png,17337046455537690210
DONA_Database,Achnanthidium,GSS01047_Latec1a_ed_1.png,9625034749480132652
DONA_Database,Achnanthidium,1010_LM1.png,13300686347614054772
DONA_Database,Achnanthidium,Achn_lateceph2a_ed_1.png,9326566071336231315
DONA_Database,Achnanthidium,Achn_lateceph4a_ed_1.png,17625077261689171316
DONA_Database,Achnanthidium,KDOW03024042_11.png,17647790096500813872
DONA_Database,Achnanthidium,gs027521_01ed.png,14207515901833193039
DONA_Database,Achnanthidium,Achnanthidium-crassum_NRSA2361_053116_14.png,16044954727311679063
DONA_Database,Achnanthidium,47_LM6.png,13586167553624028723
DONA_Database,Achnanthidium,83-1_ed.png,15043160867756277036
DONA_Database,Achnanthidium,ADA_2bA_ed.png,13527956153673421315
DONA_Database,Achnanthidium,KDOW03024042_7.png,17701631739189540464
DONA_Database,Achnanthidium,gs027521_03ed.png,15081003257454815154
DONA_Database,Achnanthidium,GSS01047_Duthii2a_ed.png,13011132194667073070
DONA_Database,Achnanthidium,GSS01047_Duthii7_ed.png,13374765551353325353
DONA_Database,Achnanthidium,NCPA0058_02_ed.png,13864961603007438270
DONA_Database,Achnanthidium,47_LM4.png,10854353824729384652
DONA_Database,Achnanthidium,GS1047_2b_ed.png,13925796677633776124
DONA_Database,Achnanthidium,GS1047_1a_ed.png,9625625340247300794
DONA_Database,Achnanthidium,14386_1.png,15068890842526390651
DONA_Database,Achnanthidium,MO000019_2_ed.png,18056549708323432428
DONA_Database,Achnanthidium,1010_LM4.png,17309593896216901839
DONA_Database,Achnanthidium,KDOW42_04.png,10757548229778951302
DONA_Database,Achnanthidium,14386_3.png,10338142898294295439
DONA_Database,Achnanthidium,1023_SEM3.png,13951369766786324713
DONA_Database,Achnanthidium,1050_LM3.png,13241089360853123944
DONA_Database,Achnanthidium,07248_13_pA.png,15283484575738498878
DONA_Database,Achnanthidium,61-1a_ed.png,9782696137689299341
DONA_Database,Achnanthidium,ADA_2a_ed.png,16985605071209484802
DONA_Database,Achnanthidium,47_LM5.png,17380672197046769867
DONA_Database,Achnanthidium,MO000052_09.png,15015703871858366524
DONA_Database,Achnanthidium,MO000131_11ed.png,14252310855771168652
DONA_Database,Achnanthidium,GS009181_RL4.png,15737161797483543624
DONA_Database,Achnanthidium,47_SEM2.png,10514871265445174538
DONA_Database,Achnanthidium,14386_7.png,16085939750733644416
DONA_Database,Achnanthidium,GSS01047_Duthii3_ed.png,12656756328628368250
DONA_Database,Achnanthidium,Kranz11b.png,18311567884119213665
DONA_Database,Achnanthidium,GS120911_12_copy.png,10787595999631527005
DONA_Database,Achnanthidium,14386_4.png,15441551657420729644
DONA_Database,Achnanthidium,GSS01047_Duthii4_ed.png,18138674189216500461
DONA_Database,Achnanthidium,VA070-11c.png,9331273702887156288
DONA_Database,Achnanthidium,1050_LM2.png,11367879492298435972
DONA_Database,Achnanthidium,14386_mix_017s.png,14235244452773305446
DONA_Database,Achnanthidium,1010_LM7.png,13628673786094259590
DONA_Database,Achnanthidium,USNK_GS009193_AD17.png,10464648859116431808
DONA_Database,Achnanthidium,GS027521_15.png,15413581852821044328
DONA_Database,Achnanthidium,VA070-09c_ed.png,15053903777673186319
DONA_Database,Achnanthidium,GSN20110_03.png,15053973480530925758
DONA_Database,Achnanthidium,14386_2.png,10032045407727960910
DONA_Database,Achnanthidium,gs027521_02ed.png,14199636157186520036
DONA_Database,Achnanthidium,GSS01047_Duthii6b_ed.png,18349883236394600208
DONA_Database,Achnanthidium,1050_LM4.png,12665209254300926792
DONA_Database,Achnanthidium,S87-1b_ed_a.png,9256083733576902384
DONA_Database,Achnanthidium,1023_LM4.png,18027207204001716431
DONA_Database,Achnanthidium,GS027521_26.png,10458847856209650906
DONA_Database,Achnanthidium,GS027521_6.png,15290540938626134230
DONA_Database,Achnanthidium,1010_LM6.png,10677307743608212621
DONA_Database,Achnanthidium,NCPA0058_03_ed.png,10757535713650235812
DONA_Database,Achnanthidium,Achnanthidium-rosenstockii-SEM-NLS00267_17.png,9892103449903268375
DONA_Database,Achnanthidium,GS009181_R46.png,11108376067905604258
DONA_Database,Achnanthidium,KDOW42_11.png,15342132385849887894
DONA_Database,Achnanthidium,GSL00461-3.png,13901059776356818233
DONA_Database,Achnanthidium,GS027521_21.png,16010311385536213214
DONA_Database,Achnanthidium,Achnanthidium-minutissimum-SEM3.png,10681799766949255635
DONA_Database,Achnanthidium,AK000045_03.png,10757521394295593388
DONA_Database,Achnanthidium,1036_LM4.png,13485084342528832403
DONA_Database,Achnanthidium,Achnanthidium-rosenstockii-VT10089_A_010418_11_c.png,14605654240040759626
DONA_Database,Achnanthidium,GSN20110_02.png,10441735439083714107
DONA_Database,Achnanthidium,1023_SEM4.png,9601441077486049491
DONA_Database,Achnanthidium,AHgrac_VA000071_1b_ed.png,13216886453258579318
DONA_Database,Achnanthidium,Achnanthidium-crassum_CT10010_A_122017_88.png,9908399473301647501
DONA_Database,Achnanthidium,GS027521_18b.png,17861911100443014735
DONA_Database,Achnanthidium,MO000511_AHeutr_1ed_1.png,16549207803131168719
DONA_Database,Achnanthidium,1023_LM1.png,13103901159295569460
DONA_Database,Achnanthidium,YELL_GSN07248_AD40.png,17729169307485880000
DONA_Database,Achnanthidium,Achnanthidium-crassum_NRSA2361_053116_3.png,15540137069638748122
DONA_Database,Achnanthidium,07248_07A.png,9296941709973354873
DONA_Database,Achnanthidium,MO000052_06.png,9592431782631054825
DONA_Database,Achnanthidium,1023_SEM2.png,10787565638448339283
DONA_Database,Achnanthidium,Achnanthidium-crassum_NRSA2361_053116_16.png,15468643715673788123
DONA_Database,Achnanthidium,47_SEM5.png,10779125372275803207
DONA_Database,Achnanthidium,GS027521_24.png,16279068072529609106
DONA_Database,Achnanthidium,Achnanthidium-crassum_CT10010_A_122017_89.png,16107593288051515534
DONA_Database,Achnanthidium,47_LM3.png,10433238845526354982
DONA_Database,Achnanthidium,14386_5.png,14928223566400160518
DONA_Database,Achnanthidium,Kranz8b.png,17343520253027873232
DONA_Database,Achnanthidium,Kranz7.png,17490584265538154003
DONA_Database,Achnanthidium,KDOW42_10.png,15342204403326453798
DONA_Database,Achnanthidium,Achn_lateceph6b_ed.png,15195849943639998188
DONA_Database,Achnanthidium,1010_LM3.png,15577115089184174555
DONA_Database,Achnanthidium,1036_LM1.png,17702454537892211814
DONA_Database,Achnanthidium,Achnanthidium-rivulare-SEM1.png,9317136666638186665
DONA_Database,Achnanthidium,47_SEM3.png,13898445181929107100
DONA_Database,Achnanthidium,NotInCircle4_ed.png,15432333396963022448
DONA_Database,Achnanthidium,Kranz14.png,13094997056655968405
DONA_Database,Achnanthidium,1036_LM2.png,13105574626729970704
DONA_Database,Achnanthidium,1010_LM5.png,12012173639016723166
DONA_Database,Achnanthidium,AHgrac_VA000071_2a_ed.png,17485407592074910431
DONA_Database,Achnanthidium,NotInCircle1_ed.png,15316508672731921505
DONA_Database,Achnanthidium,Achn_lateceph5a_ed_1.png,10496657369026470204
DONA_Database,Achnanthidium,Kranz13b.png,11861016737435296846
DONA_Database,Achnanthidium,MO000052_05.png,10751617687031216586
DONA_Database,Achnanthidium,altergracillima_9_ed.png,10918828093176588146
DONA_Database,Achnanthidium,1010_LM2.png,15004982180579154272
DONA_Database,Achnanthidium,MO000511_AHeutr_3a_ed.png,17646178729170046514
DONA_Database,Achnanthidium,14386_8.png,15721403811844163107
DONA_Database,Achnanthidium,70-4a.png,9604585523088997022
DONA_Database,Achnanthidium,NotInCircle2_ed.png,16495053504684285018
DONA_Database,Achnanthidium,Achnanthidium-crassum-SEM_15544_mix_047.png,15053870562258411582
DONA_Database,Achnanthidium,YELL_GSN07248_AD11.png,15234808583301539035
DONA_Database,Achnanthidium,Achnanthidium-rosenstockii-VT10018_A_112117_72_c.png,18027246924401314198
DONA_Database,Achnanthidium,KDOW03024042_6b.png,16256472222494189733
DONA_Database,Achnanthidium,Achnanthidium-minutissimum-SEM4.png,9348691500127640665
DONA_Database,Achnanthidium,70-3a.png,13895944229194378650
DONA_Database,Achnanthidium,1036_LM5.png,17907650853419601613
DONA_Database,Achnanthidium,Achnanthidium-rivulare-SEM2.png,14994662014459448557
DONA_Database,Achnanthidium,Achn_lateceph3_ed_1.png,10488037783708221736
DONA_Database,Achnanthidium,GSS01047_Duthii1b_ed.png,13312044301993260146
DONA_Database,Achnanthidium,Achnanthidium-rivulare-SEM4.png,9268191636401256164
DONA_Database,Achnanthidium,KDOW03024042_8.png,13113024493381815751
DONA_Database,Achnanthidium,Kranz1a.png,12735703250885109094
DONA_Database,Achnanthidium,47_LM2.png,10856606207567108761
DONA_Database,Achnanthidium,1050_LM1.png,11349304618945202564
DONA_Database,Achnanthidium,Ach_atomom_000022_2a_ed.png,17336782314277300294
DONA_Database,Achnanthidium,1023_LM5.png,10911052243460582801
DONA_Database,Achnanthidium,Ach_atomom_000022_0b_ed.png,10563416596314220146
DONA_Database,Achnanthidium,1023_LM2.png,17330743749679518311
DONA_Database,Achnanthidium,GS001021_R25.png,17441778466691324007
DONA_Database,Achnanthidium,70-2a.png,10723152641074867675
DONA_Database,Achnanthidium,Asp_3.png,17793090683923465923
DONA_Database,Achnanthidium,Achnanthidium-rosenstockii-VT10089_A_010418_07_c.png,14606779504292447562
DONA_Database,Achnanthidium,Asp_1.png,16009067372038232707
DONA_Database,Achnanthidium,Achnanthidium-minutissimum-SEM1.png,13843836530361965542
DONA_Database,Achnanthidium,1023_SEM5.png,14180286183067098521
DONA_Database,Achnanthidium,Utah_GC6777a_AD3.png,10893707171383505041
DONA_Database,Achnanthidium,Achnanthidium-rosenstockii-VT10089_A_010418_05_c.png,15759702176417350474
DONA_Database,Achnanthidium,KDOW03024042_12.png,17846033346577714985
DONA_Database,Achnanthidium,1023_LM3.png,13852104203828670622
DONA_Database,Achnanthidium,ADA_3aA_ed.png,16265198116390551853
DONA_Database,Achnanthidium,47_SEM1.png,10788132566428572113
DONA_Database,Achnanthidium,1023_SEM1.png,13898243825072610716
DONA_Database,Achnanthidium,1036_LM3.png,17105960195250291612
DONA_Database,Achnanthidium,GSS01047_Duthii1a_ed.png,18421398338203194066
DONA_Database,Achnanthidium,MO000019_1ed.png,10766521442925586858
DONA_Database,Achnanthidium,47_SEM4.png,10852896890145956647
DONA_Database,Achnanthidium,GS027521_28.png,15072119604780502722
DONA_Database,Achnanthidium,Achnanthidium-rosenstockii-VT10089_A_010418_10_c.png,15757427240051856810
DONA_Database,Achnanthidium,47_LM1.png,12729507433768275659
DONA_Database,Achnanthidium,Kranz1b.png,11650335801602270516
DONA_Database,Achnanthidium,GSN20110_05.png,13898240662506658990
DONA_Database,Achnanthidium,Achnanthidium-minutissimum-SEM2.png,13972487246420596902
DONA_Database,Achnanthidium,KDOW42_02.png,10550025437132303391
DONA_Database,Achnanthidium,AHgrac_VA000071_2b_ed.png,14241260046904996153
DONA_Database,Achnanthidium,GS001021_R20.png,10368113223323782386
DONA_Database,Achnanthidium,altergracillima_8_ed.png,14315572468659501661
DONA_Database,Diploneis,DIelliptica-5.png,12623295484498310040
DONA_Database,Diploneis,DIelliptica-3.png,12547360119109179097
DONA_Database,Diploneis,Diploneis_ovalis_3.png,10823091956010805193
DONA_Database,Diploneis,Dmarginestriata2.png,17815044579967327873
DONA_Database,Diploneis,17172_B_08212019_Dabscondita10.png,15466468743680668723
DONA_Database,Diploneis,d_marginestriata_15550a_10292015_18_cl.png,10424344216446104161
DONA_Database,Diploneis,dip_marginestriata_15632a_09162015_37_cl.png,15396298128471206825
DONA_Database,Diploneis,Diploneis-puella-LM3.png,11101018806534656196
DONA_Database,Diploneis,Diploovalis5.png,15205961172655026748
DONA_Database,Diploneis,Diploneis-abscondita-LM5.png,15184912942324064905
DONA_Database,Diploneis,17172_B_08212019_Dabscondita16.png,10568819486440910919
DONA_Database,Diploneis,Diploneis-calcilacustris-LM4.png,17774002951486943759
DONA_Database,Diploneis,Dfinnica1.png,10428190260384456909
DONA_Database,Diploneis,Diploneis_ovalis_5.png,10822547702116607629
DONA_Database,Diploneis,142b-1a.png,10878753743191439241
DONA_Database,Diploneis,Dmarginestriata4.png,15529164467045413689
DONA_Database,Diploneis,Diploovalis4.png,9393151269234569324
DONA_Database,Diploneis,Diploneis-puella-SEM1.png,9590193207063593831
DONA_Database,Diploneis,Diploneis-boldtiana-LM6.png,10659323116229200340
DONA_Database,Diploneis,Diploneispuella17172_120318_06.tif.png,18314931495480365595
DONA_Database,Diploneis,Dfinnica5.png,10444181699161583717
DONA_Database,Diploneis,Diploneis_ovalis_6.png,11154128836669432398
DONA_Database,Diploneis,CT_06_mix_040.png,13886619466894382918
DONA_Database,Diploneis,17172_mix_014B.png,14801684577551866132
DONA_Database,Diploneis,Diploneis-boldtiana-LM4.png,17557843165951742546
DONA_Database,Diploneis,Diploneis-boldtiana-LM3.png,12297520613144420599
DONA_Database,Diploneis,Diploneis-abscondita-LM7.png,11721661819806757545
DONA_Database,Diploneis,Diploneis_ovalis_1.png,10537418076514116300
DONA_Database,Diploneis,Diploneis-puella-LM.png,14602004535729427087
DONA_Database,Diploneis,Diploneis-calcilacustris-LM6.png,17837255594746196310
DONA_Database,Diploneis,DIelliptica-1.png,17080363418324678271
DONA_Database,Diploneis,Dfinnica6.png,14047639605599351396
DONA_Database,Diploneis,Diploneis-calcilacustris-LM3.png,18348497566550307411
DONA_Database,Diploneis,Diploneis-puella-LM2.png,15828936220987413079
DONA_Database,Diploneis,Diploneis-puella-16613_B_031519_01.tif.png,18128593901543064517
DONA_Database,Diploneis,Diploneis-boldtiana.png,13450516922798101162
DONA_Database,Diploneis,Diploneis_ovalis_7.png,14981848954192279280
DONA_Database,Diploneis,Dmarginestriata1.png,12612810533565535065
DONA_Database,Diploneis,Dfinnica2.png,15530516066892015546
DONA_Database,Diploneis,Diploneis-calcilacustris-LM5.png,10928260425461162360
DONA_Database,Diploneis,Diploneis-boldtiana-LM2.png,13737088352935014451
DONA_Database,Diploneis,VT10090_A_110917_14.tif.png,12297630078711783975
DONA_Database,Diploneis,Dfinnica3.png,10390507802104787053
DONA_Database,Diploneis,Dmarginestriata3.png,18152221014281064987
DONA_Database,Diploneis,Dfinnica4.png,9722474171018524208
DONA_Database,Diploneis,DIelliptica-4.png,17261093097800480664
DONA_Database,Diploneis,Diploovalis6.png,10062509493797483147
DONA_Database,Diploneis,17172_B_08212019_Dabscondita12.png,9413648376753188915
DONA_Database,Diploneis,Dmarginestriata5.png,13520356192601949967
DONA_Database,Diploneis,Diploneis-puella-SEM2.png,13949684247863303110
DONA_Database,Diploneis,Diploneis-boldtiana-LM5.png,13738711526503383874
DONA_Database,Diploneis,Diploneis-puella-17172_120318_12.tif.png,18125217941519106641
DONA_Database,Diploneis,17172_B_08212019_Dabscondita11.png,15540277806067840403
DONA_Database,Diploneis,Diploneis_ovalis_2.png,11488733161220826885
DONA_Database,Diploneis,ME10011_B_101117_230.tif.png,13775655112658817673
DONA_Database,Diploneis,DIelliptica-2.png,17249957233630221841
DONA_Database,Diploneis,Diploneis-abscondita-LM1.png,13419026368204039753
DONA_Database,Diploneis,17172_mix_007-1-copy.png,9280369822623102672
DONA_Database,Diploneis,Diploneis-calcilacustris-LM7.png,17413941284003013189
DONA_Database,Diploneis,d_marginestriata_15587_mix_038.png,10093981007741525984
DONA_Database,Diploneis,Diploneis_ovalis_4.png,15511356433604044641
DONA_Database,Fallacia,pygmaea_004.png,16061349771064280990
DONA_Database,Fallacia,fall_vitrea_GC2189_67_cl.png,15468454119152517851
DONA_Database,Fallacia,pygmaea_002.png,17414055609695826581
DONA_Database,Fallacia,Fallacia-californica_SWAMP-404S-25668_002.png,10754067631561852643
DONA_Database,Fallacia,15603c_12182015_01_FAsubham_07_cl.png,15540421302249651458
DONA_Database,Fallacia,fallacia_subhamulata15603b_12032015_04_cl.png,15432404433551466785
DONA_Database,Fallacia,GCM35206B_05.png,10757539398788536750
DONA_Database,Fallacia,fall_vitrea_GC2189_43_cl.png,10604496551943654000
DONA_Database,Fallacia,Fallacia-tenera-519PS0765_04132016_03.png,15291620375881986714
DONA_Database,Fallacia,Fallacia-californica_SWAMP-404S-25668_001.png,15428674259773195784
DONA_Database,Fallacia,pygmaea_001.png,17719668652226618631
DONA_Database,Fallacia,fall_vitrea_GC2189_59_cl.png,10496412255259897994
DONA_Database,Fallacia,Fallacia-californica_SEM3_901M14126_02.png,9427369698775630988
DONA_Database,Fallacia,pygmaea_006.png,13522345250814587396
DONA_Database,Fallacia,15603c_12182015_01_FAsubham_06_cl.png,15540491112331979019
DONA_Database,Fallacia,15603c_12182015_01_FAsubham_01_cl.png,15468224231519847410
DONA_Database,Fallacia,Latelolongiud_NotType_3.png,17306501940397092982
DONA_Database,Fallacia,Fallacia-tenera-901M14126_2.png,10755416605275807851
DONA_Database,Fallacia,Fallacia-californica_SWAMP-404S-25668_003.png,15491746928517677701
DONA_Database,Fallacia,fall_vitrea_GC2189_81_cl.png,10496410056192258645
DONA_Database,Fallacia,15603c_12182015_01_FAsubham_03_cl.png,15540421847728824331
DONA_Database,Fallacia,Fallacia-californica_SEM_901M14126_05.png,12273774816647732776
DONA_Database,Fallacia,fall_vitrea_GC2189_36_cl.png,12766568382411870502
DONA_Database,Fallacia,Fallacia-californica_SWAMP-404S-25668_005.png,15374887707955460741
DONA_Database,Fallacia,GC44264a_FAlatelolong_6.png,18315306150634031922
DONA_Database,Fallacia,pygmaea_003.png,15514857173107971978
DONA_Database,Fallacia,pygmaea_005.png,16406340026985754703
DONA_Database,Fallacia,Fallacia-californica_SWAMP-404S-25668_004.png,18281436830648799461
DONA_Database,Fallacia,GC44264a_FAlatelolong_4.png,15486552833257650647
DONA_Database,Fallacia,fall_vitrea_GC2189_74_cl.png,11793446716663681588
DONA_Database,Fallacia,15603c_12182015_01_FAsubham_02_cl.png,15252195782637760651
DONA_Database,Fallacia,GC44264a_FAlatelolong_2.png,13646703130263374615
DONA_Database,Fallacia,Fallacia-tenera-901M14126.png,18345028051794237121
DONA_Database,Fallacia,fall_vitrea_GC2189_42_cl.png,15072348582930862640
DONA_Database,Fallacia,GCM35206B_02a.png,13837186227139394695
DONA_Database,Fallacia,Fallacia-tenera-519PS0765_04132016_02.png,14929349461731761008
DONA_Database,Fallacia,Fallacia_pygmaea_macic_mix_SEM_017.png,13877032316436493251
DONA_Database,Fallacia,15603c_12182015_01_FAsubham_05_cl.png,15540420194169660516
DONA_Database,Fallacia,Latelolongiud_HOLOTYPEcorrect_b.png,14991158751318307274
DONA_Database,Fallacia,GC44264a_FAlatelolong_10.png,17630186007835492328
DONA_Database,Gomphonema,pusillum1_gc2209006.png,10208517637648200876
DONA_Database,Gomphonema,kobayasii_001.png,11431807468214780760
DONA_Database,Gomphonema,Gomphonema-olivaceoides-hutchinsoniana_642px_f_GC112789a.png,15540792379567035218
DONA_Database,Gomphonema,g_oliv_v_dens_GC60992_20161207_17_cl.png,15999878234122752820
DONA_Database,Gomphonema,g_caperatum_15558a_08132015_56_cl.png,14631056630850048643
DONA_Database,Gomphonema,7_ginsularum_104739a.png,17052229503138650383
DONA_Database,Gomphonema,Gomphonema_distans_3_683001.png,16081638129182746092
DONA_Database,Gomphonema,15962a_04052016_12_cl.png,15972785967744713614
DONA_Database,Gomphonema,518RCNAPC_20170202__13_cl.png,10341035689733628660
DONA_Database,Gomphonema,gomp_turg_15596a_09042015_33_cl.png,18381136191897567393
DONA_Database,Gomphonema,g_amerhombicum_B_isotype_20170301_05_cl.png,10368118302643171980
DONA_Database,Gomphonema,duplicate.apuncto.gc4242brev001.png,12656575234062365596
DONA_Database,Gomphonema,Gomphonema_consector1.png,17001551221558615768
DONA_Database,Gomphonema,g_caperatum_15959a_04042016_33_cl.png,16008863451718879216
DONA_Database,Gomphonema,g_caperatum_15577a_08172015_06_cl.png,15785015593196099196
DONA_Database,Gomphonema,G_amerhombicum_ISOTYPE_mix_011_cl.png,10787586775863749134
DONA_Database,Gomphonema,coronatum_gc1283002.png,15762077137353779529
DONA_Database,Gomphonema,GOsuperiorense-777_26.5_.png,12640114283877764803
DONA_Database,Gomphonema,g_reimeri_15592c_02262016_03_Gomphonema_SESQA_cl.png,16080076608003670931
DONA_Database,Gomphonema,Gomphonema_gibba_4356A_girdle.png,16842942956298448536
DONA_Database,Gomphonema,Gomphonema-olivaceoides-hutchinsoniana_595px_11_GC112789.png,10784920817607142224
DONA_Database,Gomphonema,Gomphonema_bipunctatum_1_470001.png,10064195711847920390
DONA_Database,Gomphonema,Rosalina_Gsmall_007-1.png,13930002460815735860
DONA_Database,Gomphonema,GOsuperiorense-718_24.5_.png,12443081112992074601
DONA_Database,Gomphonema,15975a_04082016_08.png,16122500634976032325
DONA_Database,Gomphonema,gomphonema_incognitum_1um_15670_mix_015.png,9474456377939287275
DONA_Database,Gomphonema,Gomphonema_10_14372_clm.png,10307601542369260322
DONA_Database,Gomphonema,coronatum_gc4367a003.png,10289441146380911933
DONA_Database,Gomphonema,GC53921_Gomphonema_freesei_4_holotype.png,12503101554386568077
DONA_Database,Gomphonema,15959a_04042016_28_cl.png,14099289588446298964
DONA_Database,Gomphonema,G17_12scale.png,9277692893322497427
DONA_Database,Gomphonema,Gomphonema_15_14372_clm.png,10343559146266219120
DONA_Database,Gomphonema,GOsubmehleri-822_29.1-3_.png,12657072893529721611
DONA_Database,Gomphonema,Gomphonema_semiapertum_5_464901.png,10256448322965694379
DONA_Database,Gomphonema,14379_mix_024_copy_cropped.png,11596921339374448060
DONA_Database,Gomphonema,G_pygmaeum.111316a.003rev.png,15609520018998927070
DONA_Database,Gomphonema,GOgermanii-804_27.4_.png,17897271253180492587
DONA_Database,Gomphonema,gomp_mehleri_15592a_08202015_26_cl.png,15645198754177848990
DONA_Database,Gomphonema,g_caperatum_15555_mix_069_cl.png,9634706854271134731
DONA_Database,Gomphonema,g_caperatum_test_mix_042_cl.png,15037571670348014743
DONA_Database,Gomphonema,GOsubmehleri-870_29.6-3_.png,18018798379580250906
DONA_Database,Gomphonema,6_gpseudosphaerophorum_104739a.png,12614499183757496139
DONA_Database,Gomphonema,GOsubmehleri-739_25.2-3_.png,15735262537415234187
DONA_Database,Gomphonema,G_amerhombicum_ISOTYPE_mix_012_cl.png,10457181495819985095
DONA_Database,Gomphonema,Gomphonema_consector_SEM_wholevalve.png,14220799690276172293
DONA_Database,Gomphonema,stoermeri_006.png,10271572367932559172
DONA_Database,Gomphonema,brebissonii_gc8988b002.png,16033787606809455898
DONA_Database,Gomphonema,g_louisiananum_15385b_10082015_06_cl.png,15755537626284725139
DONA_Database,Gomphonema,518RCNAPC_20170119_05_cl.png,15710772659651912056
DONA_Database,Gomphonema,1_ginsularum_104769a.png,12406839130977389334
DONA_Database,Gomphonema,Kurtkrammeria_coxiae_459301_1.png,15786076468924415810
DONA_Database,Gomphonema,ventricosum_004.png,15201453081876602759
DONA_Database,Gomphonema,gomp_mehleri_15551b2_03242016_07_cl.png,16021239462354816831
DONA_Database,Gomphonema,g_louisiananum_15385b_10082015_04_cl.png,10351229324615601993
DONA_Database,Gomphonema,gomp_mehleri_15551b_03232016_uncounted_gomp1_02_cl.png,10127395504386001803
DONA_Database,Gomphonema,Gomphonema_bipunctatum_3_405501.png,15753426468956346019
DONA_Database,Gomphonema,Gomphonema_truncatum_001.png,17896849622942628474
DONA_Database,Gomphonema,Gomphjohnsonii2.png,16020053712590395202
DONA_Database,Gomphonema,gomphonema_chinense_SEM_10um_15582_mix_045.png,17078206202626813225
DONA_Database,Gomphonema,518RCNAPC_20170119_15_cl.png,10329767337312748356
DONA_Database,Gomphonema,g_incognito-lm6.png,16116875076268241728
DONA_Database,Gomphonema,Gomphonema-lagenula_GCUTRC3R5_2018.png,17778558924600261174
DONA_Database,Gomphonema,Gomphonema_americobtusatum_1_503601.png,14405393301149332245
DONA_Database,Gomphonema,acuminatumelongatum_wsmith_317002.png,14282338335215598490
DONA_Database,Gomphonema,1_53920_Gchristenseni2.png,12468203115441706828
DONA_Database,Gomphonema,Gomphonema-lagenula_GCUTRC3R4_2018.png,10818263358979922557
DONA_Database,Gomphonema,Gomphjohnsonii_SEM_middle_5mu.png,17749840681688702401
DONA_Database,Gomphonema,G17_07scale.png,9598436423156594729
DONA_Database,Gomphonema,ventricosum_003.png,10234355647385750195
DONA_Database,Gomphonema,447_15.2um_Gmont_BW.png,16623605039846416066
DONA_Database,Gomphonema,540_18.3um_Gmont_BW.png,15526899282723495898
DONA_Database,Gomphonema,mexicanum_004.png,18364238272284398230
DONA_Database,Gomphonema,Gomphonema_consector3.png,10325545293230277011
DONA_Database,Gomphonema,6_53920_Gchristenseni2.png,12629206253960219240
DONA_Database,Gomphonema,Gomphonema-olivaceoides-hutchinsoniana-17_668px_GC112789.png,15108273131559612754
DONA_Database,Gomphonema,Gomphjohnsonii_SEM_footpole_3mu.png,14717883047128807741
DONA_Database,Gomphonema,pusillum1_gc2209005.png,17941857033792119105
DONA_Database,Gomphonema,3_gpseudosphaerophorum_104739a.png,10037182427008369487
DONA_Database,Gomphonema,Gomphonema-olivaceoides-hutchinsoniana_622px_19_GC112789a.png,16081066692506055250
DONA_Database,Gomphonema,Gomphjohnsonii_SEM_wholevalve_10mu.png,11912741526801609742
DONA_Database,Gomphonema,mexicanum_002.png,10308656177498586467
DONA_Database,Gomphonema,566_19.1um_Gmont_BW.png,18149981562551979860
DONA_Database,Gomphonema,mexicanum_006.png,11390654947610955286
DONA_Database,Gomphonema,G_pygmaeum.111316a.004rev.png,15603609096447335444
DONA_Database,Gomphonema,14379_mix_023_copy_cropped.png,15330633870384966956
DONA_Database,Gomphonema,GOsubmehleri-1089_37.5-3_.png,16951251270664002075
DONA_Database,Gomphonema,15959a_04042016_43_cl.png,14676022641169828690
DONA_Database,Gomphonema,4_ginsularum_104739a.png,17052230111695380353
DONA_Database,Gomphonema,g_louisiananum_15385b_10082015_07_cl.png,16071834608935949172
DONA_Database,Gomphonema,g_reimeri_15592c_02262016_05_Gomphonema_SESQA_cl.png,10016777142591825735
DONA_Database,Gomphonema,apicatum_boyer_688003.png,9485619434296990299
DONA_Database,Gomphonema,GOsuperiorense-731_24.9_.png,17990719708517523076
DONA_Database,Gomphonema,G.sarcophagus.113.png,10061883473223057990
DONA_Database,Gomphonema,15544a_09172015_27_cl.png,14775936736562549362
DONA_Database,Gomphonema,518RCNAPC_20170202__03_cl.png,14637470558890263252
DONA_Database,Gomphonema,Gomphonema_americobtusatum_4_497901.png,9469519487808377524
DONA_Database,Gomphonema,brebissonii_gc113636b007.png,11287527376880380956
DONA_Database,Gomphonema,g_incog_15576a_08142015_37_cl.png,15789305256218732145
DONA_Database,Gomphonema,gomphonema_7_14379_clm.png,15753206567193089555
DONA_Database,Gomphonema,15975a_04082016_25.png,16118067474972345863
DONA_Database,Gomphonema,Gomphonema_distans_8_683001.png,16117666290544473212
DONA_Database,Gomphonema,coronatum_gc4367a006.png,12604296439267505541
DONA_Database,Gomphonema,GOsuperiorense-742_25.3_.png,18350955056940239658
DONA_Database,Gomphonema,acuminatum_gc109928b004.png,12575088771354894211
DONA_Database,Gomphonema,Gomphonema_consector_SEM_footpole.png,15399331436455410214
DONA_Database,Gomphonema,Kurtkrammeria_coxiae_459301_2.png,16037425850315709992
DONA_Database,Gomphonema,5_53920_Gchristenseni2.png,12486213133623394809
DONA_Database,Gomphonema,g_oliv_v_dens_GC60992_20161207_18_cl.png,14927951092031725876
DONA_Database,Gomphonema,g_oliv_v_dens_GC60992_20161207_14_cl.png,10019308700465132404
DONA_Database,Gomphonema,g_oliv_v_dens_GC60992_20161207_15_cl.png,16103373603615310724
DONA_Database,Gomphonema,apicatum_boyer_688004.png,15183338351981700389
DONA_Database,Gomphonema,Gomphonema_bipunctatum_5_503501.png,15997899119913075618
DONA_Database,Gomphonema,g_caperatum_15971a_04082016_01.png,15756685125541529094
DONA_Database,Gomphonema,6_ginsularum_104739a.png,17070877174448423774
DONA_Database,Gomphonema,Gomphonema-olivaceoides-hutchinsoniana_551px_16_GC112789.png,15540419236129180247
DONA_Database,Gomphonema,Gomphonema_gibba_4356A_4.png,15855952630546543134
DONA_Database,Gomphonema,4_53920_GchristenseniHolo.png,18095429186341733913
DONA_Database,Gomphonema,apicatum_boyer_688002.png,11720933128156108891
DONA_Database,Gomphonema,G3_01.png,11921470799490242892
DONA_Database,Gomphonema,Gomphonema_consector5.png,10354677517911608137
DONA_Database,Gomphonema,coronatum_gc1283001.png,11901694523514977716
DONA_Database,Gomphonema,Gomphonema_americobtusatum_5_405501.png,16000155302429267909
DONA_Database,Gomphonema,1_gpseudosphaerophorum_104739a.png,18320261169866283787
DONA_Database,Gomphonema,15989a_04082016_18.png,16116949829894574916
DONA_Database,Gomphonema,acuminatumelongatum_wsmith_317003.png,12506307686003563540
DONA_Database,Gomphonema,Gomphonema_gibba_4356A_1.png,13640964002756449099
DONA_Database,Gomphonema,Gomphonema-lagenula_GCUTRC3R3_2018.png,10928569544236158893
DONA_Database,Gomphonema,Kurtkrammeria_coxiae_459401_4.png,15775372300714133048
DONA_Database,Gomphonema,Gomphonema_truncatum_005.png,12613373387460349365
DONA_Database,Gomphonema,coronatum_gc1283004.png,17347304486472165833
DONA_Database,Gomphonema,gomphonema_acuminatum_001.png,17930701096765483456
DONA_Database,Gomphonema,Gomphjohnsonii7.png,14054534854036446147
DONA_Database,Gomphonema,15544b_12112015_go_turg_04_cl.png,9872731714985672024
DONA_Database,Gomphonema,kobayasii_002.png,16078871795026250646
DONA_Database,Gomphonema,Gomphjohnsonii3.png,15211873083194394531
DONA_Database,Gomphonema,gomphonema_acuminatum_002.png,12397268982572661820
DONA_Database,Gomphonema,g_reimeri_15612c_03232016_05_cl.png,16115824469072774787
DONA_Database,Gomphonema,Gomphonema_sp_12_14372_clm.png,10343488777270596452
DONA_Database,Gomphonema,Gomphonema_semiapertum_4_457201.png,10016907915760592583
DONA_Database,Gomphonema,Gomphonema_consector_SEM_midvalve.png,10637664653820689140
DONA_Database,Gomphonema,4_gpseudosphaerophorum_104739a.png,12467846393705418571
DONA_Database,Gomphonema,apicatum_boyer_688005.png,9703386086918223986
DONA_Database,Gomphonema,Gomphonema_semiapertum_3_457201.png,10237593103764935556
DONA_Database,Gomphonema,g_reimeri_15592c_02262016_01_Gomphonema_SESQA_cl.png,10235551920583615426
DONA_Database,Gomphonema,Gomphonema-olivaceoides-hutchinsoniana_623px_b_GC112789a.png,15396678295571940177
DONA_Database,Gomphonema,Gomphonema_semiapertum_1_457201.png,15741877196698005451
DONA_Database,Gomphonema,Gomphonema_nathorstii_682801_2.png,10063992861574849392
DONA_Database,Gomphonema,GC53921_Gomphonema_freesei_3.png,17921899522846521217
DONA_Database,Gomphonema,2_ginsularum_104769a.png,12441176896292764417
DONA_Database,Gomphonema,Gomphonema_americobtusatum_2_496601.png,10038784624839422478
DONA_Database,Gomphonema,GOsuperiorense-680_23.2_.png,18207672263657114123
DONA_Database,Gomphonema,duplicate.apuncto.gc4242brev007.png,17059392877768152888
DONA_Database,Gomphonema,brebissonii_gc8988b005.png,10350204966349356156
DONA_Database,Gomphonema,G.sarcophagus.111.png,15574188048220404333
DONA_Database,Gomphonema,Gomphonema_nathorstii_682801_7.png,10053156347705308849
DONA_Database,Gomphonema,Gomphonema_consector7.png,18120057455672498959
DONA_Database,Gomphonema,duplicate.apuncto.gc4242brev002.png,13559195419227247540
DONA_Database,Gomphonema,3_53920_Gchristenseni2.png,12612247712507118568
DONA_Database,Gomphonema,Gomphonema_bipunctatum_2_438801.png,13054341359578934188
DONA_Database,Gomphonema,5_gpseudosphaerophorum_104739a.png,18056867869851093663
DONA_Database,Gomphonema,Gomphjohnsonii4.png,18316888971744976407
DONA_Database,Gomphonema,7_53920_Gchristenseni2.png,18381354711201645481
DONA_Database,Gomphonema,brebissonii_gc8988b003.png,10172314877544412592
DONA_Database,Gomphonema,Gomphonema_nathorstii_682801_3.png,16046723265301128645
DONA_Database,Gomphonema,brebissonii_gc113636b002.png,15762076845029566806
DONA_Database,Gomphonema,G_pygmaeum.111316a.001rev.png,14459694202004872670
DONA_Database,Gomphonema,15544b_12112015_go_turg_03_cl.png,16093166764264859755
DONA_Database,Gomphonema,361_12.2um_Gmont_BW.png,15081075954909744915
DONA_Database,Gomphonema,mexicanum_001.png,16004352619445564018
DONA_Database,Gomphonema,g_reimeri_15612c_12182015_01_cl.png,12649402632760241734
DONA_Database,Gomphonema,518RCNAPC_20170202__15_cl.png,16003225143281289121
DONA_Database,Gomphonema,2_gpseudosphaerophorum_104739a.png,16870450087170509770
DONA_Database,Gomphonema,G.sarcophagus.116.png,15905247996162550593
DONA_Database,Gomphonema,G.sarcophagus.112.png,14603623098450445014
DONA_Database,Gomphonema,GOgermanii-1166_39.8_.png,12614569863870022514
DONA_Database,Gomphonema,g_oliv_v_dens_GC60992_20161207_07_cl.png,10307530348169573296
DONA_Database,Gomphonema,15543a_08182015_25_cl.png,9981029212811985746
DONA_Database,Gomphonema,Kurtkrammeria_coxiae_459301_0.png,18045617652998934082
DONA_Database,Gomphonema,gomp_mehleri_15551b2_03242016_08_cl.png,10064028586046930818
DONA_Database,Gomphonema,Gomphjohnsonii_SEM_headpole_3mu.png,10469315563530845831
DONA_Database,Gomphonema,gomphonema_acuminatum_004.png,12448988016410410186
DONA_Database,Gomphonema,acuminatumelongatum_wsmith_317004.png,12082558111283549909
DONA_Database,Gomphonema,coronatum_gc4367a007.png,10244410369839887708
DONA_Database,Gomphonema,gomp_turg_15544a_09172015_25_cl.png,10034791481571833124
DONA_Database,Gomphonema,g_caperatum_15576a_08142015_08_cl.png,10061804499510882950
DONA_Database,Gomphonema,g_amerhombicum_B_isotype_20170301_21_cl.png,10350032873158660948
DONA_Database,Gomphonema,acuminatumelongatum_wsmith_317007.png,12506342870370803140
DONA_Database,Gomphonema,gomphonema_1_14372_clm.png,10307460250830136306
DONA_Database,Gomphonema,15544a_09172015_21_cl.png,12443362467693775755
DONA_Database,Gomphonema,Gomphjohnsonii1.png,18078056143516502560
DONA_Database,Gomphonema,Gomphonema_truncatum_003.png,17896144350666439352
DONA_Database,Gomphonema,pusillum1_gc2209008.png,15632738854861857037
DONA_Database,Gomphonema,g_oliv_v_dens_GC60992_20161207_03_cl.png,13337029489527895853
DONA_Database,Gomphonema,524_17.8um_Gmont_BW.png,17737675592019484611
DONA_Database,Gomphonema,stoermeri_005.png,15757568847355657821
DONA_Database,Gomphonema,g_sierrianum_533SPILSA_10.9.15_dup_20170118_07_cl.png,14919287011031425904
DONA_Database,Gomphonema,gomp_turg_15670b_12072015_cl.png,12268715984343594400
DONA_Database,Gomphonema,ventricosum_002.png,15780157794067752534
DONA_Database,Gomphonema,Gomphonema_13_14372_clm.png,10307600717991658290
DONA_Database,Gomphonema,Gomphonema_semiapertum_6_244802.png,18344965559464052337
DONA_Database,Gomphonema,Gomphonema-lagenula_GCUTRC3R6_2018.png,9421078821662505526
DONA_Database,Gomphonema,Gomphonema_consector4.png,10199270374428404073
DONA_Database,Gomphonema,g_caperatum_14371_mix_017_cl.png,17624004082869626962
DONA_Database,Gomphonema,brebissonii_gc113636b001b.png,15185580770921789929
DONA_Database,Gomphonema,Kurtkrammeria_coxiae_459401_6.png,14677087309632933715
DONA_Database,Gomphonema,GOgermanii-1164_39.7_.png,12539064446206903118
DONA_Database,Gomphonema,g_incog_15558a_08132015_42_cl.png,18089803487807325040
DONA_Database,Gomphonema,Gomphonema_bipunctatum_4_438001.png,9774812673817068505
DONA_Database,Gomphonema,gomp_mehleri_15551a_12162015_03_cl.png,15678967544231070294
DONA_Database,Gomphonema,pusillum1_gc2209003.png,15605842959791350057
DONA_Database,Gomphonema,acuminatumelongatum_wsmith_317005.png,12082405821983667254
DONA_Database,Gomphonema,G_amerhombicum_ISOTYPE_mix_010_1umscalebar_cl.png,14088679239177612444
DONA_Database,Gomphonema,Gomphonema_distans_1_683001.png,10349613710092973394
DONA_Database,Gomphonema,Gomphonema_distans_7_683001.png,15820578265971065076
DONA_Database,Gomphonema,Gomphonema_semiapertum_2_457201.png,15741885992799643230
DONA_Database,Gomphonema,duplicate.apuncto.gc4242brev005.png,17115913753772098503
DONA_Database,Gomphonema,Gomphonema_consector6.png,16036157653241830355
DONA_Database,Gomphonema,acuminatumelongatum_wsmith_317006.png,18031855632737182057
DONA_Database,Gomphonema,g_incog_15620a_10132015_12_cl.png,15997890248414901040
DONA_Database,Gomphonema,Gomphjohnsonii6.png,9505230456706329570
DONA_Database,Gomphonema,15558a_08132015_35_cl.png,18383378016129622583
DONA_Database,Gomphonema,mexicanum_003.png,10064336519659801538
DONA_Database,Gomphonema,Gomphonema_distans_2_682801.png,15793631574531222908
DONA_Database,Gomphonema,g_oliv_v_dens_GC60992_20161207_05_cl.png,14919286671457428408
DONA_Database,Gomphonema,15543b_08192015_18_cl.png,12727942960775431122
DONA_Database,Gomphonema,Gomphonema_americobtusatum_0_405501.png,11425748164614414565
DONA_Database,Gomphonema,Gomphonema_nathorstii_682801_5.png,16061358171996633012
DONA_Database,Gomphonema,15643a_10132015_06_cl.png,13567995673792531275
DONA_Database,Gomphonema,GC53921_Gomphonema_freesei_4b_holotype.png,17259747298008728457
DONA_Database,Gomphonema,gomphonema_acuminatum_005.png,12449058659771923484
DONA_Database,Gomphonema,g_louisiananum_15385b_10082015_14_cl.png,15722042078293698051
DONA_Database,Gomphonema,Gomphonema_truncatum_002.png,17896989531501345530
DONA_Database,Gomphonema,GC53921_Gomphonema_freesei_1.png,17883479592954726385
DONA_Database,Gomphonema,561_19.0um_Gmont_BW.png,18395498224794247090
DONA_Database,Gomphonema,G.sarcophagus.115.png,15830976194895164182
DONA_Database,Gomphonema,Gomphonema_nathorstii_682801_8.png,16114992737828688654
DONA_Database,Gomphonema,Gomphonema_gibba_4356A_3.png,12263131347104738243
DONA_Database,Gomphonema,G17_07middle.png,9294680816628486689
DONA_Database,Gomphonema,kobayasii_003.png,16042631438181173132
DONA_Database,Gomphonema,g_incog_15576a_08142015_20_cl.png,15784801669473145489
DONA_Database,Gomphonema,G.sarcophagus.114.png,18060245814949021598
DONA_Database,Gomphonema,Gomphonema_gibba_4356A_5.png,16005692372966392408
DONA_Database,Gomphonema,GC53921_Gomphonema_freesei_5.png,10199303764038480716
DONA_Database,Gomphonema,stoermeri_003.png,10350385016736629596
DONA_Database,Gomphonema,g_reimeri_15592c_02262016_02_Gomphonema_SESQA_cl.png,15715066774813177576
DONA_Database,Gomphonema,15644a_10132015_02_cl.png,12539063965146172363
DONA_Database,Gomphonema,stoermeri_007.png,9775472372382628163
DONA_Database,Gomphonema,Gomphonema_americobtusatum_497901_2.png,9487215715140658118
DONA_Database,Gomphonema,ventricosum_001.png,15849971696665959943
DONA_Database,Gomphonema,g_louisiananum_15385b_10082015_11_cl.png,14954972416553812842
DONA_Database,Gomphonema,GOsuperiorense-729_24.9_.png,18207671146902706955
DONA_Database,Gomphonema,kobayasii_005.png,10351897940145358663
DONA_Database,Gomphonema,g_amerhombicum_A_isotype_20170301_08_cl.png,15721891718030287225
DONA_Database,Gomphonema,2_53920_Gchristenseni2.png,18167486401847990209
DONA_Database,Gomphonema,3_ginsularum_104739a.png,12625197924167512449
DONA_Database,Gomphonema,GOsubmehleri-1060_36.1-3_.png,12106420158934847055
DONA_Database,Gomphonema,stoermeri_001.png,10352426118057978706
DONA_Database,Gomphonema,g_amerhombicum_B_isotype_20170301_06_cl.png,10253280360467392871
DONA_Database,Gomphonema,GOgermanii-945_32.3_.png,9967307281922294750
DONA_Database,Gomphonema,GC53921_Gomphonema_freesei_2.png,12503101682153050970
DONA_Database,Gomphonema,Gomphonema_consector2.png,17177820571095146394
DONA_Database,Gomphonema,brebissonii_gc113636b003.png,15612334222594159062
DONA_Database,Gomphonema,gomp_turg_15670b_12072015_03_cl.png,15822950866037612721
DONA_Database,Gomphonema,ventricosum_005.png,13516253819251773134
DONA_Database,Gomphonema,duplicate.apuncto.gc4242brev004.png,12541771600826629066
DONA_Database,Gomphonema,g_incog_15576a_08142015_21_cl.png,15833447366903501569
DONA_Database,Gomphonema,apicatum_boyer_688001.png,15272915534229742861
DONA_Database,Gomphonema,g_amerhombicum_B_isotype_20170301_09_cl.png,14919084363968967348
DONA_Database,Gomphonema,G17_13_2.png,15498105773520475451
DONA_Database,Gomphonema,kobayasii_004.png,15905202783958370166
DONA_Database,Gomphonema,Gomphonema_semiapertum_7_457201.png,16997215766293303504
DONA_Database,Gomphonema,gomp_mehleri_15551b_03232016_uncounted_gomp1_03_cl.png,15853490889749263903
DONA_Database,Gomphonema,Gomphonema_nathorstii_682801_1.png,16043908103158638529
DONA_Database,Gomphonema,53754a_20161206_01_TYPESPECIMEN_cl.png,17891645362435034702
DONA_Database,Gomphonema,mexicanum_005.png,10307460457777105907
DONA_Database,Gomphonema,Gomphonema-lagenula_GCUTRC6R3_2018.png,15395056520094999819
DONA_Database,Gomphonema,Gomphonema-lagenula_GCUTRC3R2_2018.png,15306049871691070686
DONA_Database,Gomphonema,gomp_turg_15670b_12072015_04_cl.png,9874808201347890224
DONA_Database,Gomphonema,G.sarcophagus.117.png,15834502365416001644
DONA_Database,Gomphonema,Kurtkrammeria_coxiae_459301_5.png,12324510091497115503
DONA_Database,Gomphonema,g_caperatum_15963a_04052016_02_cl.png,16080916579003740964
DONA_Database,Gomphonema,Gomphonema_consector_SEM_headpole.png,9241170795383189068
DONA_Database,Gomphonema,g_caperatum_14368_12122016_02_cl.png,16044040492355195587
DONA_Database,Gomphonema,g_louisiananum_14385b_10092015_09_cl.png,15757499145957443098
DONA_Database,Gomphonema,G_pygmaeum.111361.008rev.png,11434059138635833651
DONA_Database,Gomphonema,GOsuperiorense-741_25.3_.png,16044601908509694754
DONA_Database,Gomphonema,15643a_10132015_17_cl.png,13288641652864371271
DONA_Database,Gomphonema,Gomphonema_americobtusatum_3_169801.png,10061952715605685172
DONA_Database,Gomphonema,Gomphonema-olivaceoides-hutchinsoniana_627px_15_GC112789.png,15468578141696733714
DONA_Database,Gomphonema,15544a_09172015_31_cl.png,15676723988080467463
DONA_Database,Gomphonema,15543a_08182015_17_cl.png,9370790903883787218
DONA_Database,Gomphonema,Kurtkrammeria_coxiae_459301_3.png,12386364205277661027
DONA_Database,Gomphonema,5_ginsularum_104739a.png,17052231760420113769
DONA_Database,Gomphonema,GOgermanii-732_24.9_.png,16105470626611942079
DONA_Database,Gomphonema,Gomphonema-lagenula_GCUTRC3R_2018.png,18422802306840054306
DONA_Database,Gomphonema,gomphonema_incognitum_5um_15670_mix_017.png,10751467951482031577
DONA_Database,Gomphonema,g_amerhombicum_A_isotype_20170301_18_cl.png,15826464652063187652
DONA_Database,Gomphonema,g_louisiananum_15385b_10082015_09_cl.png,10352285112132059974
DONA_Database,Gomphonema,g_reimeri_15555_mix_072.png,10589101071425829951
DONA_Database,Gomphonema,15543b_08192015_24_cl.png,11577275451790633410
DONA_Database,Gomphonema,GOgermanii-1301_44.4_.png,10016766629581733502
DONA_Database,Gomphonema,g_incog_15576a_08142015_29_cl.png,18089816746371355474
DONA_Database,Gomphonema,gomphonema_chinense_SEM_10um_15582_mix_048.png,13660741926556638800
DONA_Database,Gomphonema,Gmont_type_584_19.8um_BW.png,12950861948159642948
DONA_Database,Gomphonema,pusillum1_gc2209002.png,12434406148259487964
DONA_Database,Gomphonema,G_pygmaeum.111316a.005rev.png,16754278247057594866
DONA_Database,Gomphonema,pusillum1_gc2209007.png,10134208520022963604
DONA_Database,Gomphonema,Gomphonema_nathorstii_682801_4.png,15819989009275593396
DONA_Database,Gomphonema,Gomphonema_distans_5_683001.png,14962071181691364355
DONA_Database,Gomphonema,Gomphonema_distans_6_683001.png,14675397602594533805
DONA_Database,Gomphonema,GOsubmehleri-1055_36-3.png,18033248986246254351
DONA_Database,Gomphonema,Gomphonema_gibba_4356A_2.png,10226545197241648907
DONA_Database,Gomphonema,Gomphonema_nathorstii_682801_6.png,9487770144950479830
DONA_Database,Gomphonema,pusillum1_gc2209004.png,11865105638979187860
DONA_Database,Gomphonema,518RCNAPC_20170202__14_cl.png,10052875691993907924
DONA_Database,Gomphonema,Gomphonema_distans_4_683001.png,10351863171359487210
DONA_Database,Gomphonema,g_amerhombicum_B_isotype_20170301_14_cl.png,14646336196010685053
DONA_Database,Gomphonema,Gomphjohnsonii5.png,17162164783714500175
DONA_Database,Gomphonema,15543b_08192015_15_cl.png,9268896971953067794
DONA_Database,Gomphonema,gomphonema_acuminatum_003.png,17932776426589708536
DONA_Database,Stauroneis,Scircumbor4.png,15552172236953188143
DONA_Database,Stauroneis,Slivingston3.png,16004359912220362724
DONA_Database,Stauroneis,Spikuni1.png,9659420799244431357
DONA_Database,Stauroneis,Staurosboyntoniae1.png,17606272679736915398
DONA_Database,Stauroneis,Skootenai3.png,15152675120733236210
DONA_Database,Stauroneis,Stauroneis_smithii_15632_SEM_122.png,14802325013192006331
DONA_Database,Stauroneis,Stauroneis-staurolineata-ME10009_B_101317_195_c.png,13734537610022468199
DONA_Database,Stauroneis,Stsubmarginalis2.png,14744548100593301491
DONA_Database,Stauroneis,Ssiberica1.png,14068655614217437876
DONA_Database,Stauroneis,Staurossacaja2.png,16073744867295823692
DONA_Database,Stauroneis,Sacidoclinata5.png,9476514184071428862
DONA_Database,Stauroneis,Sacuta1.png,13637810559394582497
DONA_Database,Stauroneis,Ssuperkuelbs4.png,15357110232179681146
DONA_Database,Stauroneis,Stauroneis-staurolineata-ME10001_B_111717_01_c.png,17193582925496028018
DONA_Database,Stauroneis,Sneohyalina1.png,9469755607427623890
DONA_Database,Stauroneis,Slauenburg1.png,10914821328105460565
DONA_Database,Stauroneis,Ssubbor6.png,9686466452539175427
DONA_Database,Stauroneis,Sacidoclinatopsis5.png,10641298045261243210
DONA_Database,Stauroneis,Sphoen5.png,14903080967239794211
DONA_Database,Stauroneis,st_smit_incis_15654c_03222016_09_stauroneis_sp1_SESQA_cl.png,10350033641431597839
DONA_Database,Stauroneis,Stsubmarginalis3.png,9719117581792183036
DONA_Database,Stauroneis,Slivingston1.png,15999855763979568996
DONA_Database,Stauroneis,Sconspic2.png,15509878301892214355
DONA_Database,Stauroneis,Stauroneis-staurolineata-NH10067_A_121117_25_c.png,13813351290687826535
DONA_Database,Stauroneis,Stpseudagrestis4.png,10649742089495276454
DONA_Database,Stauroneis,Samer5.png,14364419479773759284
DONA_Database,Stauroneis,Ssuperkuelbs5.png,9443341665369219705
DONA_Database,Stauroneis,Sgracilis2.png,15469155107149985051
DONA_Database,Stauroneis,STbovbjergii-5.png,14746948832730292850
DONA_Database,Stauroneis,Samer2.png,11218938265915462468
DONA_Database,Stauroneis,Staurossmithii6.png,14684616673696440880
DONA_Database,Stauroneis,Sschroederi1.png,14620211021043305321
DONA_Database,Stauroneis,Samer3.png,10082290598546768870
DONA_Database,Stauroneis,Ssubbor4.png,9507448249505440408
DONA_Database,Stauroneis,Sschroederi2.png,11184430672249072463
DONA_Database,Stauroneis,Stpseudagrestis2.png,14572866081455380290
DONA_Database,Stauroneis,Sabsaroka1.png,16630712102611132260
DONA_Database,Stauroneis,Ssonyae5.png,18355582276249722779
DONA_Database,Stauroneis,Sfluminopsis1.png,14232618711417398392
DONA_Database,Stauroneis,Skish7septa.png,15110711223469894092
DONA_Database,Stauroneis,Sacidoclinatopsis3.png,15556392351496845075
DONA_Database,Stauroneis,Ssiberica3.png,10495180113790199226
DONA_Database,Stauroneis,STbovbjergii-2.png,14806331969697361498
DONA_Database,Stauroneis,Staurossmithii2.png,16060084514248755870
DONA_Database,Stauroneis,Sfinlandia6pseudosepta.png,10088336655497680660
DONA_Database,Stauroneis,Staurosthompson3.png,15475469094622799631
DONA_Database,Stauroneis,Sacidoclinata6.png,9690559110311786333
DONA_Database,Stauroneis,Sneohyalina2.png,10649276830199114561
DONA_Database,Stauroneis,Ssonyae6.png,9976104161506431996
DONA_Database,Stauroneis,Sheinii4.png,14027885544476455147
DONA_Database,Stauroneis,Sabsaroka6.png,15422409949119981244
DONA_Database,Stauroneis,Sbryocola5.png,9709032065838974706
DONA_Database,Stauroneis,Sfluminopsis2.png,13864172167044244862
DONA_Database,Stauroneis,Sneohyalina5.png,10630673048327334793
DONA_Database,Stauroneis,Skootenai2.png,14769643200580216160
DONA_Database,Stauroneis,Slivingston5.png,14098023650126287431
DONA_Database,Stauroneis,Spax1.png,10554535275684557381
DONA_Database,Stauroneis,Sreichardtii3.png,9452314466754782166
DONA_Database,Stauroneis,Stagrestis5.png,14676031004515746630
DONA_Database,Stauroneis,Ssubmarginalis3.png,18106068893710246488
DONA_Database,Stauroneis,Svandevijveri4.png,15228741896024597418
DONA_Database,Stauroneis,Sfluminopsis4.png,9453935103420146421
DONA_Database,Stauroneis,Srex3.png,15345221445636133592
DONA_Database,Stauroneis,Ssuperkuelbs6.png,15474730202408367343
DONA_Database,Stauroneis,Sreichardtii2.png,9502028040304437202
DONA_Database,Stauroneis,STkings_186.png,16330526674430341826
DONA_Database,Stauroneis,Sconspic3.png,10872016003985967099
DONA_Database,Stauroneis,Sbryocola3.png,9442214641411870713
DONA_Database,Stauroneis,Stauroneis-staurolineata-SEM_ME-10009_041918_Mix_006.png,11446036213788902260
DONA_Database,Stauroneis,Sbryocola1.png,12949463236454040155
DONA_Database,Stauroneis,Stregina3.png,10498312587662713486
DONA_Database,Stauroneis,Stkriegeri5.png,14608811179487794134
DONA_Database,Stauroneis,Sanceps3.png,11811954071651599262
DONA_Database,Stauroneis,Scircumbor3.png,9448408490893156976
DONA_Database,Stauroneis,Sacuta3.png,11064268083070381801
DONA_Database,Stauroneis,Sbeesk6.png,14653161129901138778
DONA_Database,Stauroneis,Sanceps7.png,9424201878049227763
DONA_Database,Stauroneis,Skootenai5.png,10656102987037354942
DONA_Database,Stauroneis,Stsupergracilis1.png,15477016614288275333
DONA_Database,Stauroneis,Slauenburg4.png,14649079613889577844
DONA_Database,Stauroneis,st_smit_incis_15654c_03222016_03_stauroneis_sp1_SESQA_cl.png,10352286277689471754
DONA_Database,Stauroneis,Ssuperkuelbs1.png,14293976774992340923
DONA_Database,Stauroneis,Sheinii1.png,14629517053624525600
DONA_Database,Stauroneis,Staurossacaja4.png,10055901335388177267
DONA_Database,Stauroneis,Sangustilanc1.png,14287152115995293304
DONA_Database,Stauroneis,Scircumbor5.png,15452247464862234159
DONA_Database,Stauroneis,Sheinii6.png,10499102261024613080
DONA_Database,Stauroneis,Sphoen4.png,14169233334149199802
DONA_Database,Stauroneis,Sphoen2.png,17563049831599976147
DONA_Database,Stauroneis,Staurosthompson6.png,9479865269463573330
DONA_Database,Stauroneis,Srex1.png,15461755461922544216
DONA_Database,Stauroneis,Stauroneis-staurolineata-ME10009_B_012318_09_c.png,16876946792340630353
DONA_Database,Stauroneis,Ssubbor1.png,14066497775134819120
DONA_Database,Stauroneis,Stauroneis_separanda_2.png,15144775476478615199
DONA_Database,Stauroneis,Stsupergracilis8.png,9508294846614696668
DONA_Database,Stauroneis,Ssuperkuelbs2.png,15498587130830923578
DONA_Database,Stauroneis,Sancepsfallax4.png,14320684373607921359
DONA_Database,Stauroneis,Stauroneis_separanda_4.png,14694406640152753392
DONA_Database,Stauroneis,Sacuta5.png,11735363887447886919
DONA_Database,Stauroneis,Sschroederi3.png,16419408267137141641
DONA_Database,Stauroneis,Sanceps6.png,11755859815042016078
DONA_Database,Stauroneis,Sakamina6.png,14287222519093344062
DONA_Database,Stauroneis,Staurosboyntoniae6.png,15425788565273026277
DONA_Database,Stauroneis,Skish2.png,17226963791471534652
DONA_Database,Stauroneis,Sbeesk1.png,12323674175944838001
DONA_Database,Stauroneis,Sreichardtii1.png,14322374688732623890
DONA_Database,Stauroneis,Samer4.png,14999361153174364847
DONA_Database,Stauroneis,Sancepsfallax3.png,11755930179523504993
DONA_Database,Stauroneis,Spikuni3.png,12902026426499525586
DONA_Database,Stauroneis,Slauenburg3.png,16036188718681627277
DONA_Database,Stauroneis,Staurossacaja5.png,10026768237223109469
DONA_Database,Stauroneis,Samphiceph5.png,15452246296648193598
DONA_Database,Stauroneis,Stagrestis7.png,16044188310085507006
DONA_Database,Stauroneis,Sacidoclinatopsis1.png,14890318907432318572
DONA_Database,Stauroneis,st_smit_incis_15654c_03222016_07_stauroneis_sp1_SESQA_cl.png,16116942087774135939
DONA_Database,Stauroneis,Sabsaroka4.png,15435217785325623197
DONA_Database,Stauroneis,Ssubbor7.png,12920524592464085621
DONA_Database,Stauroneis,Staurossmithii7.png,16107863136188835700
DONA_Database,Stauroneis,Skish4.png,10584423779090641638
DONA_Database,Stauroneis,Sgracilis4.png,15531060003030763469
DONA_Database,Stauroneis,Sakamina5.png,17192810063392480974
DONA_Database,Stauroneis,Sakamina4.png,10852945614743770844
DONA_Database,Stauroneis,Stauroneis_separanda_1.png,18131738742633772813
DONA_Database,Stauroneis,Sabsaroka3.png,15464631779669120966
DONA_Database,Stauroneis,Sfinlandia5.png,12529332358231086923
DONA_Database,Stauroneis,Ssuperkuelbs3.png,12331968647383732878
DONA_Database,Stauroneis,Stagrestis6.png,12370249446115820322
DONA_Database,Stauroneis,Stauroneis_separanda_3.png,17266010406675070752
DONA_Database,Stauroneis,Sphoen3.png,10596790928703572905
DONA_Database,Stauroneis,Staurosboyntoniae3.png,12914560644283902793
DONA_Database,Stauroneis,Sakamina2.png,17285204154710269508
DONA_Database,Stauroneis,Slauenburg5.png,15747395392857461638
DONA_Database,Stauroneis,Svandevijveri3.png,10659277752772617119
DONA_Database,Stauroneis,Srex5.png,12542315197875461692
DONA_Database,Stauroneis,st_smit_incis_15654c_03222016_02_stauroneis_sp1_SESQA_cl.png,10064064423251014198
DONA_Database,Stauroneis,Skish5.png,9413504494271231829
DONA_Database,Stauroneis,Sgracilis1.png,10019785088541876843
DONA_Database,Stauroneis,Sanceps1.png,15460023221312468600
DONA_Database,Stauroneis,Stauroneis-staurolineata-SEM_10u_ME-10007_042618_mix_015.png,15974876735607763197
DONA_Database,Stauroneis,Svandevijveri7.png,12898728753807221581
DONA_Database,Stauroneis,stauroneis_smithii_incisa_1um_15592_mix_103.png,10546052512245436911
DONA_Database,Stauroneis,Sanceps5.png,15475574927987258904
DONA_Database,Stauroneis,Staurossacaja6.png,10062516520264295002
DONA_Database,Stauroneis,Sancepsfallax2.png,17750349255038109665
DONA_Database,Stauroneis,Sfluminopsis3.png,9388665113557660281
DONA_Database,Stauroneis,Ssubbor5.png,15219735484364564420
DONA_Database,Stauroneis,Sfinlandia2.png,17155373691729762291
DONA_Database,Stauroneis,Sangustilanc4.png,15427406440258420332
DONA_Database,Stauroneis,Sitalica3_1.png,10895729366139876958
DONA_Database,Stauroneis,Skish7.png,15254832977846166238
DONA_Database,Stauroneis,Ssiberica5.png,13489887920352969552
DONA_Database,Stauroneis,Srex6.png,12412401204845705918
DONA_Database,Stauroneis,Sgracilis7.png,11188538856291566281
DONA_Database,Stauroneis,Ssonyae4.png,11214381850000286491
DONA_Database,Stauroneis,Ssubbor3.png,16582580551599216500
DONA_Database,Stauroneis,Slauenburg6.png,14403629826714310460
DONA_Database,Stauroneis,Svandevijveri1.png,12355401768857830271
DONA_Database,Stauroneis,STbovbjergii-1.png,16116712749700157093
DONA_Database,Stauroneis,Sitalica2_1.png,12343658622802736025
DONA_Database,Stauroneis,Sgracilis5.png,9437360980380889736
DONA_Database,Stauroneis,Sacidoclinata3.png,11769661155038098283
DONA_Database,Stauroneis,Sphoen1.png,15295115261725587173
DONA_Database,Stauroneis,Samphiceph4.png,17442366952750363203
DONA_Database,Stauroneis,Svandevijveri5.png,14115897143036568390
DONA_Database,Stauroneis,Spikuni7.png,15071600440864706506
DONA_Database,Stauroneis,Samer6.png,14335916404795324357
DONA_Database,Stauroneis,Samphiceph2.png,10616178178541658777
DONA_Database,Stauroneis,Stagrestis4.png,10063773122500674334
DONA_Database,Stauroneis,Stauroneis-staurolineata-MEHP003_A_110817_40_c.png,13732567423696762887
DONA_Database,Stauroneis,Stpseudagrestis5.png,18139720899073873671
DONA_Database,Stauroneis,Sfinlandia6.png,9623322543519487744
DONA_Database,Stauroneis,Ssonyae1.png,12961760933661043588
DONA_Database,Stauroneis,Sbeesk5.png,13522459741682729558
DONA_Database,Stauroneis,Stregina1.png,15253990344522904167
DONA_Database,Stauroneis,Staurosboyntoniae2.png,11704360296166761395
DONA_Database,Stauroneis,Sreichardtii6.png,10604777182488547926
DONA_Database,Stauroneis,Ssubmarginalis5.png,10836621831867398051
DONA_Database,Stauroneis,Ssiberica4.png,11810546679053525894
DONA_Database,Stauroneis,Srex7.png,13572147567174959942
DONA_Database,Stauroneis,Sbacon3.png,9691853779929792134
DONA_Database,Stauroneis,Sabsaroka2.png,10658147476981506718
DONA_Database,Stauroneis,Ssubmarginalis1.png,16404287165020742246
DONA_Database,Stauroneis,Sheinii3.png,15082465299489924911
DONA_Database,Stauroneis,Sfinlandia3.png,15784669589002147723
DONA_Database,Stauroneis,Spax6.png,9384692285049217255
DONA_Database,Stauroneis,Sacuta2.png,15714864077201817289
DONA_Database,Stauroneis,Sfinlandia1.png,10595400465212131193
DONA_Database,Stauroneis,Sreichardtii4.png,10586130565796307862
DONA_Database,Stauroneis,STbovbjergii-3.png,15712251466285750011
DONA_Database,Stauroneis,Sfluminopsis6.png,16065792463763617358
DONA_Database,Stauroneis,Stkriegeri3.png,10064336070271722454
DONA_Database,Stauroneis,Slauenburg7.png,10074197070364109449
DONA_Database,Stauroneis,Stauroneis_separanda_5.png,15059298227511508992
DONA_Database,Stauroneis,Sancepsfallax1.png,10536520244141943657
DONA_Database,Stauroneis,Ssubbor2.png,14275012674933129082
DONA_Database,Stauroneis,Sbeesk2.png,9419628133551008718
DONA_Database,Stauroneis,Sangustilanc3.png,9425256933012028081
DONA_Database,Stauroneis,Sreichardtii5.png,15432263604817110743
DONA_Database,Stauroneis,Sancepsfallax5.png,15484476134969443964
DONA_Database,Stauroneis,Scircumbor6.png,10865348193344316913
DONA_Database,Stauroneis,Slivingston4.png,15431980846713927367
DONA_Database,Stauroneis,Staurosboyntoniae5.png,10613783847490589429
DONA_Database,Stauroneis,Sbryocola4.png,16636676501128757084
DONA_Database,Stauroneis,Sfluminopsis5.png,10073000111302197942
DONA_Database,Stauroneis,Stagrestis2.png,15761451397844833254
DONA_Database,Stauroneis,Staurossmithii3.png,16035322990279026672
DONA_Database,Stauroneis,Sbacon5.png,14309388295030407048
DONA_Database,Stauroneis,Sacidoclinata2.png,16461503543043763826
DONA_Database,Stauroneis,Sancepsfallax6.png,12920612991928652574
DONA_Database,Stauroneis,Staurosthompson1.png,15818605586916847497
DONA_Database,Stauroneis,Sangustilanc7.png,9666530357973808990
DONA_Database,Stauroneis,Spikuni5.png,9708960579335157275
DONA_Database,Stauroneis,Sakamina7.png,11791968642871034750
DONA_Database,Stauroneis,Sabsaroka5.png,11761709330709021308
DONA_Database,Stauroneis,Staurosthompson5.png,16056864725645993898
DONA_Database,Stauroneis,Sacidoclinatopsis2.png,15470790012220012263
DONA_Database,Stauroneis,Spax2.png,15451982586130012110
DONA_Database,Stauroneis,Stpseudagrestis6.png,11757769948589540142
DONA_Database,Stauroneis,Staurossacaja3.png,9984266916966589136
DONA_Database,Stauroneis,Ssubmarginalis4.png,15207950727062938137
DONA_Database,Stauroneis,Samphiceph3.png,15435780120023963451
DONA_Database,Stauroneis,Stauroneis-staurolineata-NH10891_A_110117_09_c.png,16190739261502894181
DONA_Database,Stauroneis,Spikuni6.png,17765971180229336722
DONA_Database,Stauroneis,STkings_137.png,15465265170918459209
DONA_Database,Stauroneis,Srex2.png,12022149233424285209
DONA_Database,Stauroneis,Stpseudagrestis7.png,12373767894063792938
DONA_Database,Stauroneis,STkings_122.1a.png,12344785678581457517
DONA_Database,Stauroneis,Ssiberica2.png,14181557081548143738
DONA_Database,Stauroneis,Spax5.png,9404412671358862863
DONA_Database,Stauroneis,Sbryocola2.png,11064323366839738717
DONA_Database,Stauroneis,stauroneis_smithii_incisa_10um_15592_mix_104.png,15670567948947235220
DONA_Database,Stauroneis,st_smit_incis_15654c_03222016_10_stauroneis_sp1_SESQA_cl.png,14675610321596625490
DONA_Database,Stauroneis,Stpseudagrestis1.png,14011098858949421885
DONA_Database,Stauroneis,Stregina6.png,9335222323321135929
DONA_Database,Stauroneis,STbovbjergii-4.png,14806323041832839120
DONA_Database,Stauroneis,Skootenai4.png,12875084934675557313
DONA_Database,Stauroneis,Spax3.png,10063429919147250286
DONA_Database,Stauroneis,Sacidoclinata1.png,14334755665751457459
DONA_Database,Stauroneis,st_smit_incis_15654c_03222016_07a_stauroneis_sp1_SESQA_cl.png,16044892162367006346
DONA_Database,Stauroneis,Sanceps4.png,16628953536298686044
DONA_Database,Stauroneis,Stkriegeri1.png,9892498450052051286
DONA_Database,Stauroneis,Stregina7.png,10596265394221802039
DONA_Database,Stauroneis,Sitalica4_1.png,15428497979903653460
DONA_Database,Stauroneis,Samphiceph6.png,9506445468056802198
DONA_Database,Stauroneis,Sakamina1.png,17769349064596455051
DONA_Database,Stauroneis,Ssonyae3.png,17384718489132290984
DONA_Database,Stauroneis,Sbacon1.png,13531896948259728258
DONA_Database,Stauroneis,STkings_117.png,13497126718392255026
DONA_Database,Stauroneis,Sneohyalina3.png,16044744065487572579
DONA_Database,Stauroneis,Staurossmithii5.png,16061349724929901066
DONA_Database,Stauroneis,Sbacon4.png,12946789761074752410
DONA_Database,Stauroneis,Staurossmithii1.png,18017390734933879462
DONA_Database,Stauroneis,Samer1.png,18348994124985824907
DONA_Database,Stauroneis,Sanceps2.png,9383083209511307227
DONA_Database,Stauroneis,Stkriegeri2.png,15463928224289768132
DONA_Database,Stauroneis,Sangustilanc5.png,15465757766073136796
DONA_Database,Stauroneis,st_smit_incis_15654a_09162015_12_cl.png,16116681392265077592
DONA_Database,Stauroneis,Skootenai1.png,10566988473437219640
DONA_Database,Stauroneis,Stpseudagrestis3.png,14081555407558239062
DONA_Database,Stauroneis,Sbeesk4.png,10658112550978348699
DONA_Database,Stauroneis,Slivingston2.png,16134401033098463007
DONA_Database,Stauroneis,Samphiceph1.png,14043909607697924687
DONA_Database,Stauroneis,Stkriegeri4.png,15756965112287900660
DONA_Database,Stauroneis,Scircumbor1.png,14330288422441350962
DONA_Database,Stauroneis,Sacuta4.png,10095167100578212652
DONA_Database,Stauroneis,Sacidoclinata7.png,14027901301772628615
DONA_Database,Stauroneis,Sschroederi4.png,13520673252759858167
DONA_Database,Stauroneis,Skish3.png,14310320046837564221
DONA_Database,Stauroneis,Ssiberica7.png,16613189700656531230
DONA_Database,Stauroneis,Slivingstonii_holotype_ANSPGC44272a.png,15485003425351692043
DONA_Database,Stauroneis,Stagrestis1.png,10068356505396372354
DONA_Database,Stauroneis,Ssiberica6.png,12909564903131497342
DONA_Database,Stauroneis,Sbacon6.png,12928845550913383175
DONA_Database,Stauroneis,Skish1.png,16125534469868037684
DONA_Database,Stauroneis,Stregina2.png,9497862625534468748
DONA_Database,Stauroneis,STkings_SEM_1.png,10954781785164902360
DONA_Database,Stauroneis,Sheinii2.png,14854306289413109383
DONA_Database,Stauroneis,Sfinlandia4.png,16326310983640009513
DONA_Database,Stauroneis,Staurosthompson2.png,16025331242771707539
DONA_Database,Stauroneis,Sconspic1.png,9684753656440149862
DONA_Database,Stauroneis,Sneohyalina6.png,10062083938673157096
DONA_Database,Stauroneis,STkings_SEM_2.png,16823848421698666379
DONA_Database,Stauroneis,STkings_129.6_.png,12346122676206379637
DONA_Database,Stauroneis,Spikuni2.png,9491534937764979591
DONA_Database,Stauroneis,Slauenburg2.png,16116660721749927620
DONA_Database,Stauroneis,Spikuni4.png,10605269720176831305
DONA_Database,Stauroneis,Staurosboyntoniae4.png,14273570228954240708
DONA_Database,Stauroneis,Sheinii5_1.png,14166946608197350766
DONA_Database,Stauroneis,Sangustilanc2.png,16059037344547763822
DONA_Database,Stauroneis,STbovbjergii-6.png,15396180226931156751
DONA_Database,Stauroneis,Sacidoclinatopsis4.png,15484334306018440796
DONA_Database,Stauroneis,Sangustilanc6.png,15455590191730177563
DONA_Database,Stauroneis,Scircumbor2.png,9709544334084290303
DONA_Database,Stauroneis,Stagrestis3.png,14064174635908551495
DONA_Database,Stauroneis,Sgracilis6.png,15325004734314063257
DONA_Database,Stauroneis,Staurosthompson4.png,14877426002999968764
DONA_Database,Stauroneis,Sbacon2.png,13518737955515801433
DONA_Database,Stauroneis,Sneohyalina4.png,17450169470549263250
DONA_Database,Stauroneis,Staurossacaja1.png,16004774248317155015
DONA_Database,Stauroneis,stauroneis_smithii_incisa_10um_15592_mix_024.png,14523186176412771884
DONA_Database,Stauroneis,Ssonyae2.png,17745106272064405015
DONA_Database,Stauroneis,Spax4.png,16029412113915511412
DONA_Database,Stauroneis,Stauroneis-staurolineata-NH10067_A_121117_35_c.png,11785064804011017029
DONA_Database,Stauroneis,Staurosboyntoniae7.png,14271781032032280258
DONA_Database,Stauroneis,Stkriegeri6.png,12612880980151159282
DONA_Database,Stauroneis,Sakamina3.png,11717795210787665702
DONA_Database,Pleurosigma,P.inflatum8a.png,18080441276823084705
DONA_Database,Pleurosigma,P.inflatum5a.png,10062938167406281569
DONA_Database,Pleurosigma,P.inflatum3a.png,15541685352205047491
DONA_Database,Pleurosigma,P.inflatum7a.png,16034786471046553248
DONA_Database,Pleurosigma,P.inflatum1a.png,10296979767003995841
DONA_Database,Fragilaria,57578_Fragilaria_pennsylvanica_a2.png,16045683710816332193
DONA_Database,Fragilaria,Fragilaria_socia_B1_33.1_108.7_AckerNikon_4036a_crop.png,16117156219467826049
DONA_Database,Fragilaria,GC102316b_5.png,10374592328844690182
DONA_Database,Fragilaria,FRampicephaloides-1a.png,17344282519432367857
DONA_Database,Fragilaria,F_synegrotesca_2_63.82.png,16835659017313527387
DONA_Database,Fragilaria,F_tenera_114970-5_10_um_bar.png,11143526988226688450
DONA_Database,Fragilaria,14372_mix_027.png,9422213483995044140
DONA_Database,Fragilaria,F_tenera_114970-7_10_um_bar.png,18056421520108073995
DONA_Database,Fragilaria,F_tenera_114970-3_10_um_bar.png,16858112185359396877
DONA_Database,Fragilaria,F_synegrotesca_4_94.541.png,13593344431070993094
DONA_Database,Fragilaria,NorthHillsPondGG17_1um.png,13864366402075309086
DONA_Database,Fragilaria,14258_bse_026.png,11035389427649604305
DONA_Database,Fragilaria,2015-016-1.png,12378361028509356692
DONA_Database,Fragilaria,NorthHillsPondGG22_10um.png,15611980736218558073
DONA_Database,Fragilaria,frag_1_14381_clm.png,11937450879370579545
DONA_Database,Fragilaria,Fragilaria_socia_C_42.6_114.1_AckerNikon_4036a_crop.png,10307389413130580830
DONA_Database,Fragilaria,F_tenera_114970-9_10_um_bar.png,17416098817736217711
DONA_Database,Fragilaria,Fragiliaria_2_14374_clm.png,16047838787478956845
DONA_Database,Fragilaria,57578_Fragilaria_pennsylvanica_01.png,15755179544915586899
DONA_Database,Fragilaria,57578_Fragilaria_pennsylvanica_19.png,16043409886717322182
DONA_Database,Fragilaria,Fragilaria_9_14379_clm.png,10081787182735901692
DONA_Database,Fragilaria,Synedra_socia_04_37.2_113.0_AckerNikon_4036a_crop.png,15831665632015496975
DONA_Database,Fragilaria,ANSP_GC112455-1.png,12020698772638594661
DONA_Database,Fragilaria,57578_Fragilaria_pennsylvanica_18.png,14892753905410300744
DONA_Database,Fragilaria,F_tenera_114970-8_10_um_bar.png,15233020731049321513
DONA_Database,Fragilaria,FRampicephaloides-4a.png,12513093644909630250
DONA_Database,Fragilaria,SEM_Fragilaria_vaucheriae_gsn91856_COOK_2001_7_2micron.png,12268540648541982329
DONA_Database,Fragilaria,Fragilaria_vaucheriae_fat_14372_clm.png,10062093542219695049
DONA_Database,Fragilaria,ANSP_GC112455-11.png,16633566465459899062
DONA_Database,Fragilaria,FRmesolepta-7.png,16081264056051491826
DONA_Database,Fragilaria,F_synegrotesca_3_76.5.png,16475951571766171335
DONA_Database,Fragilaria,Fragilaria_socia_A_36.3_106.6_AckerNikon_4036a_crop.png,17271010291386684033
DONA_Database,Fragilaria,Image2.png,10212321879653512083
DONA_Database,Fragilaria,FRmesolepta-5.png,10350661858265830233
DONA_Database,Fragilaria,57578_Fragilaria_pennsylvanica_16.png,14602173963399998120
DONA_Database,Fragilaria,F_synegrotesca_Diaterm_III_321_VV.png,9649307905076525610
DONA_Database,Fragilaria,ANSP_GC112455-6.png,13368608287815743082
DONA_Database,Fragilaria,14372_mix_028.png,10001162872802167669
DONA_Database,Fragilaria,14372_mix_020.png,13643603078001562768
DONA_Database,Fragilaria,F_synegrotesca_7_72.92.png,9776323771746778225
DONA_Database,Fragilaria,FRmesolepta-4.png,12512673525202072333
DONA_Database,Fragilaria,ANSP_GC112455-3.png,12368525791848096856
DONA_Database,Fragilaria,Fragilaria_vaucheriae_fat_3_14372_clm.png,15468356726983793491
DONA_Database,Fragilaria,F_synegrotesca_Diaterm_III_315_GV_VV.png,10757536232644110959
DONA_Database,Fragilaria,Fragilaria_socia_D_36.8_113.2_AckerNikon_4036a_crop.png,10333918659745858514
DONA_Database,Fragilaria,SEM_Fragilaria_vaucheriae_gsn99810_ACAD_2002_2micron.png,9276869395431275608
DONA_Database,Fragilaria,FRdistans-7.png,18420831398485164956
DONA_Database,Fragilaria,SEM_Fragilaria_vaucheriae_gsn91856_COOK_2001_10micron.png,10441473010804810718
DONA_Database,Fragilaria,F_synegrotesca_1_43.455.png,13561836808531782990
DONA_Database,Fragilaria,F_tenera_114970-4_10_um_bar.png,17934542510649861227
DONA_Database,Fragilaria,14372_mix_021.png,11882039938338023814
DONA_Database,Fragilaria,F_synegrotesca_Diaterm_III_303_GV.png,10762031586336864862
DONA_Database,Fragilaria,14258_bse_028.png,13888871728192933074
DONA_Database,Fragilaria,FRmesolepta-1.png,12515068586808107551
DONA_Database,Fragilaria,SEM_Fragilaria_vaucheriae_gsn91856_COOK_2001_5_b_2micron.png,15966709261822607439
DONA_Database,Fragilaria,FRamphicephaloides-6a.png,17189501512321794883
DONA_Database,Fragilaria,Synedra_socia_06_37.2_116.9_AckerNikon_4036a_crop.png,10209579378756117316
DONA_Database,Fragilaria,FRamphicephaloides-3a.png,17992268110790145886
DONA_Database,Fragilaria,FRmesolepta-2.png,17095506464372962160
DONA_Database,Fragilaria,Image4.png,10207114276898403105
DONA_Database,Fragilaria,57578_Fragilaria_pennsylvanica_13.png,16045674979413901686
DONA_Database,Fragilaria,FRmesolepta-3.png,16045029486006399530
DONA_Database,Fragilaria,FRdistans-5.png,15755245870823343962
DONA_Database,Fragilaria,Image1.png,11756361065833253913
DONA_Database,Fragilaria,NorthHillsPondGG16_1um.png,9227733234164524967
DONA_Database,Fragilaria,ANSP_GC112455-5.png,12940752347261473645
DONA_Database,Fragilaria,F_synegrotesca_6_125.46.png,13584003902498728701
DONA_Database,Fragilaria,57578_Fragilaria_pennsylvanica_09.png,16043502315717902682
DONA_Database,Fragilaria,Image3.png,10063210212234924825
DONA_Database,Fragilaria,F_tenera_114970-6_10_um_bar.png,11210666273710711981
DONA_Database,Fragilaria,FRamphicephaloides-2a.png,15756232406006490651
DONA_Database,Fragilaria,Fragiliaria_5_14374_clm.png,10172492986566341475
DONA_Database,Fragilaria,Fragilaria_socia_E_39.7_117.3_AckerNikon_4036a_crop.png,12655665420369679174
DONA_Database,Fragilaria,F_synegrotesca_Diaterm_III_329_Internal_VV.png,17317080928316906165
DONA_Database,Fragilaria,15605a_08202015_19_cl.png,14316015235421408158
DONA_Database,Navicula,Navicula_eidrigiana_372501_11.png,15431435738043524699
DONA_Database,Navicula,ANSP25741-6_CROPPED_S.png,11053201376165859128
DONA_Database,Navicula,GS107185_4.png,17666208174007392192
DONA_Database,Navicula,NRSA0406_GC113396_9.png,15256118050446862668
DONA_Database,Navicula,Navicula_subwalkeri_245001_2.png,11212253234476615394
DONA_Database,Navicula,GC107320_GS141643_NAviridulacal3.png,18221005409027636386
DONA_Database,Navicula,Navcari6.png,15177408934110409468
DONA_Database,Navicula,Nflat4.png,15468008886215063166
DONA_Database,Navicula,Nrein3.png,16136159987630737371
DONA_Database,Navicula,Ncaroliniae5.png,17729239460777101220
DONA_Database,Navicula,Navicula_eidrigiana_489501_15219.png,14028145824927863718
DONA_Database,Navicula,GSN24379_6.png,18031710818398281507
DONA_Database,Navicula,navicula_peregrina_004.png,11234758290994587621
DONA_Database,Navicula,15747a_01232017_06_cl.png,14099289757024146021
DONA_Database,Navicula,mo308_14.png,10752177857847122251
DONA_Database,Navicula,Navicula_capitatoradiata3.png,11775598690319756179
DONA_Database,Navicula,Nwalk3.png,13542852620633294727
DONA_Database,Navicula,Nauro3.png,9508716804670026240
DONA_Database,Navicula,2_Navicula_symmetrica_TE001305_2.png,13099364410845834516
DONA_Database,Navicula,Navicula_subwalkeri_1.png,15261687645058902003
DONA_Database,Navicula,Nstrec6.png,10632563507754002032
DONA_Database,Navicula,Navtreslatera7.png,11793155360620497758
DONA_Database,Navicula,GS129295_23.png,10781377174679718649
DONA_Database,Navicula,Nrhynchotella3small.png,16633755103039788860
DONA_Database,Navicula,ANSP-111636a-1_cropped_S.png,13948957419776985930
DONA_Database,Navicula,GS027521_30a.png,15125584423542906896
DONA_Database,Navicula,N_cryptocephala_3.png,12336191000258644801
DONA_Database,Navicula,Noblong4.png,9480988933904117843
DONA_Database,Navicula,Navcincta2.png,10054132642119963569
DONA_Database,Navicula,46859_LM6.png,12919063983523140465
DONA_Database,Navicula,N_cryptocephala_2.png,14073744886661677795
DONA_Database,Navicula,Navicula_genovefae_SEM2.png,15893602323476901941
DONA_Database,Navicula,NCPA0162_NAang_1.png,14397971509134248212
DONA_Database,Navicula,Navicula_elsoniana_GC8215a_52.png,10623661859048573872
DONA_Database,Navicula,GSN24379_02_1_1592346697235558.png,13937079799168977966
DONA_Database,Navicula,46649_LM3.png,16979859886710557657
DONA_Database,Navicula,Naviculaharmoniae_2.png,9693730601948852760
DONA_Database,Navicula,Nrhynchotella1small.png,10596333096903789424
DONA_Database,Navicula,46649_LM5.png,18320539053997594243
DONA_Database,Navicula,NCPA0160_NAang_2.png,15288115075850808533
DONA_Database,Navicula,GS113649_1.png,17844345443221910424
DONA_Database,Navicula,Nwildii4.png,10634542787049753581
DONA_Database,Navicula,Nlepto1.png,12909417512878360998
DONA_Database,Navicula,Nlepto6.png,9451820300706802428
DONA_Database,Navicula,Navwhitefish5_small.png,12098332259078938172
DONA_Database,Navicula,Nstrec1.png,9470890445123382129
DONA_Database,Navicula,na_ingenua_1um_15649_mix_005.png,11095466373917534372
DONA_Database,Navicula,NCPA0160_20.png,10504756865226710286
DONA_Database,Navicula,Navcincta4.png,14919075911473959728
DONA_Database,Navicula,46104_LM4_1.png,12925600177529966350
DONA_Database,Navicula,Navcincta5.png,14923790400168956786
DONA_Database,Navicula,46649_LM1.png,12342946133389352897
DONA_Database,Navicula,46649_SEM3.png,15294057522580437219
DONA_Database,Navicula,Naitchelbee1.png,12352094761085307650
DONA_Database,Navicula,Navoppug5.png,15270580355178176513
DONA_Database,Navicula,15756a_06132016_02_cl.png,15540512006259356497
DONA_Database,Navicula,Nwildii3.png,12946007102074178369
DONA_Database,Navicula,Nlepto4.png,14100000903022888221
DONA_Database,Navicula,GC104413a_GSN00987_NAamm2b.png,17615992412424777868
DONA_Database,Navicula,salinarum_002.png,9402835377853965258
DONA_Database,Navicula,Navicula_walkeri_GC8188A_41.png,18059540759749044109
DONA_Database,Navicula,ANSP-106458b-3_cropped_S.png,16982758448744175425
DONA_Database,Navicula,Navicula_antonii6.png,14610140149051083724
DONA_Database,Navicula,GS138229_NAlib2.png,14115157061649326897
DONA_Database,Navicula,Navcryptofallax1.png,15216110694663572227
DONA_Database,Navicula,46859_LM3.png,17765553277733882449
DONA_Database,Navicula,NRSA0167_07.png,13855994115950075198
DONA_Database,Navicula,navicula_peregrina_003.png,10661951753247073198
DONA_Database,Navicula,N_goersii_1.png,13187085105248923445
DONA_Database,Navicula,Nstrec2.png,9490628775325098921
DONA_Database,Navicula,46648_SEM2.png,13895047315390818652
DONA_Database,Navicula,Nludlov1.png,11230215097954043452
DONA_Database,Navicula,Nduerrenberg1.png,10975557107734412767
DONA_Database,Navicula,46104_SEM2_1.png,13843916559462305017
DONA_Database,Navicula,Noblong1.png,15223978481005359239
DONA_Database,Navicula,Boyer_E-2-21_1_cropped.png,16588202896020379226
DONA_Database,Navicula,MO000118_GC109491a_3.png,16278996237849617299
DONA_Database,Navicula,Nwalk1.png,9959145021625566046
DONA_Database,Navicula,Navicula_nunivakiana_GC8232B_12.png,14638930337742857089
DONA_Database,Navicula,NCPA0160_NAang_4.png,14148343752092859728
DONA_Database,Navicula,Navicula_margalithii_395001_2.png,14676664579828253528
DONA_Database,Navicula,46649_LM7.png,18305625538378832423
DONA_Database,Navicula,Ngalloae1.png,10632291039812538281
DONA_Database,Navicula,Nrein5.png,9455975827191980449
DONA_Database,Navicula,Naitchelbee4.png,15252386364226028465
DONA_Database,Navicula,GCMM3525_05.png,12747499266804771959
DONA_Database,Navicula,GS020273_12.png,11763952596958542396
DONA_Database,Navicula,Navicula_eidrigiana_074501.png,10352003500790805332
DONA_Database,Navicula,Nrein4.png,15260866622267474505
DONA_Database,Navicula,salinarum_001.png,17828339516104000449
DONA_Database,Navicula,Navlundii5.png,16012875512802375191
DONA_Database,Navicula,NCPA0160_NAang_6.png,14331469299020336438
DONA_Database,Navicula,Nsubcon7.png,14315193522598231760
DONA_Database,Navicula,Navseibig_SEM_external.png,15011077178566196477
DONA_Database,Navicula,Naviculaharmoniae_1.png,9945633175591896642
DONA_Database,Navicula,Ngalloae2.png,10592853279462673394
DONA_Database,Navicula,NaviculaPeregrinopsis6.png,14315018899443332783
DONA_Database,Navicula,46649_LM2.png,12387700595623379926
DONA_Database,Navicula,Npiercei3.png,9993590048765725703
DONA_Database,Navicula,Savannah2_16.png,10685392748889464254
DONA_Database,Navicula,Navicula_eidrigiana_489501_15216.png,15432140636616009050
DONA_Database,Navicula,GS020273_2.png,12910056616768483925
DONA_Database,Navicula,Nschweigeri1.png,15466321016147066395
DONA_Database,Navicula,Nstaffordiae_SEM_wholevalve.png,9253332960511835835
DONA_Database,Navicula,GC44466_4.png,15182951245344961612
DONA_Database,Navicula,Nsubcon4.png,14010131836055096150
DONA_Database,Navicula,Nschweigeri2.png,16043343749876200056
DONA_Database,Navicula,GSN24379_07.png,12820295202056194352
DONA_Database,Navicula,Ncryptocephaloides3.png,12946008294955529073
DONA_Database,Navicula,Nauro1.png,11412114991323555096
DONA_Database,Navicula,Navtrilatera_SEM_external.png,14146381948439049397
DONA_Database,Navicula,Ngalloae4.png,10022898329443396338
DONA_Database,Navicula,Navicula_nunivakiana_GC8232A_4.png,15721213725083051867
DONA_Database,Navicula,Nlepto5.png,9865512341636278578
DONA_Database,Navicula,NaviculaPeregrinopsis2.png,11071383008235021078
DONA_Database,Navicula,navicula_rhynchocephala_004.png,12943825683889933198
DONA_Database,Navicula,Nschweigeri3.png,12910127061224753972
DONA_Database,Navicula,2_Navicula_escambia_103388b_2.png,11196507562575831825
DONA_Database,Navicula,46104_LM6_1.png,13491891839381744533
DONA_Database,Navicula,46648_LM7.png,13799297668259349433
DONA_Database,Navicula,Nweberi7.png,12333658271416882048
DONA_Database,Navicula,Nflat_SEMproxrapheends.png,17018700002876547717
DONA_Database,Navicula,MO000063_08.png,10718326771325487225
DONA_Database,Navicula,GS027521_1.png,14169181374295996520
DONA_Database,Navicula,Navicula_symmetrica_109522_3_scale_1.png,17973308108272860276
DONA_Database,Navicula,Nsubcon1.png,13524727723359339370
DONA_Database,Navicula,Nduerrenberg7.png,12802980442206012723
DONA_Database,Navicula,Navicula_walkeri_GC8188A_11.png,13811328346554016274
DONA_Database,Navicula,Navicula_selbigiana_453301_e.png,17933863159083210392
DONA_Database,Navicula,NRSA0406_GC113396_1.png,12798058454187860268
DONA_Database,Navicula,Nwildii1.png,12368561217411123970
DONA_Database,Navicula,Ncaroliniae_SEM_middle.png,13066308655036559375
DONA_Database,Navicula,MO000295_GC109668_2_1.png,9470292588901503698
DONA_Database,Navicula,GCMM3525_01.png,13892040512193371556
DONA_Database,Navicula,Nstrec7.png,14117373510656271269
DONA_Database,Navicula,Navicula_antonii5.png,17166213458081065299
DONA_Database,Navicula,Nwinona4.png,15435350981424135771
DONA_Database,Navicula,NRSA0406_GC113396_5.png,17374278281952322028
DONA_Database,Navicula,Nwalk_end.png,10812214339191325775
DONA_Database,Navicula,Npiercei5.png,17184671996291548507
DONA_Database,Navicula,Nsles_7.png,11099892914160731108
DONA_Database,Navicula,NaviculaPeregrinopsis4.png,15232772348691255891
DONA_Database,Navicula,46649_LM4.png,16878002271959814859
DONA_Database,Navicula,Ncryptocephaloides5.png,15185500574923588494
DONA_Database,Navicula,Nstrec5.png,12388263503171207986
DONA_Database,Navicula,Navicula_selbigiana_453301_o.png,17117800071458558689
DONA_Database,Navicula,GS020273_02.png,13898794813187120910
DONA_Database,Navicula,Navicula_capitatoradiata5.png,16625497551703087751
DONA_Database,Navicula,GS138576_NAgreg4.png,16612232659029630649
DONA_Database,Navicula,GS138576_NAgreg1.png,10836999180746985080
DONA_Database,Navicula,GS020301_3.png,13090229394785258444
DONA_Database,Navicula,Nsov7.png,14580026667378390606
DONA_Database,Navicula,NRSA0782_03.png,11906018388683303880
DONA_Database,Navicula,GC107320_GS141643_NAviridulacal7.png,13754512795202732191
DONA_Database,Navicula,N_caterva_HOLOTYPE.png,12447339075242971219
DONA_Database,Navicula,Navlundii2.png,9782566230924322805
DONA_Database,Navicula,Navcryptofallax6.png,11513721337827142562
DONA_Database,Navicula,NRSA0406_GC113396_7.png,15328075450774482582
DONA_Database,Navicula,Nwalk_ca.png,11937598392765579961
DONA_Database,Navicula,GCMM3525_03.png,14484649119585998759
DONA_Database,Navicula,Nludloviana_Chiloquin_GC63230_3_cropped.png,10577403796774365105
DONA_Database,Navicula,Ngalloae_SEM_closeupproxrapheends.png,11915023118728616165
DONA_Database,Navicula,gs023353_04_pB.png,11576808138458455383
DONA_Database,Navicula,15747a_09142016_03_-_PAR01_cl.png,14387520717281849932
DONA_Database,Navicula,N_goersii_5.png,15160535843048482201
DONA_Database,Navicula,Naviculaharmoniae_7.png,16116685835436394317
DONA_Database,Navicula,Nstrec4.png,10637920641893299033
DONA_Database,Navicula,Nsov4.png,9497103947477906003
DONA_Database,Navicula,Navwhitefish4_small.png,16639929977518569036
DONA_Database,Navicula,Navwhitefish3_small.png,11756572830609107728
DONA_Database,Navicula,Navlundii1.png,12366871769449646977
DONA_Database,Navicula,Navicula_subwalkeri_500101_1.png,17201349693620356978
DONA_Database,Navicula,Navicula_symmetrica_109522_5_1scale_1.png,11782221826625606122
DONA_Database,Navicula,46648_LM3.png,10937952240374934672
DONA_Database,Navicula,Navcari2.png,16011256983312590594
DONA_Database,Navicula,GC6604a_NAsecrApiculata_HOLO_NotInCircle1a.png,13334549963554644353
DONA_Database,Navicula,Navicula_antonii4.png,12318124162577024429
DONA_Database,Navicula,GSN24379_04_1.png,11090348207821906692
DONA_Database,Navicula,Nduerrenberg6.png,14845865515001292556
DONA_Database,Navicula,GS137280_11_1.png,13890077888241146252
DONA_Database,Navicula,navicula_rhynchocephala_002.png,10632141162665429873
DONA_Database,Navicula,NonType_11a.png,16359288349874332651
DONA_Database,Navicula,CANA_85849-001_.png,13106401045271293232
DONA_Database,Navicula,Naitchelbee3.png,10622676765210925939
DONA_Database,Navicula,n_ingenua_15555a_10132015_13_cl.png,15359733591436118844
DONA_Database,Navicula,GS020301_10.png,12946041737380129024
DONA_Database,Navicula,GS013091_7.png,12805781668971571683
DONA_Database,Navicula,GS107185_3.png,17341253234715997783
DONA_Database,Navicula,Navicula_elsoniana_GC8215a_59.png,11721627018180520945
DONA_Database,Navicula,GC44466_7.png,10917247675536340232
DONA_Database,Navicula,Feb5661_4_cropped.png,10606357716592353390
DONA_Database,Navicula,Nrhynchotella7small.png,12870615294850525974
DONA_Database,Navicula,Naviculaharmoniae_4.png,14890968656386368627
DONA_Database,Navicula,GC44466_8.png,10587287882470798441
DONA_Database,Navicula,Nduerrenberg2.png,14894969281531227626
DONA_Database,Navicula,Navtreslatera5.png,9334761735320454108
DONA_Database,Navicula,Utah852_N_antonii_056.png,14203551856431221113
DONA_Database,Navicula,46649_SEM2.png,13088920292274567238
DONA_Database,Navicula,46648_LM5.png,15260777494234310652
DONA_Database,Navicula,GC112144_NRSA0167_NAven3.png,17593394568447278298
DONA_Database,Navicula,GS137280_09.png,10873537627463979463
DONA_Database,Navicula,Nsles_3.png,15435359680295876264
DONA_Database,Navicula,46104_SEM1_1.png,13852911690924169667
DONA_Database,Navicula,Navicula_aurora_21_cropped.png,16064736260359395118
DONA_Database,Navicula,Navoppug3.png,14082189952464511513
DONA_Database,Navicula,46648_SEM1.png,9627905872945229033
DONA_Database,Navicula,GSN19065_GC105658h_2.png,12802210205534858613
DONA_Database,Navicula,GSN00987_08.png,15090001175453191214
DONA_Database,Navicula,Nstaffordiae1.png,16044426641641709241
DONA_Database,Navicula,GS020301_6.png,17346615986807255250
DONA_Database,Navicula,Nwalk_end_internal.png,16428919511417602464
DONA_Database,Navicula,Nflat_SEMcenter.png,17174380794113731688
DONA_Database,Navicula,Nvane5.png,10046894895805074258
DONA_Database,Navicula,GSN24379_5.png,10784672386784783654
DONA_Database,Navicula,UTAH852_Navicula_sei_014.png,10793286317147311013
DONA_Database,Navicula,NCPA0160_NAang_1.png,12898413687915506676
DONA_Database,Navicula,MO000179_NAlib1.png,16266042711529580996
DONA_Database,Navicula,N_goersii_4.png,10546192593850330380
DONA_Database,Navicula,Navicula_subwalkeri_SEM_outsideend.png,9255045952819903895
DONA_Database,Navicula,GSN19065_GC105658h_1.png,13058915833656182220
DONA_Database,Navicula,NRSA0406_GC113396_4.png,16049009727633838691
DONA_Database,Navicula,Ngalloae_SEM_end.png,15867637766256160616
DONA_Database,Navicula,GC112144_NRSA0167_NAven4.png,16495519265766251565
DONA_Database,Navicula,N_kot_15551a_12162015_02_cl.png,10951109954345498115
DONA_Database,Navicula,Nsovereignii_SEM_end.png,15370262079648231987
DONA_Database,Navicula,Nwalk_ca_internal.png,12908684729735849515
DONA_Database,Navicula,Ncaroliniae1.png,15469839435633532670
DONA_Database,Navicula,1_Navicula_escambia_103388b_1.png,12785013287941126657
DONA_Database,Navicula,GSN24379_1.png,13924055896962056115
DONA_Database,Navicula,46648_LM6.png,15213551951757538875
DONA_Database,Navicula,Navcincta1.png,15784942817106470452
DONA_Database,Navicula,Ncryptocephaloides7.png,15428180418065164132
DONA_Database,Navicula,GSN24379_02.png,10074807284913964504
DONA_Database,Navicula,Nvane6.png,12389108495567588246
DONA_Database,Navicula,Navicula_nunivakiana_GC8232A_5.png,16009425950774290259
DONA_Database,Navicula,navicula_rhynchocephala_005.png,12910681319260195758
DONA_Database,Navicula,Navicula_elsoniana_GC8215a_53.png,14369223058973315603
DONA_Database,Navicula,Navicula_subwalkeri_245001.png,14360141508490831811
DONA_Database,Navicula,GS137280_5.png,13382680963307040357
DONA_Database,Navicula,Npseudolan7.png,15430995859858300455
DONA_Database,Navicula,GC6604a_NAsecrApiculata_HOLO_NotInCircle2.png,18189356675093373018
DONA_Database,Navicula,Navsuplee4.png,10483911697771160379
DONA_Database,Navicula,Nwinona7.png,18344746413099073092
DONA_Database,Navicula,46859_LM5.png,17734015865486087778
DONA_Database,Navicula,Navicula_antonii7.png,14564628776864483809
DONA_Database,Navicula,Naviculaharmoniae_6.png,15540488587961534326
DONA_Database,Navicula,Navoppug7.png,10028035396445983386
DONA_Database,Navicula,GSN24379_05.png,13117279669318872758
DONA_Database,Navicula,n_ingenua_15631a_10152015_02_cl.png,15365333358283186736
DONA_Database,Navicula,notha_type_14.png,14179698589851408684
DONA_Database,Navicula,NCPA0160_18.png,10469295857960966574
DONA_Database,Navicula,N_kotschyi_15649a_09162015_15_cl.png,15180224015933580063
DONA_Database,Navicula,Navicula_selbigiana_453301_p.png,12488187496245598625
DONA_Database,Navicula,GS127032_NAgerm_4_1.png,14729184988785687570
DONA_Database,Navicula,Nwinona2.png,16063742853324127753
DONA_Database,Navicula,Nstaffordiae6.png,16117156546142569331
DONA_Database,Navicula,Npseudolan4.png,10607028759438443492
DONA_Database,Navicula,MO000118_GC109491a_2.png,12793273268220291557
DONA_Database,Navicula,Navicula_walkeri_GC8188A_30.png,15764552907533014872
DONA_Database,Navicula,Nsles_4.png,15473357423479109621
DONA_Database,Navicula,mo308_15.png,11965454156438259919
DONA_Database,Navicula,Nwildii_SEM_external_end_scale.png,9349838614685981339
DONA_Database,Navicula,NCPA0160_24_1.png,13892026185190039468
DONA_Database,Navicula,GC48893a_3.png,15436220263912413068
DONA_Database,Navicula,Navicula_capitatoradiata2.png,16617581110664116738
DONA_Database,Navicula,GS020021_05.png,9640634176205691308
DONA_Database,Navicula,Naitchelbee6.png,16008863444752179059
DONA_Database,Navicula,Navicula_subwalkeri_245001_4.png,13532469266580832823
DONA_Database,Navicula,Npiercei7.png,16025049248381509718
DONA_Database,Navicula,Nstaffordiae_SEM_end.png,13855085874795854972
DONA_Database,Navicula,Navcincta7.png,15819927973558268467
DONA_Database,Navicula,Nschweigeri5.png,15433074314259834549
DONA_Database,Navicula,GS138229_NAlib3.png,12818113907348744311
DONA_Database,Navicula,Nrein2.png,15450367488888213684
DONA_Database,Navicula,Nauro4.png,15873899139281864522
DONA_Database,Navicula,GC44466_3.png,15220840821584913770
DONA_Database,Navicula,Nstaffordiae5.png,10622852791224519538
DONA_Database,Navicula,GS007601_12.png,12390735195077860110
DONA_Database,Navicula,Navtrilatera3.png,14957000555699489764
DONA_Database,Navicula,Navicula_hodgeana_GC8249A_4.png,17356912286253957959
DONA_Database,Navicula,N_kot_15596c_12162015_05_cl.png,15540489467350353752
DONA_Database,Navicula,Ncaroliniae2.png,10622122958135798774
DONA_Database,Navicula,NRSA0406_GC113396_8.png,17742213822571560455
DONA_Database,Navicula,n_ingenua_15631a_10152015_11_cl.png,11380864859346170422
DONA_Database,Navicula,N_goersii_6.png,18121922981702674935
DONA_Database,Navicula,46648_LM4.png,16045192546469590800
DONA_Database,Navicula,Npseudolan1.png,10618482241062888361
DONA_Database,Navicula,GS020273_1.png,18343619242891349870
DONA_Database,Navicula,Nrein1.png,15447393738377999679
DONA_Database,Navicula,NaviculaPeregrinopsis7.png,14297865464693856230
DONA_Database,Navicula,Nauro5.png,14886697365084771951
DONA_Database,Navicula,Navicula_ludloviana_274202_b_cropped.png,9482077014534452553
DONA_Database,Navicula,Nsles_2.png,14316107841686566785
DONA_Database,Navicula,NonType_5.png,16638936980043771402
DONA_Database,Navicula,Navicula_margalithii_395001_1.png,15466602483607905373
DONA_Database,Navicula,Nflat1.png,16612417199818423830
DONA_Database,Navicula,Navwhitefish1_small.png,12001294542581349974
DONA_Database,Navicula,N_goersii_3.png,15843703622132873726
DONA_Database,Navicula,Navcryptofallax2.png,12298614784213928803
DONA_Database,Navicula,Navicula_symmetrica_109522_6_1scale_1.png,10495916292972704168
DONA_Database,Navicula,Ngalloae_SEM_middle.png,11799030106831866632
DONA_Database,Navicula,GC42397_NAgerm_NOTInCircle6.png,15898766482556008454
DONA_Database,Navicula,Nduerrenberg5.png,11056300943460290934
DONA_Database,Navicula,Navicula_viridula_rostellata_005_1.png,12913998084094749257
DONA_Database,Navicula,Ncaroliniae_SEM_end.png,10796943438614054166
DONA_Database,Navicula,Navtreslatera6.png,12385167609682283481
DONA_Database,Navicula,NonType_1a.png,13883202985856562268
DONA_Database,Navicula,Navicula_capitatoradiata4.png,12302142841309629411
DONA_Database,Navicula,Navicula_antonii3.png,18345032422477318244
DONA_Database,Navicula,Navicula_margalithii_395001_5.png,10063712614963126864
DONA_Database,Navicula,Navicula_subwalkeri_6.png,10857185132404631191
DONA_Database,Navicula,GS006740_GC103101_3.png,14752669672362439744
DONA_Database,Navicula,6_Navicula_escambia_103388b_15.png,17156271449451267921
DONA_Database,Navicula,GS137280_4.png,12807001928204435916
DONA_Database,Navicula,Utah852_Navicula_antonii_vcd_011.png,9279898640637550078
DONA_Database,Navicula,GS137280_2.png,17819333310056274595
DONA_Database,Navicula,Nsubcon3.png,17771731925633769016
DONA_Database,Navicula,GSN24379_02_1.png,12910409168350120817
DONA_Database,Navicula,AK5_07.png,15354237256660114521
DONA_Database,Navicula,GS138576_NAgreg7.png,10515515995004756339
DONA_Database,Navicula,Nweberi5.png,9433350131280159248
DONA_Database,Navicula,GS023353_NAgeron2.png,17774854658076542732
DONA_Database,Navicula,Navwhitefish2_small.png,16625576342844685830
DONA_Database,Navicula,GS020021_20.png,14225236379249364134
DONA_Database,Navicula,Navsuplee6.png,14319056071013277382
DONA_Database,Navicula,Nweberi6.png,13737655148462457609
DONA_Database,Navicula,NX000108_02.png,15008915044487355566
DONA_Database,Navicula,Navicula_selbigiana_453301_n.png,17226185254783456099
DONA_Database,Navicula,GS138229_NAlib1.png,12793538502852894834
DONA_Database,Navicula,Npiercei4.png,13539593981672928292
DONA_Database,Navicula,GS134565_NAgreg2.png,17379001993027582210
DONA_Database,Navicula,Ncryptocephaloides2.png,11053371177047581510
DONA_Database,Navicula,ANSP25741-5_CROPPED_S.png,14045336662323903634
DONA_Database,Navicula,Nludlov5.png,9968363660779996016
DONA_Database,Navicula,Navicula_nunivakiana_GC8232B_21.png,16043222283843151698
DONA_Database,Navicula,Ncryptocephaloides1.png,13987315324335524646
DONA_Database,Navicula,MO000118_GC109491a_1.png,12806793107436218708
DONA_Database,Navicula,n_ingenua_15631a_10152015_12_cl.png,14228767618171257612
DONA_Database,Navicula,Ngalloae6.png,11219444555886412528
DONA_Database,Navicula,Nsubcon_SEMend.png,10685602600682282670
DONA_Database,Navicula,GS141643_23.png,15366926411767296914
DONA_Database,Navicula,Nweberi1.png,10044501132438286608
DONA_Database,Navicula,Navicula_freesei_GC8188A_24.png,18378311399990386241
DONA_Database,Navicula,Naitchelbee_SEM_wholevalve.png,13344009298122943161
DONA_Database,Navicula,GS141643_17.png,15017944650576645310
DONA_Database,Navicula,GC107320_GS141643_NAviridulacal5.png,17789738206364866520
DONA_Database,Navicula,navicula_rhynchocephala_001.png,12356158716323437288
DONA_Database,Navicula,navicula_peregrina_002.png,12944959782321140449
DONA_Database,Navicula,DRBC0032_17.png,10496019906625276904
DONA_Database,Navicula,Navicula_goersii_SEM.png,15095568617096372945
DONA_Database,Navicula,Navicula_selbigiana_453301_j.png,13693177464665720649
DONA_Database,Navicula,volcanica_external_center.png,16998238765328669091
DONA_Database,Navicula,GS127032_NAgerm_2.png,12781728550458706349
DONA_Database,Navicula,GS006740_GC103101_4.png,14270740817371527697
DONA_Database,Navicula,Navoppug2.png,14108015423309632157
DONA_Database,Navicula,NRSA0406_GC113396_3.png,15434752849786084899
DONA_Database,Navicula,salinarum_003.png,15180434798963672054
DONA_Database,Navicula,Nsov3.png,13985382214994464895
DONA_Database,Navicula,Nwalk4.png,10023249461781951303
DONA_Database,Navicula,Nflat6.png,14303688600139609849
DONA_Database,Navicula,notha_type_15.png,13937006003105520806
DONA_Database,Navicula,Naitchelbee5.png,10641852349467945811
DONA_Database,Navicula,NonType_10.png,16189819807785922610
DONA_Database,Navicula,NCPA0162_NAang_2.png,15099266252016003559
DONA_Database,Navicula,Nflat3.png,10652979360402197318
DONA_Database,Navicula,Navicula_subwalkeri_SEM_outsidecenter.png,17795565497786722681
DONA_Database,Navicula,Navcryptofallax4.png,16006885212968295956
DONA_Database,Navicula,GS127032_NAgerm_1.png,11041374039124994127
DONA_Database,Navicula,Navsuplee5.png,15472184108665537526
DONA_Database,Navicula,Navtreslatera3.png,11757021573665680338
DONA_Database,Navicula,Navoppug4.png,12372573271426220664
DONA_Database,Navicula,GSN24379_01.png,17733461728772003490
DONA_Database,Navicula,Nrhynchotella4small.png,14289139896137170716
DONA_Database,Navicula,46104_LM1_1.png,18319484367839200897
DONA_Database,Navicula,Navicula_elsoniana_GC8215a_56.png,15541896329599913698
DONA_Database,Navicula,Navlundii4.png,18386473575607829438
DONA_Database,Navicula,NaviculaPeregrinopsis3.png,15495171752362571538
DONA_Database,Navicula,Navicula_walkeri_GC8188A_26.png,10367836402204844972
DONA_Database,Navicula,GSN24379_4.png,15181530792868390427
DONA_Database,Navicula,Nrhynchotella5small.png,16592775070981267145
DONA_Database,Navicula,46859_LM7.png,11775316738436352884
DONA_Database,Navicula,Navcari4.png,15529528666839947156
DONA_Database,Navicula,46104_LM5_1.png,18351509413997740954
DONA_Database,Navicula,Nstaffordiae4.png,12657776052952097682
DONA_Database,Navicula,Navicula_elsoniana_GC8215a_58.png,11766661379177865139
DONA_Database,Navicula,GSN24379_06.png,15269971982350952752
DONA_Database,Navicula,Navlundii6.png,14320014124030215940
DONA_Database,Navicula,Navcari5.png,15592426504689365670
DONA_Database,Navicula,Nludlov2.png,14940313919510136377
DONA_Database,Navicula,Navicula_selbigiana_453301_k.png,17250739385533170585
DONA_Database,Navicula,NRSA0053_NAlib1.png,17764952151050690064
DONA_Database,Navicula,NRSA0782_04.png,10443059518364018547
DONA_Database,Navicula,Nrhynchotella2small.png,10660825809342049070
DONA_Database,Navicula,DRBC0032_8.png,15000745022654988605
DONA_Database,Navicula,Nwalk2.png,10075393705703326510
DONA_Database,Navicula,NaviculaPeregrinopsis9.png,14284619468258916114
DONA_Database,Navicula,Navicula_hodgeana_GC8249A_6.png,18422643690986709706
DONA_Database,Navicula,NRSA0151_07.png,15008941329955903916
DONA_Database,Navicula,Noblong5.png,14642940926729876519
DONA_Database,Navicula,Nflat2.png,14323814077617356540
DONA_Database,Navicula,4_Navicula_symmetrica_TE001305_2.png,13498928925326918473
DONA_Database,Navicula,GSN00987_09.png,9989661989424483246
DONA_Database,Navicula,Nwildii6.png,15197815895416454014
DONA_Database,Navicula,GS020301_8.png,17773931855977735452
DONA_Database,Navicula,IH043705_GC113915_4.png,14738385537269907000
DONA_Database,Navicula,Navlundii7.png,10028096340454853458
DONA_Database,Navicula,GC112144_NRSA0167_NAven1.png,15342373080687080452
DONA_Database,Navicula,IM003263_copy.png,15149337092405018371
DONA_Database,Navicula,Navcari7.png,9487885533007598160
DONA_Database,Navicula,NA_escambia_type.png,11763560140499630520
DONA_Database,Navicula,15736_mix_047_cl.png,15422882654369735741
DONA_Database,Navicula,GC112144_NRSA0167_NAven7.png,17377585923010185497
DONA_Database,Navicula,IH043705_GC113915_2.png,17738808853533808132
DONA_Database,Navicula,Nsubcon5.png,10937247315772103331
DONA_Database,Navicula,46648_LM2.png,10730480490468215868
DONA_Database,Navicula,Npseudolan5.png,10024727281103852152
DONA_Database,Navicula,Npere2.png,11181449343746728808
DONA_Database,Navicula,GSN24379_3.png,15037817413054969021
DONA_Database,Navicula,Boyer338_09_cropped.png,16399818518541353760
DONA_Database,Navicula,Navcincta6.png,15828006984163084144
DONA_Database,Navicula,GC6604a_NAsecrApiculata_HOLO_NotInCircle3.png,17026495817801020499
DONA_Database,Navicula,Navicula_freesei_GC8188A_35.png,13503326933179949954
DONA_Database,Navicula,NRSA0167_03.png,10757517537475254700
DONA_Database,Navicula,15763a_06142016_24_cl.png,16116949509972658061
DONA_Database,Navicula,Navsuplee3.png,14330745673293373310
DONA_Database,Navicula,Nstrec3.png,9397109594781868767
DONA_Database,Navicula,Naviculaharmoniae_3.png,16043484751516898830
DONA_Database,Navicula,salinarum_005.png,15544702878116855332
DONA_Database,Navicula,n_ingenua_15572a_10132015_12_cl.png,15543510932305813812
DONA_Database,Navicula,GS141643_21.png,13530074083430501737
DONA_Database,Navicula,Npere1.png,14318414256292243362
DONA_Database,Navicula,Navicula_subwalkeri_SEM_insidewhole2.png,13902065979218286962
DONA_Database,Navicula,Npiercei2.png,13539593756719805767
DONA_Database,Navicula,46104_LM3_1.png,12932645348712753056
DONA_Database,Navicula,Navicula_selbigiana_453301_h.png,13701903704339891017
DONA_Database,Navicula,Navoppug1.png,15437047154710161362
DONA_Database,Navicula,15771a_06142016_06_cl.png,16116902377202791057
DONA_Database,Navicula,Navicula_ludloviana_500201_cropped.png,14304676100502164504
DONA_Database,Navicula,Nsubcon6.png,9965758698719562611
DONA_Database,Navicula,Boyer338_10_cropped.png,17336368726981139545
DONA_Database,Navicula,navicula_peregrina_001.png,14302563258586838664
DONA_Database,Navicula,Ncaroliniae4.png,17792561074157786652
DONA_Database,Navicula,GC6604a_NAsecrApiculata_HOLO_circle1a.png,16797747505881250049
DONA_Database,Navicula,GC104413a_GSN00987_NAamm3.png,16287762530065160871
DONA_Database,Navicula,Navsuplee1.png,9388866875581320082
DONA_Database,Navicula,GS137280_10_1.png,10397518614757333422
DONA_Database,Navicula,Nschweigeri4.png,15215833208331756052
DONA_Database,Navicula,46104_LM2_1.png,18350190878964094854
DONA_Database,Navicula,Nwinona6.png,16626701074497413086
DONA_Database,Navicula,GS134565_NAgreg1.png,15225480723758868797
DONA_Database,Navicula,GS023353_NAgeron3.png,9491614054244401751
DONA_Database,Navicula,GS138576_NAgreg3.png,16626113245968928294
DONA_Database,Navicula,Npere5.png,14302650622436607499
DONA_Database,Navicula,N_cryptocephala_1.png,18320336745985595201
DONA_Database,Navicula,NaviculaPeregrinopsis5.png,14335356142327871281
DONA_Database,Navicula,Noblong3.png,16048692413251790287
DONA_Database,Navicula,Npseudolan3.png,10589086069694956310
DONA_Database,Navicula,Navlundii3.png,9458682024743420912
DONA_Database,Navicula,GS137280_6.png,13378740297392808013
DONA_Database,Navicula,Navicula_margalithii_395001_4.png,15250697929897451866
DONA_Database,Navicula,NRSA1189_NAgreg_1.png,12965534283718465875
DONA_Database,Navicula,Navicula_nunivakiana_GC8232B_29.png,18323996084893024929
DONA_Database,Navicula,navicula_rhynchocephala_003.png,13828479693705875176
DONA_Database,Navicula,2_Navicula_symmetrica_type_2a.png,13914750076873456740
DONA_Database,Navicula,volcanica_external_end.png,14103109522427066131
DONA_Database,Navicula,Naitchelbee_SEM_middle.png,9515647499268217111
DONA_Database,Navicula,Ncaroliniae6.png,15270488256578700198
DONA_Database,Navicula,Nsovereignii_SEM_middle.png,12145246796057523042
DONA_Database,Navicula,Navoppug6.png,9485633457777033848
DONA_Database,Navicula,Navicula_capitatoradiata1.png,12031847922017602311
DONA_Database,Navicula,n_ingenua_15631a_10152015_03_cl.png,16114126957902968937
DONA_Database,Navicula,Navicula_eidrigiana_340108.png,15468256534566299555
DONA_Database,Navicula,Nsles_6.png,16134682506531374927
DONA_Database,Navicula,Nstaffordiae3.png,10640242669277047636
DONA_Database,Navicula,Nweberi2.png,9917617009984062424
DONA_Database,Navicula,46859_SEM_March2011.png,10779142925930876009
DONA_Database,Navicula,46104_LM7_1.png,12333588335379923697
DONA_Database,Navicula,Navicula_margalithii_395001_6.png,15181064357164000596
DONA_Database,Navicula,GS137280_02.png,16485705203817677050
DONA_Database,Navicula,15711a_05312016_42_cl.png,16121313200988857029
DONA_Database,Navicula,N_goersii_2.png,10620929067168458057
DONA_Database,Navicula,ANSP25741-9_cropped_S.png,16616461014188045518
DONA_Database,Navicula,GS137280_3.png,17558106254506760835
DONA_Database,Navicula,Navicula_eidrigiana_489501_15221.png,15747308736311259664
DONA_Database,Navicula,N_cryptocephala_6.png,15488157916205844361
DONA_Database,Navicula,Navtrilatera_SEM_internal.png,9607901292558645385
DONA_Database,Navicula,Nwildii2.png,12911183004754102806
DONA_Database,Navicula,46859_LM1.png,16614625444366073517
DONA_Database,Navicula,NRSA0782_06.png,13964088212161518862
DONA_Database,Navicula,Nweberi4.png,12298763934161367888
DONA_Database,Navicula,Navicula_genovefae_SEM1.png,17964331350865819783
DONA_Database,Navicula,Navicula_freesei_GC8188A_36.png,18320328411621531217
DONA_Database,Navicula,Navcryptofallax3.png,16056424499633626836
DONA_Database,Navicula,MO000118_GC109491a_6.png,15328787860750933223
DONA_Database,Navicula,Noblong2.png,15460956912376818019
DONA_Database,Navicula,GS020273_6.png,11749254043728110324
DONA_Database,Navicula,Navicula_walkeri_GC8188A_51.png,14881578989133279448
DONA_Database,Navicula,GS023353_NAgeron4.png,17522359137224934748
DONA_Database,Navicula,MO000118_GC109491a_5.png,12802251973987068681
DONA_Database,Navicula,Nvane1.png,16628812665109528411
DONA_Database,Navicula,Npseudolan2.png,12334220995376212890
DONA_Database,Navicula,GC44466_5.png,15172397434596948243
DONA_Database,Navicula,GS020301_4.png,17773597856176488155
DONA_Database,Navicula,Nduerrenberg3.png,13271284532242940410
DONA_Database,Navicula,NCPA0160_NAang_5.png,10500246680325695849
DONA_Database,Navicula,Navcincta3.png,10064969078649844018
DONA_Database,Navicula,Naitchelbee2.png,11179891632704084789
DONA_Database,Navicula,Nduerrenberg4.png,14746200574920943193
DONA_Database,Navicula,Nvane7.png,9505407254750727058
DONA_Database,Navicula,3_Navicula_escambia_103388b_6.png,18370324446525233031
DONA_Database,Navicula,GC44466_1.png,15199520735322381659
DONA_Database,Navicula,NRSA0167_04.png,13928051538174893486
DONA_Database,Navicula,ANSP25741-8_cropped_S.png,17489131405698601933
DONA_Database,Navicula,Nsubcon_SEMmiddle.png,12768132792797982396
DONA_Database,Navicula,N_kotschyi_15596b_10092015_0_02_cl.png,16116950199267264129
DONA_Database,Navicula,N_kotschyi_15551a_09282015_10_cl.png,11431891594767332289
DONA_Database,Navicula,Navicula_subwalkeri_SEM_insidecenter.png,10256895586897577717
DONA_Database,Navicula,GS020273_7.png,12391008494587986699
DONA_Database,Navicula,Navicula_eidrigiana_489501_15217.png,15755254959459608428
DONA_Database,Navicula,Navicula_subwalkeri_SEM_outsidewhole.png,14955113831587400332
DONA_Database,Navicula,290_Navicula_capitatoradiata_sei_003.png,14311939097943741669
DONA_Database,Navicula,GC112144_NRSA0167_NAven6.png,16621521721419316290
DONA_Database,Navicula,Naitchelbee_SEM_end.png,10793555581793095302
DONA_Database,Navicula,N_cryptocephala_5.png,11982096195729195766
DONA_Database,Navicula,GCMM3525_02.png,10433266069433687468
DONA_Database,Navicula,MO000191_NAlib1.png,13143995916527863126
DONA_Database,Navicula,Navsuplee2.png,9491710146126605116
DONA_Database,Navicula,Npere3.png,18362777306325959572
DONA_Database,Navicula,GSN00987_15.png,15413704830261697612
DONA_Database,Navicula,Nsles_5.png,9461990018284876441
DONA_Database,Navicula,navicula_peregrina_005.png,14055132686620044025
DONA_Database,Navicula,GSN24379_11.png,10478303612220688678
DONA_Database,Navicula,Ngalloae3.png,14890915069727227441
DONA_Database,Navicula,GC107320_GS141643_NAviridulacal6.png,17790899155275781979
DONA_Database,Navicula,Navcari1.png,10241458788289210319
DONA_Database,Navicula,GC107320_GS141643_NAviridulacal4.png,16602513037878003475
DONA_Database,Navicula,Nsov5.png,10594521569391964767
DONA_Database,Navicula,Nstaffordiae2.png,15725831548860391234
DONA_Database,Navicula,GC107320_GS141643_NAviridulacal1.png,16637203987003619283
DONA_Database,Navicula,Nwildii_SEM_external_middle_scale.png,12724165357583491066
DONA_Database,Navicula,Noblong6.png,14061714913715712038
DONA_Database,Navicula,Nwalk5.png,10048847917924532811
DONA_Database,Navicula,290_Navicula_capitatoradiata_sei_002.png,15424088151286221271
DONA_Database,Navicula,Navtrilatera7.png,16060377313108235037
DONA_Database,Navicula,Navicula_nunivakiana_GC8232B_20.png,15804390770473641552
DONA_Database,Navicula,GS020273_10.png,11222324148075799129
DONA_Database,Navicula,Navsuplee7.png,15436942973847240519
DONA_Database,Navicula,46649_SEM1.png,14738938193814974156
DONA_Database,Navicula,antonii.png,11488089379452277601
DONA_Database,Navicula,GS020273_5.png,16591226652015495120
DONA_Database,Navicula,Nlepto3.png,15234926248685874683
DONA_Database,Navicula,Nflat5.png,15472092296306005571
DONA_Database,Navicula,Navtrilatera2.png,11939594852910352844
DONA_Database,Navicula,Navcryptofallax5.png,15252552873970467718
DONA_Database,Navicula,GS020301_9.png,17701559813425394780
DONA_Database,Navicula,Nlepto2.png,14861703331770834785
DONA_Database,Navicula,Nrhynchotella6small.png,16606364564398478859
DONA_Database,Navicula,46649_LM6.png,18314346469222686433
DONA_Database,Navicula,GS141643_09.png,15008923742325659916
DONA_Database,Navicula,ANSP-106458b-6_cropped_S.png,10488987933570005260
DONA_Database,Navicula,Navicula_subwalkeri_245001_3.png,12362869838633583526
DONA_Database,Navicula,gs023353_06_pB.png,10762029061504329063
DONA_Database,Navicula,Npere4.png,11508306832034268058
DONA_Database,Navicula,Navicula_elsoniana_GC8215a_24.png,15180145316622140251
DONA_Database,Navicula,Nstaffordiae_SEM_middle.png,13978194865066913525
DONA_Database,Navicula,Navicula_nunivakiana_GC8232B_16.png,16079249887943354121
DONA_Database,Navicula,GSN24379_03.png,11037300609984520510
DONA_Database,Navicula,salinarum_004.png,10008614005845222198
DONA_Database,Navicula,Nwildii5.png,11181206805461371734
DONA_Database,Navicula,Npiercei6.png,16576687721314984270
DONA_Database,Navicula,4_Navicula_escambia_103388b_11.png,18313687482154100466
DONA_Database,Navicula,Ngalloae5.png,11794220801307853737
DONA_Database,Navicula,Ncaroliniae3.png,11758815409162611518
DONA_Database,Navicula,Npseudolan6.png,10655795470607506373
DONA_Database,Navicula,Navicula_ludloviana_274201.png,15507435152080446733
DONA_Database,Navicula,15775a_06142016_19_cl.png,15540432774140928791
DONA_Database,Navicula,N_kot_15596c_12162015_01_cl.png,16044893158202618473
DONA_Database,Navicula,46859_LM2.png,12905624102606766937
DONA_Database,Navicula,NRSA0782_02.png,15369219949523851692
DONA_Database,Navicula,Navicula_margalithii_395001_3.png,10081656906786320476
DONA_Database,Navicula,GC112144_NRSA0167_NAven2.png,16442029832209881095
DONA_Database,Navicula,Nvane4.png,9461988872070660627
DONA_Database,Navicula,Nweberi3.png,12368560294496977624
DONA_Database,Navicula,GS020301_1.png,17620762162948643835
DONA_Database,Navicula,Nschweigeri6.png,15791296658260798227
DONA_Database,Navicula,Nsubcon2.png,15467023594954923548
DONA_Database,Navicula,Navicula_freesei_GC8188A_38.png,13511349447838714705
DONA_Database,Navicula,GS023353_NAgeron1.png,17774574454351898048
DONA_Database,Navicula,46859_LM4.png,12352234884359553905
DONA_Database,Navicula,Ncaroliniae_SEM_wholevalve.png,17674426859518581156
DONA_Database,Navicula,Feb5661_2_cropped.png,10461122716694258512
DONA_Database,Navicula,Ncryptocephaloides4.png,9489572973579494233
DONA_Database,Navicula,Nludlov4.png,14274506885272387427
DONA_Database,Navicula,N_kotschyi_15624a_09212015_03_cl.png,16118075575180138057
DONA_Database,Navicula,GS007601_9.png,15715004657927554726
DONA_Database,Navicula,Navicula_viridula_rostellata_001_1.png,12920110903271467946
DONA_Database,Navicula,46648_LM1.png,11424912746469901323
DONA_Database,Navicula,Npiercei1.png,11039268427526335730
DONA_Database,Navicula,Navicula_walkeri_GC8188A_28_1.png,11434608790785799000
DONA_Database,Navicula,Navicula_subwalkeri_SEM_insideend.png,15408870703667230051
DONA_Database,Navicula,IH043705_GC113915_5a.png,11798724588841190253
DONA_Database,Navicula,Naviculaharmoniae_5.png,15251858956196290867
DONA_Database,Navicula,Nwinona5.png,11235773321191123713
DONA_Database,Navicula,n_ingenua_15631a_10152015_01_cl.png,15552324016867717780
DONA_Database,Navicula,GC107320_GS141643_NAviridulacal2.png,18356356595008411584
DONA_Database,Navicula,Nludlov3.png,13409376918073984568
DONA_Database,Navicula,Navcari3.png,10047456746252010198
DONA_Database,Navicula,Nauro2.png,9983122707619234399
DONA_Database,Navicula,Nvane2.png,17730646135311212131
DONA_Database,Navicula,GSN17706_02a.png,13961273458051209518
DONA_Database,Navicula,Nflat_SEMend.png,11540306782724274219
DONA_Database,Navicula,Nsov6.png,11405779703036028786
DONA_Database,Navicula,Nvane3.png,12908930985838166889
DONA_Database,Navicula,Ncryptocephaloides6.png,15135751646064935732
DONA_Database,Navicula,GC112144_NRSA0167_NAven5.png,10497000460291787084
DONA_Database,Navicula,Nsles_1.png,11201381537502556743
DONA_Database,Navicula,Nwinona1.png,17200902429246463555
DONA_Database,Brachysira,CANA-SEM-78274-01NA_copy.png,10649435578572675342
DONA_Database,Brachysira,CANA_LM_78270-025_NA.png,16900519953855726528
DONA_Database,Brachysira,Boyer-778-158.png,11008835739320234948
DONA_Database,Brachysira,Brachysira_styriaca2.png,9487215441336427494
DONA_Database,Brachysira,Brachysira_arctoborealis2.png,15558291876004918840
DONA_Database,Brachysira,Brachysira_arctoborealis3.png,10513458919361242561
DONA_Database,Brachysira,Brachysira_micro_morph1_4.png,11071350318269391243
DONA_Database,Brachysira,NCPA_0042-11-cropped.png,16586970692163115643
DONA_Database,Brachysira,CANA_LM_78270-009_NA.png,10369887774653809225
DONA_Database,Brachysira,Brachysira_vitrea_6.png,14918706064089058128
DONA_Database,Brachysira,CANA-SEM-78274-26NA_copy.png,15412279049247143754
DONA_Database,Brachysira,Brachysira_styriaca3.png,9919588282901259176
DONA_Database,Brachysira,Brachysira_vitrea_7.png,15437180620297477955
DONA_Database,Brachysira,Brachysira_arctoborealis1.png,15395356151978210893
DONA_Database,Brachysira,CANA_LM_78274-007_NA.png,10151298930690169375
DONA_Database,Brachysira,CANA_LM_78270-010_NA.png,10355034338132358913
DONA_Database,Brachysira,BrachsirafollisBPVT05_1.png,12242122692091959326
DONA_Database,Brachysira,CANA_LM_78270-006_NA.png,17274036048042869573
DONA_Database,Brachysira,Boyer-778-27.png,9477085028816806205
DONA_Database,Brachysira,Brachysira_arctoborealis6.png,9469730321339794388
DONA_Database,Brachysira,Brachysira_zellensis6.png,9632283444419048169
DONA_Database,Brachysira,CANA-SEM-78274-09NA_copy.png,17628895003558529760
DONA_Database,Brachysira,CANA-SEM-78274-31NA_copy.png,9279455408160270320
DONA_Database,Brachysira,CANA-SEM-78274-13NA_copy.png,14965539834572332813
DONA_Database,Brachysira,CANA_LM_78270-029_NA.png,18142647479383003843
DONA_Database,Brachysira,Brachysira_styriaca1.png,9326143726805215587
DONA_Database,Brachysira,Brachysira_vitrea_3.png,13515362248092929828
DONA_Database,Brachysira,Brachysira_micro_morph1_5.png,10497150007260898110
DONA_Database,Brachysira,Brachysira_styriaca4.png,10479113506655462523
DONA_Database,Brachysira,Brachysira_hannae_Boyer-818-7.png,18042959649846748065
DONA_Database,Brachysira,CANA_LM_78274-020_NA.png,10242932379508870113
DONA_Database,Brachysira,CANA_LM_78270-016_NA.png,14880092152843553583
DONA_Database,Brachysira,Brachysira_vitrea_4.png,16402378448301821812
DONA_Database,Brachysira,Brachysira_arctoborealis4.png,16010271782281950921
DONA_Database,Brachysira,ME10011_B_101117_93.png,16831888954072349264
DONA_Database,Brachysira,ansp-15991a-13NA.png,18062989304540109549
DONA_Database,Brachysira,Brachysira_zellensis3.png,15830123098423436024
DONA_Database,Brachysira,Brachysira_micro_morph1.png,10317030714900898576
DONA_Database,Brachysira,CANA-SEM-78274-25NA_copy.png,15609303608112783049
DONA_Database,Brachysira,CANA_LM_78274-016_NA.png,13829411689439495956
DONA_Database,Brachysira,ME10011_B_101117_219.png,16743505219501800786
DONA_Database,Brachysira,CANA-SEM-78274-29NA_copy.png,15630675740239293199
DONA_Database,Brachysira,Brachysira_styriaca7.png,9703745885626711731
DONA_Database,Brachysira,Brachysira_zellensis5.png,16043266125866280926
DONA_Database,Brachysira,CANA_LM_78270-003_NA.png,11505140641461020419
DONA_Database,Brachysira,CANA_LM_78274-005_NA.png,16117877979319779098
DONA_Database,Brachysira,BrachsirafollisBPVT05_2.png,15040102890391870393
DONA_Database,Brachysira,Brachysira_hannae_Boyer-818-11.png,16583101720002228436
DONA_Database,Brachysira,CANA_LM_78270-024_NA.png,14563846858007482307
DONA_Database,Brachysira,Brachysira_vitrea_2.png,11662668245070373142
DONA_Database,Brachysira,Brachysira_micro_morph1_2.png,10457739211270677880
DONA_Database,Brachysira,CANA_LM_78274-014_NA.png,17259447997098253980
DONA_Database,Brachysira,NCPA_0042-8-cropped.png,18066507746031671870
DONA_Database,Brachysira,NCPA_0042-6-cropped.png,16011108048439515783
DONA_Database,Brachysira,Brachysira_zellensis4.png,15756948704507471056
DONA_Database,Brachysira,CANA_LM_78270-012_NA.png,10346725862451810053
DONA_Database,Brachysira,Brachysira_vitrea_1.png,10461121373440992651
DONA_Database,Brachysira,ME10011_B_101117_210.png,12157169309445599109
DONA_Database,Brachysira,Brachysira_arctoborealis5.png,9325403339803091924
DONA_Database,Brachysira,Brachysira_styriaca6.png,15432122183353153232
DONA_Database,Brachysira,Brachysira_micro_morph1_7.png,10459995464948410739
DONA_Database,Brachysira,NCPA_0042-4-cropped.png,15423423276897647150
DONA_Database,Brachysira,Brachysira_vitrea_5.png,18089821147353844547
DONA_Database,Brachysira,Brachysira_micro_morph1_6.png,10463372880945825139
DONA_Database,Brachysira,Brachysira_hannae_Boyer-818-12.png,17957014113250162843
DONA_Database,Brachysira,NCPA_0042-5-cropped.png,14315678478388804177
DONA_Database,Brachysira,Brachysira_micro_morph1_3.png,16621943690139679475
DONA_Database,Brachysira,Boyer-778-107.png,10263758444769979382
DONA_Database,Brachysira,CANA_LM_78270-013_NA.png,15757643833933448113
DONA_Database,Brachysira,CANA-SEM-78274-33NA_copy.png,10463943787882891859
DONA_Database,Brachysira,Brachysira_styriaca5.png,16050628377339573891
DONA_Database,Brachysira,CANA_LM_78274-013_NA.png,14784798800273770211
DONA_Database,Brachysira,CANA_LM_78274-021_NA.png,14449795350787225523
DONA_Database,Brachysira,Brachysira_zellensis2.png,12656720335194288657
DONA_Database,Brachysira,Brachysira_zellensis1.png,16045948833242817908
DONA_Database,Brachysira,NCPA_0042-18-cropped.png,15329562312591487051
DONA_Database,Brachysira,CANA_LM_78270-005_NA.png,14563151603985384369
DONA_Database,Neidium,Neidium-hitchcockii-SEM2.png,9603410729629178085
DONA_Database,Neidium,Neidiumkozlowiiundulata5.png,9945703999120233208
DONA_Database,Neidium,Neidiumkozlowiiundulata4.png,10317391314969170785
DONA_Database,Neidium,EUsacoense_Brant1047b_79.1_1433.png,18360296641201084312
DONA_Database,Neidium,NeidiumCOLLLB6.png,9965126324424275590
DONA_Database,Neidium,Neidium-densestriatum-NJ10003_B_041518_04_c.png,11653826625264042971
DONA_Database,Neidium,Neidium-densestriatum-STRA_LA006_NRSA2213_012517_03_c.png,15649752896638615884
DONA_Database,Neidium,Neidium-pseudodensestriatum-NJ10003_A_121217_20_c.png,11292913163946340955
DONA_Database,Neidium,Neidium-hitchcockii_RBL-2_5.png,18025416795617220120
DONA_Database,Neidium,Neidium-hitchcockii-ME10011_B_101117_87_c.png,16117785696073189187
DONA_Database,Neidium,Neidium-hitchcockii-SEM_10u_ME-10011_042618_mix_019.png,10901032481877484840
DONA_Database,Neidium,Neidiumkozlowiiundulata1_jpg.png,14621690376594047621
DONA_Database,Neidium,Neidium-hitchcockii_SIL-2-2_2.png,15777834975891593131
DONA_Database,Neidium,Neidium-hitchcockii-CTHP001_C_041818_001.png,16114698130008737306
DONA_Database,Neidium,Neidium-hitchcockii-RBL-2_7.png,10020637242274341706
DONA_Database,Neidium,NeidiumCOLLLB4.png,10239564777779483332
DONA_Database,Neidium,Neidium-pseudodensestriatum-NH10004_C_041518_02_c.png,16348619159474181981
DONA_Database,Neidium,Neidium-densestriatum-NH10004_B_041518_06_c.png,14027575887069024905
DONA_Database,Neidium,Neidium-hitchcockii-SEM3.png,9327094110713239820
DONA_Database,Neidium,NeidiumCOLLLB2.png,14114893829615636572
DONA_Database,Neidium,Nekozlow4_1.png,11521114515238037400
DONA_Database,Neidium,Neidium-hitchcockii_RBL-1_1.png,18066789847826339527
DONA_Database,Neidium,EUsacoense_Brant1182_46.4_839.png,14910820921897162661
DONA_Database,Neidium,Neidium-densestriatum-MEHP003_A_110817_52_c.png,12943890784303239000
DONA_Database,Neidium,Neidium-hitchcockii-NH10003_A_041518_07_c.png,15177198529322329938
DONA_Database,Neidium,EUsaucoense_ILL_L_4_40_93_1684.png,18389499859044439875
DONA_Database,Neidium,NeidiumCOLLLB5.png,10083274481332818448
DONA_Database,Neidium,Nekozlow1_1.png,14061150422731354712
DONA_Database,Neidium,EUsacoense_Brant1047b_72.3_1310.png,13819550893877991207
DONA_Database,Neidium,NeidiumCOLLLB3.png,9750074236717359761
DONA_Database,Neidium,EUsacoense_Brant1182_60.5_1095.png,12253719805943661538
DONA_Database,Neidium,Neidium-sacoense-683401.png,15506853072355731392
DONA_Database,Neidium,EUsacoense_Brant1182_98.7_1788.png,18313643474828793450
DONA_Database,Neidium,Neidium-pseudodensestriatum-NH10004_C_041518_03_c.png,13031889712359302042
DONA_Database,Neidium,Neidiumkozlowiiundulata8.png,11505686821721003619
DONA_Database,Neidium,Nekozlow2_1.png,15799446142333469977
DONA_Database,Neidium,Neidium-densestriatum-NJ10003_B_041518_02_c.png,17849358043718587337
DONA_Database,Neidium,Neidium-pseudodensestriatum-NH10004_C_041518_01_c.png,10567764408398271467
DONA_Database,Neidium,NeidiumCOLLLB1.png,16109200615903597523
DONA_Database,Neidium,Nekozlow5_1.png,9455641150395151388
DONA_Database,Neidium,Nekozlow3_1.png,10062499069866963672
DONA_Database,Neidium,Neidium-pseudodensestriatum-NH10004_B_041518_04_c.png,10639962329784845208
DONA_Database,Neidium,Neidiumundulata2.png,10289930934744044361
DONA_Database,Cymbopleura,Cymboanglica3.png,14276229516408489952
DONA_Database,Cymbopleura,Cymbopleura_hybrida_2.png,14675364986621763657
DONA_Database,Cymbopleura,Cymberain1_middle_copy.png,11951055166012826954
DONA_Database,Cymbopleura,Cymbo_incertiformis_laterostrata_6.png,10308163534767424441
DONA_Database,Cymbopleura,Cymbopleura_frequens_3_358701.png,15180223677432452702
DONA_Database,Cymbopleura,Cymboheinii3.png,15449012318809264015
DONA_Database,Cymbopleura,Cymbopleura_incertiformis_0_5.png,9388665986501428071
DONA_Database,Cymbopleura,Cymbosublance_wholevalveSEM.png,11084513217833957821
DONA_Database,Cymbopleura,Cymbosublance_endinternalSEM.png,15971186025648712442
DONA_Database,Cymbopleura,Cymbolata6.png,10949649903244199873
DONA_Database,Cymbopleura,Cymboedlund4.png,13449412272322217787
DONA_Database,Cymbopleura,Cymbopleuralapponica5.png,17045491726296891109
DONA_Database,Cymbopleura,Cymbolata2.png,9399973238201763613
DONA_Database,Cymbopleura,Cymborupicola_4.png,11220574324989495056
DONA_Database,Cymbopleura,Cymbooblongata2.png,11180587702512149722
DONA_Database,Cymbopleura,Cymbopleuraaustriaca6.png,16049554623643559776
DONA_Database,Cymbopleura,Cymbometzeltinii7_1.png,15771603277271040865
DONA_Database,Cymbopleura,Cymbopleura_perprocera_5.png,14774052105097514978
DONA_Database,Cymbopleura,Cymbosubcusp1.png,15933993362235330555
DONA_Database,Cymbopleura,Cymbopleura_hybrida_4.png,14667516030246499322
DONA_Database,Cymbopleura,Cymbosubaequalis6.png,11160757032872511246
DONA_Database,Cymbopleura,Cymbolata1.png,11228103730944107861
DONA_Database,Cymbopleura,Cymbopleura_tundraphila_4_683001.png,14962574599367697242
DONA_Database,Cymbopleura,Cymbosubcusp5.png,14240658677265073601
DONA_Database,Cymbopleura,Ccrassipunctata5_1.png,16008582062201315203
DONA_Database,Cymbopleura,Cymboangustata1.png,17748089819376400185
DONA_Database,Cymbopleura,Cymberain1_wholevalve_copy.png,16721402924297376212
DONA_Database,Cymbopleura,Cymboheinii6.png,10521868050731000187
DONA_Database,Cymbopleura,Cymbolata4.png,14321440848275965837
DONA_Database,Cymbopleura,Cymberainierensis7.png,9370017858055947101
DONA_Database,Cymbopleura,Cymbopleura_florentina_0.png,14619173346177819405
DONA_Database,Cymbopleura,Cymboapiculata6.png,9735084790920349688
DONA_Database,Cymbopleura,Cymboedlund7.png,15414126700379803623
DONA_Database,Cymbopleura,Cymbosublance7_1.png,14281962512908904417
DONA_Database,Cymbopleura,Cymbohybrid2.png,15270489220866057621
DONA_Database,Cymbopleura,Cymbopleura_maggieae_2.png,15491530806577342392
DONA_Database,Cymbopleura,Cymbopleura_frequens_2_358701.png,14604040376813619169
DONA_Database,Cymbopleura,Cymbohybrid6.png,10622827745357611958
DONA_Database,Cymbopleura,Cymbopleuralapponica4.png,15235673681442145061
DONA_Database,Cymbopleura,Cymbonavi3.png,9451926939659964323
DONA_Database,Cymbopleura,Cymbonavi5.png,14284004011729246179
DONA_Database,Cymbopleura,Cymbopleura-laszlorum_MDC_689501_1.png,16622147003056882974
DONA_Database,Cymbopleura,Cymbopleura_florentina_4.png,15737380856078997335
DONA_Database,Cymbopleura,Cymberainierensis4.png,15437627837978259411
DONA_Database,Cymbopleura,Cymboheinii2.png,9632701169334559697
DONA_Database,Cymbopleura,Cymboheinii4.png,15397097409498451742
DONA_Database,Cymbopleura,Cymboedlund2.png,9379161556764346227
DONA_Database,Cymbopleura,Cymbosubaequalis7.png,10045979946978206652
DONA_Database,Cymbopleura,Cymbonavi2.png,11760584686014440266
DONA_Database,Cymbopleura,Cymbooblongata4.png,15756403086905204858
DONA_Database,Cymbopleura,Cymbo_incertiformis_linearis_4.png,15196668457665144221
DONA_Database,Cymbopleura,Cymboapiculata5.png,14206441175864412099
DONA_Database,Cymbopleura,Cymbopleura_frequens_1_358701.png,11811768526387332016
DONA_Database,Cymbopleura,Cymbopleura_amphicephala_384201_3.png,15540481238734282343
DONA_Database,Cymbopleura,Cymbopleura_tynnii_3.png,15538941105875289929
DONA_Database,Cymbopleura,Cymbopleura_incertiformis_7.png,17777106971685652416
DONA_Database,Cymbopleura,Cymbohybrid5.png,9397391250144195255
DONA_Database,Cymbopleura,Cymborupicola_7.png,13123280097809301443
DONA_Database,Cymbopleura,Cymberainierensis0.png,14282595209294205525
DONA_Database,Cymbopleura,Cymbopleura_fluminea_PF2_GC8197c_NotType.png,11648946045748390311
DONA_Database,Cymbopleura,Cymbopleura_perprocera_6.png,15445210664017764073
DONA_Database,Cymbopleura,Cymbopleura_hybrida_6.png,15828319313094517744
DONA_Database,Cymbopleura,Cymbohybrid1.png,18314583018203326405
DONA_Database,Cymbopleura,Cymbo_incertiformis_laterostrata_2.png,12376978223170990328
DONA_Database,Cymbopleura,Cymbooblongata5.png,14587860075424178378
DONA_Database,Cymbopleura,Cymbosubcusp4.png,9402229569214269187
DONA_Database,Cymbopleura,Cymbopleura_tundraphila_5_683001.png,14316167349712528218
DONA_Database,Cymbopleura,Cymbometzeltinii1.png,13233256181512423257
DONA_Database,Cymbopleura,Cymbosubrostrata1.png,14872286475822825152
DONA_Database,Cymbopleura,Cymbopleura_perprocera_4.png,16017025979684916799
DONA_Database,Cymbopleura,Cymbosubcusp2.png,10660557942694121095
DONA_Database,Cymbopleura,Cymboedlundii_middleSEM.png,17357084102550607711
DONA_Database,Cymbopleura,Cymboincerta6.png,15716825408918810323
DONA_Database,Cymbopleura,Cymbopleura_hybrida_7.png,18031604597954485955
DONA_Database,Cymbopleura,Cymbolata7.png,15550360104817035119
DONA_Database,Cymbopleura,Cymbopleuralapponica3.png,10608577992799063947
DONA_Database,Cymbopleura,Cymboangustata4.png,16045034354246714899
DONA_Database,Cymbopleura,Cymbolata3.png,11397460537738628673
DONA_Database,Cymbopleura,Cymboangustata2.png,9503154121885795273
DONA_Database,Cymbopleura,Cymbo_incertiformis_linearis_3.png,9496751056855396798
DONA_Database,Cymbopleura,Cymbopleura_amphicephala_634101_1.png,17729512569090377392
DONA_Database,Cymbopleura,Cymbooblongata3.png,11222541021103648853
DONA_Database,Cymbopleura,Cymbosubaequalis5.png,16062642225440919422
DONA_Database,Cymbopleura,Cymborupicola_5.png,15491513416862678573
DONA_Database,Cymbopleura,Cymboheinii7.png,10943036992025855841
DONA_Database,Cymbopleura,Cymbopleura_linearis_Bogan_4.png,12369836085538579228
DONA_Database,Cymbopleura,Cymbopleuraaustriaca5.png,15462819165499893720
DONA_Database,Cymbopleura,Cymberainierensis6.png,15507435968666281921
DONA_Database,Cymbopleura,Cymbooblongata1.png,16079673161309429912
DONA_Database,Cymbopleura,Cymbopleura_hybrida_3.png,14678775392517653323
DONA_Database,Cymbopleura,Cymbosublance_middleexternalSEM.png,11906820274449874435
DONA_Database,Cymbopleura,Cymboinaequalis4.png,15425087774184245217
DONA_Database,Cymbopleura,Cymbosublance2_1.png,14852444102659762145
DONA_Database,Cymbopleura,Cymbosubaequalis4.png,16039263425727113124
DONA_Database,Cymbopleura,Cymberainierensis1.png,11104321121874708441
DONA_Database,Cymbopleura,Cymbometzeltinii5_1.png,17742573912058838823
DONA_Database,Cymbopleura,Cymbopleura_tundraphila_3_683001.png,14964756062110045008
DONA_Database,Cymbopleura,Cymbopleura_florentina_1.png,14631629748836542306
DONA_Database,Cymbopleura,Cymbo_incertiformis_laterostrata_4.png,18306560886936703960
DONA_Database,Cymbopleura,Cymbopleura_amphicephala_081301_6.png,15181068484624024514
DONA_Database,Cymbopleura,Cymboinaequalis2.png,10552632990321018796
DONA_Database,Cymbopleura,Cymboanglica7.png,14125359618778531777
DONA_Database,Cymbopleura,Cymbosubrostrata5.png,10540650783721558015
DONA_Database,Cymbopleura,Cymbohybrid7.png,10525947509503599456
DONA_Database,Cymbopleura,Cymboinaequalis7-1.png,14079215166598244291
DONA_Database,Cymbopleura,Cymboanglica4.png,14309619449079662537
DONA_Database,Cymbopleura,Cymbopleura_fluminea_3.png,16008460323941033952
DONA_Database,Cymbopleura,Ccrassipunctata1.png,15468011531914018643
DONA_Database,Cymbopleura,Cymbopleura_maggieae_1.png,9982648145688233969
DONA_Database,Cymbopleura,Cymbopleura_amphicephala_081301_7.png,15252491633866083282
DONA_Database,Cymbopleura,Cymbolata5.png,10740938584198680515
DONA_Database,Cymbopleura,Cymboangustata5.png,15180294856853709488
DONA_Database,Cymbopleura,Cymboedlundii_endSEM.png,9579233799476550491
DONA_Database,Cymbopleura,Cymbopleura_fluminea_2.png,10604425778934154041
DONA_Database,Cymbopleura,Cymboinaequalis3.png,14133839207062308801
DONA_Database,Cymbopleura,Cymbopleura_perprocera_1.png,12551666032477966030
DONA_Database,Cymbopleura,Cymbosubaequalis3.png,11142461559907870708
DONA_Database,Cymbopleura,Cymboangustata6.png,14054605507829732257
DONA_Database,Cymbopleura,Cymborupicola_2.png,9473600788803159896
DONA_Database,Cymbopleura,Cymbopleura_tynnii_1.png,9488518749161374160
DONA_Database,Cymbopleura,Ccrassipunctata3.png,16050028717795381223
DONA_Database,Cymbopleura,Cymbosublance_endexternalSEM.png,13864050523398520733
DONA_Database,Cymbopleura,Cymboincerta2.png,15729798188958328587
DONA_Database,Cymbopleura,Cymbopleura_amphicephala_081301_2.png,15215961494982233075
DONA_Database,Cymbopleura,Cymbopleura_maggieae_5.png,15435368077514030977
DONA_Database,Cymbopleura,Cymbopleura-laszlorum_MDC_689301_4.png,16585623412919011217
DONA_Database,Cymbopleura,Cymbopleura_perprocera_0.png,13483040001797377635
DONA_Database,Cymbopleura,Cymbopleuraaustriaca7.png,10810460081119537005
DONA_Database,Cymbopleura,Cymbosublance4.png,10623425942500935655
DONA_Database,Cymbopleura,Ccrassipunctata2.png,15289574076841004951
DONA_Database,Cymbopleura,Cymboangustata3.png,16009559935493908305
DONA_Database,Cymbopleura,Cymboincerta3.png,15722455075953477336
DONA_Database,Cymbopleura,Cymberainierensis3.png,9439964830012295091
DONA_Database,Cymbopleura,Cymboanglica2.png,15487292413141321526
DONA_Database,Cymbopleura,Cymboedlund5.png,15463101318538790723
DONA_Database,Cymbopleura,Cymboanglica5.png,14272253287762503632
DONA_Database,Cymbopleura,Cymbo_incertiformis_laterostrata_1.png,15848976507053343550
DONA_Database,Cymbopleura,Cymboinaequalis6.png,15393719809108150157
DONA_Database,Cymbopleura,Cymbopleura_tundraphila_2_683001.png,14962642769088889682
DONA_Database,Cymbopleura,Cymbopleuraaustriaca3.png,16059124777142985510
DONA_Database,Cymbopleura,Cymbopleura_florentina_3.png,14695383450966787847
DONA_Database,Cymbopleura,Cymbo_incertiformis_linearis_2.png,10038308997946266229
DONA_Database,Cymbopleura,Cymbopleura_incertiformis_4.png,16011961028369778656
DONA_Database,Cymbopleura,Cymboapiculata2.png,14255434367095410490
DONA_Database,Cymbopleura,Cymbo_incertiformis_laterostrata_3.png,9469413018924577494
DONA_Database,Cymbopleura,Cymbonavi1.png,9463467493167170438
DONA_Database,Cymbopleura,Cymbosubcusp6.png,9458262402151473561
DONA_Database,Cymbopleura,Cymboapiculata1.png,9406733422564689774
DONA_Database,Cymbopleura,Cymbopleura_maggieae_6.png,15472813588752893888
DONA_Database,Cymbopleura,Cymbopleura_amphicephala_081301_4.png,13522608000727401302
DONA_Database,Cymbopleura,Cymboheinii5.png,10391562678242575210
DONA_Database,Cymbopleura,Cymbopleura_hybrida_1.png,16081083839294775888
DONA_Database,Cymbopleura,Cymboedlund1.png,15460271195541243523
DONA_Database,Cymbopleura,Cymbohybrid4.png,15428041342729861056
DONA_Database,Cymbopleura,Cymboheinii1.png,10561835293038110053
DONA_Database,Cymbopleura,Cymbopleura_florentina_5.png,18365857008974601896
DONA_Database,Cymbopleura,Cymbopleura-laszlorum_MDC_689301_5.png,16585060382433707472
DONA_Database,Cymbopleura,Cymbopleura_perprocera_7.png,9473458886862522173
DONA_Database,Cymbopleura,Cymbopleura_fluminea_PF1_GC8197c_NotType.png,9343102967686297926
DONA_Database,Cymbopleura,Cymboinaequalis1-1.png,10620324376448845726
DONA_Database,Cymbopleura,Cymbosubrostrata2.png,15176964060882603847
DONA_Database,Cymbopleura,Cymbosublance3_1.png,15434956845061574593
DONA_Database,Cymbopleura,Cymbosublance6_1.png,14283158629625432035
DONA_Database,Cymbopleura,Cymboanglica1.png,17161775760328597359
DONA_Database,Cymbopleura,Cymbopleura_hybrida_5.png,9362243405814868119
DONA_Database,Cymbopleura,Cymbopleura_amphicephala_081301_5.png,15505256204593040368
DONA_Database,Cymbopleura,Cymbopleuraaustriaca2.png,15457612425505497547
DONA_Database,Cymbopleura,Cymbonavi6.png,17215125055040560664
DONA_Database,Cymbopleura,Cymbopleura_frequens_4_358701.png,13450547034956727980
DONA_Database,Cymbopleura,Cymberain1_end1_copy.png,14567854453848356509
DONA_Database,Cymbopleura,Cymberainierensis5.png,14133977187787605982
DONA_Database,Cymbopleura,Cymbosubrostrata3.png,14169797318591516473
DONA_Database,Cymbopleura,Cymbo_incertiformis_linearis_7.png,9936487166730588821
DONA_Database,Cymbopleura,Cymbopleura_linearis_Bogan_3.png,15826757404207298430
DONA_Database,Cymbopleura,Cymbosubrostrata4.png,15199484386881546147
DONA_Database,Cymbopleura,Cymbopleura_tynnii_4.png,15538960380616713566
DONA_Database,Cymbopleura,Cymbosubrostrata6.png,10554325922545657613
DONA_Database,Cymbopleura,Cymbo_incertiformis_linearis_1.png,10066246319255519822
DONA_Database,Cymbopleura,Cymbosublance1_1.png,15290981807137324871
DONA_Database,Cymbopleura,Cymbometzeltinii4.png,10029442411629908977
DONA_Database,Cymbopleura,Cymbopleura_perprocera_2.png,10662691877855579934
DONA_Database,Cymbopleura,Cymboincerta5.png,15847459932559378321
DONA_Database,Cymbopleura,Cymboapiculata4.png,9416602060116477603
DONA_Database,Cymbopleura,Cymbopleura_tynnii_5.png,14318729639441072919
DONA_Database,Cymbopleura,Cymboanglica6.png,14283125338738460615
DONA_Database,Cymbopleura,Cymbopleuraaustriaca1.png,15439879089652638682
DONA_Database,Cymbopleura,Cymbo_incertiformis_laterostrata_5.png,11757699793045221560
DONA_Database,Cymbopleura,Cymbopleuraaustriaca4.png,16026756954407920567
DONA_Database,Cymbopleura,Cymboinaequalis5-1.png,10897016466837604224
DONA_Database,Cymbopleura,Cymbopleuralapponica2.png,12915432943553359809
DONA_Database,Cymbopleura,Cymbopleura_tynnii_2.png,9441074683976247110
DONA_Database,Cymbopleura,Cymbopleura_incertiformis_2.png,15423555254753003349
DONA_Database,Cymbopleura,Cymboedlund6.png,11138239481959516036
DONA_Database,Cymbopleura,Cymbopleura-laszlorum_MDC_689301_3.png,9487463230951760597
DONA_Database,Cymbopleura,Cymbopleura_maggieae_3.png,15712348524961105889
DONA_Database,Cymbopleura,Cymbopleuralapponica1.png,17769024189144792604
DONA_Database,Cymbopleura,Cymbopleura_tundraphila_1_683001.png,14243016789573395373
DONA_Database,Cymbopleura,Cymbopleura_fluminea_PF3_GC8197c_NotType.png,9919587530208363484
DONA_Database,Cymbopleura,Cymbopleura_frequens_6_409605.png,15328750465943054149
DONA_Database,Cymbopleura,Cymbopleura_maggieae_7.png,11793094459553539009
DONA_Database,Cymbopleura,Cymbo_incertiformis_linearis_6.png,11197484204725158771
DONA_Database,Cymbopleura,Ccrassipunctata4.png,10874074666560212888
DONA_Database,Cymbopleura,Cymbopleura_incertiformis_0.png,17770773783102687152
DONA_Database,Cymbopleura,Cymboedlund3.png,15533261435216883591
DONA_Database,Cymbopleura,Cymboapiculata3.png,14248644138695790421
DONA_Database,Cymbopleura,Cymbometzeltinii6_1.png,15472232909232682593
DONA_Database,Cymbopleura,Cymboincerta7.png,15713878353121183693
DONA_Database,Cymbopleura,Cymbohybrid3.png,14009552238296761264
DONA_Database,Cymbopleura,Cymbopleura_florentina_2.png,10315245058589877081
DONA_Database,Cymbopleura,Cymbopleura_frequens_5_358701.png,14100054997516830652
DONA_Database,Cymbopleura,Cymborupicola_3.png,12324942595202533137
DONA_Database,Cymbopleura,Cymbopleura_maggieae_4.png,10064838894980334410
DONA_Database,Cymbopleura,Cymborupicola_453001.png,16025770836966049356
DONA_Database,Cymbopleura,Cymbosublance5_1.png,14272744886496757701
DONA_Database,Cymbopleura,Cymbopleura_incertiformis_1.png,17748204012892403359
DONA_Database,Cymbopleura,Cymbopleura-laszlorum_MDC_689501_2.png,16658666150047524817
DONA_Database,Cymbopleura,Cymbosubrostrata7.png,10812694323733680125
DONA_Database,Mastogloia,M_pseudosmithii_3.png,14680534675601171159
DONA_Database,Mastogloia,M_calcarea_SEM_1.png,10358947871410970012
DONA_Database,Mastogloia,mastogloia_smithii_003b.png,9974897227836345106
DONA_Database,Mastogloia,mastogloia_grevillei_006a.png,12622099235213767509
DONA_Database,Mastogloia,Maselliptica4L.png,13864463281930233956
DONA_Database,Mastogloia,Maspumila1L.png,14297589528262947552
DONA_Database,Mastogloia,M_calcarea_8.png,12354980476188179626
DONA_Database,Mastogloia,M_pseudosmithii_2.png,10802528992021540180
DONA_Database,Mastogloia,Maselliptica4.png,13925886305472700517
DONA_Database,Mastogloia,M_pseudosmithii_SEM_1.png,9274435874610568182
DONA_Database,Mastogloia,M_calcarea_5.png,16137215645946689039
DONA_Database,Mastogloia,M_pseudosmithii_6.png,14693765113456128670
DONA_Database,Mastogloia,test_mix_022_copy_copy.png,10503204348416448940
DONA_Database,Mastogloia,M_calcarea_SEM_3.png,14209613971095399574
DONA_Database,Mastogloia,mastogloia_smithii_lacustris_005a.png,15751869166895507395
DONA_Database,Mastogloia,mastogloia_smithii_004a.png,9978275715718857558
DONA_Database,Mastogloia,mastoglia_smithii_002a.png,12631107725098763188
DONA_Database,Mastogloia,Maspumila3.png,9469413521834212022
DONA_Database,Mastogloia,Maselliptica6.png,9469433735628288041
DONA_Database,Mastogloia,mastogloia_grevillei_004a.png,10027886792729260773
DONA_Database,Mastogloia,Maspumila2.png,15499815956405552992
DONA_Database,Mastogloia,Maspumila4.png,14684616663995048629
DONA_Database,Mastogloia,mastogloia_smithii_lacustris_001a.png,15747364472088201188
DONA_Database,Mastogloia,M_calcarea_2.png,18355792481548698588
DONA_Database,Mastogloia,Maselliptica2.png,14559642601184325756
DONA_Database,Mastogloia,Maspumila3L.png,9883815058041299878
DONA_Database,Mastogloia,M_calcarea_1.png,16002670477239322077
DONA_Database,Mastogloia,M_calcarea_SEM_5.png,13843785160048158714
DONA_Database,Mastogloia,mastogloia_smithii_lacustris_004a.png,16044892033989805988
DONA_Database,Mastogloia,Maspumila5.png,14102808753654473240
DONA_Database,Mastogloia,test_mix_024_copy_copy.png,16222841065714802776
DONA_Database,Mastogloia,M_calcarea_SEM_4.png,15282427341344944591
DONA_Database,Mastogloia,mastogloia_smithii_003a.png,10045759652768301846
DONA_Database,Mastogloia,M_calcarea_7.png,16008291977325094707
DONA_Database,Mastogloia,M_pseudosmithii_SEM_2.png,12562983518741146660
DONA_Database,Mastogloia,M_calcarea_3.png,16116941093993817925
DONA_Database,Mastogloia,mastogloia_grevillei_003a.png,10362426766835073826
DONA_Database,Mastogloia,mastogloia_smithii_lacustris_002b.png,16044673803577538247
DONA_Database,Mastogloia,Maselliptica3.png,13846087837119574265
DONA_Database,Mastogloia,M_calcarea_6.png,15772447440751526799
DONA_Database,Mastogloia,mastogloia_smithii_lacustris_002a.png,16049388546986948128
DONA_Database,Mastogloia,mastogloia_smithii_lacustria_003a.png,15999777755594880736
DONA_Database,Mastogloia,Maselliptica5.png,15460974474356925820
DONA_Database,Mastogloia,mastogloia_grevillei_001a.png,18350727089022568084
DONA_Database,Mastogloia,M_calcarea_SEM_2.png,10793551304164661293
DONA_Database,Mastogloia,mastogloia_grevillei_002.png,9955908227951834496
DONA_Database,Mastogloia,mastogloia_smithii_001b.png,10252924667588592630
DONA_Database,Mastogloia,mastogloia_smithii_lacustris_005b.png,18056586262847498096
DONA_Database,Mastogloia,M_pseudosmithii_4.png,9377546874595865293
DONA_Database,Mastogloia,mastogloia_grevillei_005b.png,12360927110080055827
DONA_Database,Mastogloia,M_pseudosmithii_1.png,10944706702440081246
DONA_Database,Mastogloia,Maselliptica1.png,9317155751903179917
DONA_Database,Mastogloia,mastogloia_smithii_001a.png,9964412816560847600
DONA_Database,Mastogloia,M_pseudosmithii_5.png,14963962928301156095
DONA_Database,Mastogloia,Maspumila1.png,14001477424944787692
DONA_Database,Mastogloia,mastogloia_grevillei_005a.png,17666031557301316969
DONA_Database,Cavinula,Cavdavis_SEM_internal.png,12743722284037337873
DONA_Database,Cavinula,Cavscutiformis4.png,9414560711626617562
DONA_Database,Cavinula,Cavinula-variostriata-ME10042_A_102417_07_c.png,15251999062327214668
DONA_Database,Cavinula,PBH-LM-CANA74863-037c.png,14980279176682392496
DONA_Database,Cavinula,GC103280a_CA5_ed.png,12797618580060195045
DONA_Database,Cavinula,Cavpusio1.png,17742503957242656311
DONA_Database,Cavinula,Cavdavis_SEM_external.png,10400020173157719052
DONA_Database,Cavinula,Cavinula_cocconeiformis_Amphi_sl57f.png,18307027671809284000
DONA_Database,Cavinula,Cavinula_cocconeiformis_Amphi_sl57d.png,15340845629686150665
DONA_Database,Cavinula,Cavinula_pseudoscutiformis_1.png,15126094908704984018
DONA_Database,Cavinula,Cavinula-lapidosa-ME10011_B_101117_153_c.png,17486268253931067306
DONA_Database,Cavinula,Cavinula-jaernefeltii-SEM_10u_ME-HP002_042618_mix_021.png,9554984272408238682
DONA_Database,Cavinula,Cavpusio2.png,13495666919641336644
DONA_Database,Cavinula,Cavscutiformis6.png,9460722845030838900
DONA_Database,Cavinula,Cavinula-jaernefeltii-ME10016_A_VANOX_111617_42_c.png,15179292060469594968
DONA_Database,Cavinula,Cavdavis4.png,9388595442199872244
DONA_Database,Cavinula,S37_sei_031.png,13903182427220042670
DONA_Database,Cavinula,Cavdavis7.png,9470612126411023006
DONA_Database,Cavinula,Cavinula-variostriata-ME10014_B_101017_74_c.png,18132007178852803185
DONA_Database,Cavinula,Cavscutiformis2.png,15457313859817060158
DONA_Database,Cavinula,Cavinula-lapidosa-AR035_NRSA2031_031517_02_c.png,16909245658635080467
DONA_Database,Cavinula,Cavpusio3.png,15320939167586719504
DONA_Database,Cavinula,Cavdavis3.png,9497596338095616189
DONA_Database,Cavinula,GC8526_6.png,18244857077688209379
DONA_Database,Cavinula,Cavinula_cocconeiformis_Amphi_sl57c.png,17774460664844425874
DONA_Database,Cavinula,Cavinula-lapidosa-AR035_NRSA2031_031517_05_c.png,16331078410607663821
DONA_Database,Cavinula,Cavpusio_SEM_external_10mu.png,15302685389744645369
DONA_Database,Cavinula,Cavinula-jaernefeltii-NH10003_B_041518_02_c.png,15822448217461329740
DONA_Database,Cavinula,PBH-SEM-74863-47.png,12254399104284583029
DONA_Database,Cavinula,Cavinula-jaernefeltii-VT10003_V2_A_011018_10_c.png,15473428799315755983
DONA_Database,Cavinula,GC8526_3.png,17684035751372826465
DONA_Database,Cavinula,Cavscutiformis3.png,15009386834356432973
DONA_Database,Cavinula,Cavdavis2.png,16191196520766337248
DONA_Database,Cavinula,Cavdavis1.png,16004429924541507297
DONA_Database,Cavinula,Cavpusio_SEM_internal_5mu.png,11607912850138490749
DONA_Database,Cavinula,GC103280a_CA6_ed.png,12797901356401240265
DONA_Database,Cavinula,CA3a_ed.png,13542233271817126435
DONA_Database,Cavinula,CA1b_ed.png,15759476822136629074
DONA_Database,Cavinula,C_pseudoscutiformis3.png,17796249590526272640
DONA_Database,Cavinula,Cavinula_cocconeiformis_Amphi_sl57g.png,12776384735356506054
DONA_Database,Cavinula,PBH-LM-CANA74863-049c.png,10111333183575839407
DONA_Database,Cavinula,Cavinula_cocconeiformis_Amphi_sl57b.png,15466955089680406106
DONA_Database,Cavinula,C_pseudoscutiformis2.png,15494467665475438578
DONA_Database,Cavinula,PBH-SEM-74863-53.png,13288582521317800968
DONA_Database,Cavinula,GS024211_18.png,15348865480753558619
DONA_Database,Cavinula,CA2a_ed.png,14031647919796380167
DONA_Database,Cavinula,Cavpusio6.png,15019327215549704547
DONA_Database,Cavinula,Cavdavis6.png,15500976906936326113
DONA_Database,Cavinula,A33_sei_037.png,15042534861211249001
DONA_Database,Cavinula,Cavinula-variostriata-ME10020_A_102017_72_c.png,14644849243468181862
DONA_Database,Cavinula,PBH-LM-CANA74863-041c.png,17493723159896492981
DONA_Database,Cavinula,Cavscutiformis7.png,15387162819233259688
DONA_Database,Cavinula,Cavinula-variostriata-NY10014_A_121417_08_c.png,17557156552343339860
DONA_Database,Cavinula,Cavdavis5.png,16266735154658242670
DONA_Database,Cavinula,Cavinula-lapidosa-CT10004_A_121917_34_c.png,16625501309198935832
DONA_Database,Cavinula,Cavinula-jaernefeltii-NH10003_A_041518_04_c.png,15468643533649711702
DONA_Database,Cavinula,GC103280a_CA2_ed.png,11653652798977435853
DONA_Database,Cavinula,Cavdavis_SEM_internal_center.png,9468203281212387214
DONA_Database,Cavinula,Cavinula-lapidosa-NH10001V2_A_120517_30_c.png,15213929992235369299
DONA_Database,Cavinula,C_pseudoscutiformis5.png,13998644748024398279
DONA_Database,Cavinula,Cavinula-jaernefeltii-NYHP001_A_121417_05_c.png,17846072378968671000
DONA_Database,Cavinula,GC8526_4.png,13225885044324747105
DONA_Database,Cavinula,PBH-LM-CANA74863-003c.png,14060208087626222711
DONA_Database,Cavinula,C_pseudoscutiformis4.png,15108001037228099992
DONA_Database,Cavinula,Cavscutiformis5.png,15469857647886626870
DONA_Database,Cavinula,Cavinula-jaernefeltii-MEHP002_A_110817_39_c.png,15065973467573496437
DONA_Database,Cavinula,GS024211_05.png,15351170881715796592
DONA_Database,Cavinula,Cavscutiformis1.png,9847454627136500237
DONA_Database,Cavinula,GC8526_1a.png,17072251620357965214
DONA_Database,Cavinula,Cavinula-variostriata-RI006_09202017__67_c.png,16980176272515236696
DONA_Database,Cavinula,S37_sei_032.png,10851316180507059367
DONA_Database,Cavinula,Cavpusio7.png,14285182552416263987
DONA_Database,Cavinula,Cavinula-variostriata-NH10066_A_121117_02_c.png,15828389273812620122
DONA_Database,Cavinula,PBH-SEM-74863-52_crop.png,15934402341757739928
DONA_Database,Cavinula,initialvalve.png,9896295878570103515
DONA_Database,Cavinula,Cavpusio5.png,15461061865733469780
DONA_Database,Cavinula,Holly_13_5_1.png,17617380254029807469
DONA_Database,Cavinula,GC8526_5.png,15531447051160419024
DONA_Database,Cavinula,Cavpusio4.png,17739390706091824728
DONA_Database,Cavinula,PBH-LM-CANA74863-026c.png,10777793742321346338
DONA_Database,Cavinula,GC103280a_CA7_ed.png,9748848637151353700
DONA_Database,Cavinula,GC8526_2.png,17634478284178950027
DONA_Database,Nitzschia,Nitzschia_biacrula_valve_103388b_12_scale.png,17142409304329099623
DONA_Database,Nitzschia,acicularis_001.png,17074637567981467926
DONA_Database,Nitzschia,N_kurzeana_GC103574a_4.png,18421790166939084360
DONA_Database,Nitzschia,Nitzalpina3.png,12478861470717848931
DONA_Database,Nitzschia,innominata_003.png,14140346465178085651
DONA_Database,Nitzschia,nitzschia_amphibia_004.png,10207888861402645395
DONA_Database,Nitzschia,sigma_001.png,10053632024899655499
DONA_Database,Nitzschia,Nitzschia_16_14384.png,12659536033076003585
DONA_Database,Nitzschia,nitzschia_linearis_006.png,16799806033166980752
DONA_Database,Nitzschia,capitellata_a_001.png,12388685852541635026
DONA_Database,Nitzschia,filiformis_gc106965h005.png,9766822002630880165
DONA_Database,Nitzschia,debilis_001.png,16044619402352297820
DONA_Database,Nitzschia,brevissima_gc109965h003.png,15711829280091819986
DONA_Database,Nitzschia,filiformis_gc106965h004.png,15610331450108945618
DONA_Database,Nitzschia,Nitzschia_sociabilis_g_view_103388b_13.png,13241524555012676438
DONA_Database,Nitzschia,inconspicua_005.png,15544377320336861527
DONA_Database,Nitzschia,14384_mix_031_clm_exterior.png,16779269557514695284
DONA_Database,Nitzschia,N_kurzeana_GC103574a_3.png,12283254369494968283
DONA_Database,Nitzschia,Nitzschia-serpentiraphe_FIU_2017-10-27_CERP-040-951-1-21_01.png,13206938533044091206
DONA_Database,Nitzschia,16.png,13737650234055640545
DONA_Database,Nitzschia,nitzschia_linearis_005.png,13163169742865023651
DONA_Database,Nitzschia,Nitzschia_acidoclinata_408101_6.png,10283257619660843314
DONA_Database,Nitzschia,nitzschia_microcephala_003.png,15468099336682291531
DONA_Database,Nitzschia,valdecostata_008.png,15758417818775664268
DONA_Database,Nitzschia,clausii_011.png,12658897728483765191
DONA_Database,Nitzschia,columbiana_006.png,17413738965169805515
DONA_Database,Nitzschia,fonticuloides_002.png,15312687433447702256
DONA_Database,Nitzschia,Nitzschia-serpentiraphe_FIU_2007-10-10_CERP-178-353-1-09_03.png,14841950041338553074
DONA_Database,Nitzschia,columbiana_005.png,15666152209079380385
DONA_Database,Nitzschia,Nitzschregula3.png,11920314236987038258
DONA_Database,Nitzschia,Nitzschia_acidoclinata_365101_7.png,9702366900775045498
DONA_Database,Nitzschia,Nitzschregula5.png,14676523812884029634
DONA_Database,Nitzschia,oregona_001.png,17414020443779440212
DONA_Database,Nitzschia,brevissima_gc109965h001.png,9623973014399241056
DONA_Database,Nitzschia,Nitzschia_acidoclinata_408101_1.png,9490592183494273188
DONA_Database,Nitzschia,reversa_002.png,12972155665374892850
DONA_Database,Nitzschia,columbiana_001.png,17198422733702040011
DONA_Database,Nitzschia,2017-029_3.png,12920432691717704498
DONA_Database,Nitzschia,Nitzschia_recta_NEW110130A.png,10849551698669364582
DONA_Database,Nitzschia,N_kurzeana_GC103574a_5.png,18132421914383199316
DONA_Database,Nitzschia,tenuirostris_004.png,15469048686583560025
DONA_Database,Nitzschia,Nitzalpina6.png,12082382328724324699
DONA_Database,Nitzschia,acicularis_005.png,14577350964614031814
DONA_Database,Nitzschia,Nitzalpina4.png,14676568137180124153
DONA_Database,Nitzschia,Nitzschia_dissipata_106882_10.png,12657208596245337001
DONA_Database,Nitzschia,22.png,12007707494922897764
DONA_Database,Nitzschia,Nitzschregula2.png,9642310892312548877
DONA_Database,Nitzschia,7_Nitzschia_dissipata_var_oligotraphenta_106900_6.png,17501205218617235170
DONA_Database,Nitzschia,type_Nitzschia_biacrula_for_web.png,11364961211327678579
DONA_Database,Nitzschia,Nitzschia_dissipata_106900_1.png,12530514221263962885
DONA_Database,Nitzschia,liebetruthii_gc106965h005.png,17906775423117434444
DONA_Database,Nitzschia,_tryb_1_14384.png,12513520179190317933
DONA_Database,Nitzschia,filiformis_gc106965h006.png,12046379440581785906
DONA_Database,Nitzschia,Nitzschia_biacrula_isotype_44466_scale.png,14427802718048166846
DONA_Database,Nitzschia,GSL00777_45_copy.png,10971720552769484716
DONA_Database,Nitzschia,Nitzschia_recta_NEW110130A_8_g_view.png,13393939343203783256
DONA_Database,Nitzschia,oregona_005.png,15900416226266165155
DONA_Database,Nitzschia,Nitzschia_recta_NEW110130A_9_g_view_1.png,16193921181414393840
DONA_Database,Nitzschia,liebetruthii_gc108446a004.png,15025846249627367664
DONA_Database,Nitzschia,Nitzschia_dissipata_106882_5.png,18329053764922771282
DONA_Database,Nitzschia,fonticuloides_001.png,15468080949789140565
DONA_Database,Nitzschia,perminuta_001.png,10207954195390628694
DONA_Database,Nitzschia,clausii_007.png,14895850284307027468
DONA_Database,Nitzschia,Nitzschia_acidoclinata_408101_5.png,14314122189515807090
DONA_Database,Nitzschia,Nitzschia_incognita_218501_3.png,14602326177326619088
DONA_Database,Nitzschia,nitzschia_microcephala_005.png,15396604677827284316
DONA_Database,Nitzschia,Nitzschia_communis_002.png,15751736945319453789
DONA_Database,Nitzschia,fonticola_001.png,10783960200140811550
DONA_Database,Nitzschia,palacea_hvh10001_copy.png,11936045438912883099
DONA_Database,Nitzschia,paleacea_gc62547001_copy.png,15144670254034170999
DONA_Database,Nitzschia,Nitzschia_sociabilis_103387a_2_same.png,13171719172150022050
DONA_Database,Nitzschia,4_Nitzschia_dissipata_var_oligotraphenta_106882_9.png,18067321244789972363
DONA_Database,Nitzschia,minuta_005_1.png,14388963795580199235
DONA_Database,Nitzschia,tenuirostris_002.png,16044549007966460242
DONA_Database,Nitzschia,clausii_009.png,12479358265369936183
DONA_Database,Nitzschia,14384_mix_025_1.png,10727988400656114058
DONA_Database,Nitzschia,innominata_006.png,15100305084485019599
DONA_Database,Nitzschia,minuta_001_1.png,15753996424504575900
DONA_Database,Nitzschia,clausii_004.png,12639616553499120582
DONA_Database,Nitzschia,nitzschia_amphibia_005.png,15754402167452897012
DONA_Database,Nitzschia,6_Nitzschia_dissipata_var_oligotraphenta_106882_1_valve_2.png,14086527577746548913
DONA_Database,Nitzschia,filiformis_gc106965h009.png,15570036327199909548
DONA_Database,Nitzschia,Nitzschia_sociabilis_103388b_24.png,17888653680485883512
DONA_Database,Nitzschia,liebetruthii_gc108446a002.png,9669469138417304860
DONA_Database,Nitzschia,exilis_006.png,16295518496602344649
DONA_Database,Nitzschia,fonticuloides_004b.png,15630065648178436626
DONA_Database,Nitzschia,tenuirostris_001.png,15469251547458839311
DONA_Database,Nitzschia,nitzschia_linearis_004.png,14730806689718814489
DONA_Database,Nitzschia,fonticola_003.png,15468070916916563284
DONA_Database,Nitzschia,innominata_009.png,9703103062470254943
DONA_Database,Nitzschia,14384_mix_030_copy_clm.png,15336341989126576243
DONA_Database,Nitzschia,Nitzschia_communis_004.png,16548814201171384939
DONA_Database,Nitzschia,fonticola_011.png,15036157233047774801
DONA_Database,Nitzschia,exilis_004.png,11252789231419698004
DONA_Database,Nitzschia,minuta_004_1.png,10353586863535840114
DONA_Database,Nitzschia,Nitzschia_biacrula_NEW_103388b_14_top.png,18032312107983282520
DONA_Database,Nitzschia,_tryb_2_14384.png,10366077020921594792
DONA_Database,Nitzschia,inconspicua_003.png,15762798286035919166
DONA_Database,Nitzschia,valdecostata_001.png,17147930859379125222
DONA_Database,Nitzschia,N_kurzeana_GC103574a_1.png,13417852970302342458
DONA_Database,Nitzschia,Nitzschia_acidoclinata_365101_4.png,14894937007723927898
DONA_Database,Nitzschia,valdecostata_004.png,13558632471166583606
DONA_Database,Nitzschia,palea_012.png,15615006831398622864
DONA_Database,Nitzschia,Nitzalpina7.png,10172987436921310066
DONA_Database,Nitzschia,debilis_003.png,17630345105126560840
DONA_Database,Nitzschia,innominata_004tif.png,15467798716212962204
DONA_Database,Nitzschia,L-6-50_2.png,12440872333395950425
DONA_Database,Nitzschia,Nitzschia_dissipata_106882_3.png,16418914791760286701
DONA_Database,Nitzschia,Ni_dissipata_image_Rex_Lowe.png,13054200720656872754
DONA_Database,Nitzschia,Nitzschia_incognita_205401_0.png,15759583511389578275
DONA_Database,Nitzschia,Tryblionella_angustata_14384_45.png,18059700322486472602
DONA_Database,Nitzschia,Nitzschia-serpentiraphe_ILL_2018-05-11_2018-204-C_07.png,13182961538560313782
DONA_Database,Nitzschia,GSL00777_46_copy.png,16677834276150210496
DONA_Database,Nitzschia,paleacea_gc62547004_copy.png,13600856409269603152
DONA_Database,Nitzschia,filiformis_gc106965h001.png,11890158352887331836
DONA_Database,Nitzschia,paleacea_gc62547003_copy.png,13019187812723018083
DONA_Database,Nitzschia,N_kurzeana_GC103574a_2.png,15827134418673935378
DONA_Database,Nitzschia,innominata_002.png,15438280097491193792
DONA_Database,Nitzschia,12.png,10845223830009996378
DONA_Database,Nitzschia,Nitzschia_biacrula_NEW_103388b_14_bottom.png,16170472770040118849
DONA_Database,Nitzschia,capitellata_a_002.png,10028025810114986954
DONA_Database,Nitzschia,tenuirostris_003.png,9775443878191180666
DONA_Database,Nitzschia,debilis_004.png,15036753194249109153
DONA_Database,Nitzschia,inconspicua_001.png,15463156412236933461
DONA_Database,Nitzschia,columbiana_007.png,17487837063150177458
DONA_Database,Nitzschia,oregona_003.png,11288677531407270706
DONA_Database,Nitzschia,Tryblionella_angustata_14384_31.png,14961719488592565129
DONA_Database,Nitzschia,capitellata_a_004.png,10356436716114111237
DONA_Database,Nitzschia,nitzschia_linearis_003.png,14931985856274868558
DONA_Database,Nitzschia,Nitzschia_dissipata_106881_4.png,18103738167798666755
DONA_Database,Nitzschia,minuta_002_1.png,15035057680769887866
DONA_Database,Nitzschia,clausiisem.png,13426722385289083907
DONA_Database,Nitzschia,exilis_002.png,11402360193680061770
DONA_Database,Nitzschia,filiformis_gc106965h008.png,18024321778141931388
DONA_Database,Nitzschia,Nitzschia-soratensis-SEM2.png,15384334269904023869
DONA_Database,Nitzschia,Nitzschia_sociabilis_103388b_25.png,17919684860400737367
DONA_Database,Nitzschia,Ni_dissipata_COOK63_Morales_central_copy.png,16156981393618255486
DONA_Database,Nitzschia,perminuta_003.png,16049052843189897486
DONA_Database,Nitzschia,fonticola_007.png,15369013822716292563
DONA_Database,Nitzschia,liebetruthii_gc106965h001.png,18061019821257662089
DONA_Database,Nitzschia,nitzschia_amphibia_001.png,10316327199250383702
DONA_Database,Nitzschia,Nitzschia_sociabilis_103388b_26.png,17620706041972191058
DONA_Database,Nitzschia,Nitzschregula4.png,13774101397768799096
DONA_Database,Nitzschia,20.png,12584731205772560704
DONA_Database,Nitzschia,2017-029_2.png,12890294567215291916
DONA_Database,Nitzschia,Nitzalpina1.png,16531366639282491700
DONA_Database,Nitzschia,clausii_013.png,18051029649481831469
DONA_Database,Nitzschia,Nitzschia_communis_005.png,15719186836316935613
DONA_Database,Nitzschia,fonticola_004.png,15541168404141083017
DONA_Database,Nitzschia,Nitzschia-soratensis-SEM1.png,15341633340104120351
DONA_Database,Nitzschia,Nitzschia_recta_NEW110130A_2.png,12368914405487891547
DONA_Database,Nitzschia,perminuta_005.png,9775608713933637978
DONA_Database,Nitzschia,Nitzschia_dissipata_107597_7.png,17475452400660691688
DONA_Database,Nitzschia,N.png,14133156073357174137
DONA_Database,Nitzschia,columbiana_003.png,15181038763534698608
DONA_Database,Nitzschia,minuta_003_1.png,14100028038154871565
DONA_Database,Nitzschia,debilis_002.png,15036295760774599510
DONA_Database,Nitzschia,exilis_005.png,17455186489927576824
DONA_Database,Nitzschia,palea_003.png,15179745978503183701
DONA_Database,Nitzschia,paleacea_gc62547005_copy.png,13550119917792275322
DONA_Database,Nitzschia,nitzschia_desertorum_004.png,16980739212264395635
DONA_Database,Nitzschia,Nitzschia_kurzeana_2312_SEM1.png,9260042498754721582
DONA_Database,Nitzschia,nitzschia_microcephala_001.png,15396299196026671953
DONA_Database,Nitzschia,valdecostata_005.png,15628798142379138893
DONA_Database,Nitzschia,Nitzschia-serpentiraphe_ILL_2018-05-11_2018-204-C_05.png,12400190500111225803
DONA_Database,Nitzschia,palea_006.png,9992734337631699350
DONA_Database,Nitzschia,14384_mix_030_end.png,9556455551649068266
DONA_Database,Nitzschia,nitzschia_desertorum_001.png,11360805149256616713
DONA_Database,Nitzschia,nitzschia_linearis_001.png,12064389297183562627
DONA_Database,Nitzschia,Nitzschia_recta_9_slide_11381.png,13083611040079176588
DONA_Database,Nitzschia,14384_mix_031_center_1psd.png,16472309111439280582
DONA_Database,Nitzschia,debilis_005.png,18350427291616945030
DONA_Database,Nitzschia,Nitzalpina5.png,14205398303452776752
DONA_Database,Nitzschia,sigma_003.png,16056640108545119169
DONA_Database,Nitzschia,Nitzschia_incognita_218501_4.png,14606689039486638456
DONA_Database,Nitzschia,nitzschia_microcephala_002.png,15360857713212375315
DONA_Database,Nitzschia,innominata_008.png,15450844078544953488
DONA_Database,Nitzschia,palea_002.png,15179739381433544057
DONA_Database,Nitzschia,fonticuloides_004.png,10685170887903045526
DONA_Database,Nitzschia,perminuta_002.png,15468099326475758025
DONA_Database,Nitzschia,oregona_002.png,17991958602567329487
DONA_Database,Nitzschia,5_Nitzschia_dissipata_var_oligotraphenta_106900_7.png,16825878170425946175
DONA_Database,Nitzschia,Nitzschia_socialis_112435b_3.png,11434058979954057502
DONA_Database,Nitzschia,2017-029_1.png,16846192860372112934
DONA_Database,Nitzschia,_tryb_3_14384.png,10331455755556651998
DONA_Database,Nitzschia,sigma_002.png,10063078905159983517
DONA_Database,Nitzschia,sigma_005.png,10306318279374463816
DONA_Database,Nitzschia,Ni_dissipata_COOK63_Morales_end_copy.png,12742852054542912589
DONA_Database,Nitzschia,nitzschia_desertorum_003.png,18204537187394273219
DONA_Database,Nitzschia,Nitzschia_biacrula_NEWgview_103388b_11.png,14102595764839915098
DONA_Database,Nitzschia,capitellata_a_003.png,12338020834014823387
DONA_Database,Nitzschia,2_Nitzschia_dissipata_var_oligotraphenta_106882_8.png,12101550894926597989
DONA_Database,Nitzschia,Nitzschia_recta_NEW3_slide_11381.png,10320544186061144719
DONA_Database,Nitzschia,paleacea_gc62547002_copy.png,12080196070132115778
DONA_Database,Nitzschia,palea_010.png,17486141966938550048
DONA_Database,Nitzschia,Nitzalpina2.png,10352285042875871860
DONA_Database,Nitzschia,valdecostata_006.png,15462680075795244389
DONA_Database,Nitzschia,Nitzschia_communis_003.png,14241884686288337227
DONA_Database,Nitzschia,capitellata_a_005.png,10064758653168316983
DONA_Database,Nitzschia,tenuirostris_005.png,15037316419044309141
DONA_Database,Nitzschia,Nitzschia-serpentiraphe_FIU_2017-10-27_CERP-040-951-1-21_02.png,12447686553826333680
DONA_Database,Nitzschia,liebetruthii_gc108446a005.png,15720840812750445106
DONA_Database,Nitzschia,clausii_014.png,18060322679328349916
DONA_Database,Nitzschia,columbiana_002.png,11430515904170386898
DONA_Database,Nitzschia,valdecostata_002.png,15178407946798683345
DONA_Database,Nitzschia,nitzschia_desertorum_005.png,15486094775669658681
DONA_Database,Nitzschia,liebetruthii_gc106965h003.png,15144388783523607110
DONA_Database,Nitzschia,Nitzschia-serpentiraphe_FIU_2017-10-27_CERP-040-951-1-21_06.png,12518971805311128410
DONA_Database,Nitzschia,Nitzschia_acidoclinata_408101_2.png,9418534640999294993
DONA_Database,Nitzschia,reversa_003.png,16298989197241260490
DONA_Database,Nitzschia,Nitzschia_acidoclinata_408101_3.png,10283398323864422858
DONA_Database,Nitzschia,nitzschia_amphibia_002.png,10351435898332201805
DONA_Database,Nitzschia,palea_009.png,16044549018336537436
DONA_Database,Nitzschia,inconspicua_006.png,15488152371009071472
DONA_Database,Nitzschia,nitzschia_desertorum_002.png,9631966399060355377
DONA_Database,Nitzschia,reversa_007.png,15075257468646453466
DONA_Database,Nitzschia,GSL00777_47_copy.png,15395123081554171963
DONA_Database,Nitzschia,9.png,16919621119022894387
DONA_Database,Nitzschia,brevissima_gc109965h005.png,12655625996369599244
DONA_Database,Nitzschia,nitzschia_microcephala_004.png,15866076160442159955
DONA_Database,Nitzschia,Nitzschia_incognita_218701_7.png,14602277799313900874
DONA_Database,Nitzschia,oregona_004.png,17909592013533886712
DONA_Database,Nitzschia,Ni_dissipata_COOK63_Morales_wholeinternalcopy.png,16920246685903013656
DONA_Database,Nitzschia,Nitzschia-serpentiraphe_ILL_2018-05-11_2018-204-C_04.png,17007899372893451229
DONA_Database,Nitzschia,Nitzschia_incognita_218501_2.png,14606714331980212452
DONA_Database,Nitzschia,inconspicua_004.png,15156487695539153845
DONA_Database,Nitzschia,Nitzschia_incognita_218501_6.png,14606605544783567690
DONA_Database,Nitzschia,filiformis_gc106965h010.png,10365655368948216596
DONA_Database,Nitzschia,palea_001.png,14170961649167935836
DONA_Database,Nitzschia,fonticuloides_003.png,15891974172572387032
DONA_Database,Nitzschia,Nitzschia_recta_NEW110130A_5.png,12644296468564689822
DONA_Database,Nitzschia,valdecostata_007.png,15318447793214399783
DONA_Database,Nitzschia,Nitzschia_kurzeana_2312_SEM3.png,16176683446775642307
DONA_Database,Nitzschia,liebetruthii_gc106965h002.png,13231840476046052684
DONA_Database,Nitzschia,fonticola_005.png,15900420642619702099
DONA_Database,Nitzschia,Nitzschia_sociabilis_103388b_21.png,14423805105771190359
DONA_Database,Nitzschia,brevissima_gc109965h002.png,10317131519523906418
DONA_Database,Nitzschia,Nitzschia_incognita_218501_5.png,15759776570054888458
DONA_Database,Nitzschia,sigma_004.png,17922223845340043342
DONA_Database,Nitzschia,L-6-50_1.png,17138891102584181412
DONA_Database,Nitzschia,3_Nitzschia_dissipata_var_oligotraphenta_106882_2.png,10875621890678859521
DONA_Database,Nitzschia,reversa_006.png,15843885513768057867
DONA_Database,Nitzschia,nitzschia_amphibia_003.png,10173900872850989855
DONA_Database,Nitzschia,Nitzschregula1.png,9669645652162533868
DONA_Database,Nitzschia,inconspicua_002.png,15133475702582656262
DONA_Database,Nitzschia,perminuta_004.png,14885136567675823360
DONA_Database,Nitzschia,brevissima_gc109965h006.png,9766920682685103068
DONA_Database,Nitzschia,fonticola_002.png,11504859019383613272
DONA_Database,Nitzschia,Nitzschia_communis_001.png,15757335905609330878
DONA_Database,Nitzschia,1_Nitzschia_dissipata_var_oligotraphenta_106881_2.png,15720911182831558246
DONA_Database,Nitzschia,minuta_006.png,15468001608962377357
DONA_Database,Nitzschia,clausii_010.png,10067995711074964110
DONA_Database,Nitzschia,brevissima_gc109965h004.png,18060982973595848668
DONA_Database,Luticola,GC63412_10.png,11937659861265246582
DONA_Database,Luticola,ILL2017_40_6.png,15323747970605267981
DONA_Database,Luticola,Lut_sigma_GC48876a_22_cl.png,9487454723657519910
DONA_Database,Luticola,Lut_sigma_GC48876a_05_cl.png,15736396524739335780
DONA_Database,Luticola,GC44458_110815_07_rev.png,9491370434774118449
DONA_Database,Luticola,15544a_09282015_03_cl.png,14099274854084948564
DONA_Database,Luticola,GC63412_18.png,11961382799591950742
DONA_Database,Luticola,GC63412_8.png,10354017727429817660
DONA_Database,Luticola,LuticolaArctica_GC63412_16.png,9633861960680814298
DONA_Database,Luticola,GC44458_110815_05a_rev.png,10887023952688817608
DONA_Database,Luticola,GC63412_17.png,15494917605299992105
DONA_Database,Luticola,LuticolaArctica_GC63412_3.png,9310733160814307629
DONA_Database,Luticola,ILL2017_40_2.png,18349179399679641464
DONA_Database,Luticola,Lut_sigma_GC48876a_19_cl.png,10352285947467492338
DONA_Database,Luticola,15595a_09212015_36_cl.png,14099274883608982149
DONA_Database,Luticola,LuticolaArctica_GC63412_1.png,17630197523690831041
DONA_Database,Luticola,GC53230b_15_cl_rev.png,14071705399424135741
DONA_Database,Luticola,Lut_sigma_GC48876a_24_cl.png,16044752419682916215
DONA_Database,Luticola,ILL2017_40_13.png,16035886490422970263
DONA_Database,Luticola,GC63412_5.png,17450676132619918995
DONA_Database,Luticola,LuticolaArctica_GC63412_6.png,15195568739532543901
DONA_Database,Luticola,GC63412_20.png,15145405419325920787
DONA_Database,Luticola,LuticolaArctica_GC63412_12.png,17486634784373513931
DONA_Database,Luticola,ILL2017_40_11.png,14676022086045778774
DONA_Database,Luticola,GC2955_110915_05_rev.png,9416672712401809475
DONA_Database,Luticola,Lut_sigma_GC48876a_18_cl.png,10316257236387939270
DONA_Database,Luticola,ILL2017_40_4.png,14678282690512864077
DONA_Database,Luticola,Boy1041_NAVmobiliensis_epitype_2.png,15488242392994555210
DONA_Database,Luticola,Lut_sigma_GC48876a_04_cl.png,9992007275885577014
DONA_Database,Luticola,15654a_09162015_39_cl.png,15540491508524414031
DONA_Database,Luticola,GC49734a_110715_02_rev.png,14099134326511890539
DONA_Database,Luticola,ILL2017_40_8.png,11432446840924772109
DONA_Database,Luticola,Lut_sigma_GC48876a_26_cl.png,16071350416582755036
DONA_Database,Luticola,GC53230b_23_cl_rev.png,15467886234228107218
DONA_Database,Luticola,GC53230b_25_cl_rev.png,10877592178738263811
DONA_Database,Luticola,GC63412_11.png,15195476454458261184
DONA_Database,Luticola,LuticolaArctica_GC63412_19.png,15149315027163401020
DONA_Database,Luticola,LuticolaArctica_GC63412_7.png,18061969173823039391
DONA_Database,Luticola,GC44458_110815_01_rev.png,15556113301095298079
DONA_Database,Planothidium,500101_274202_09.png,10763174915690210855
DONA_Database,Planothidium,GS024101_11.png,14225297956606067609
DONA_Database,Planothidium,Planothidium_holstii_Amphi_sl57b.png,14124448528568106749
DONA_Database,Planothidium,GS024101_3.png,17418391125744396548
DONA_Database,Planothidium,MO000295_03.png,15239750848799859358
DONA_Database,Planothidium,GC49756a_1a_1.png,12766938010055436551
DONA_Database,Planothidium,GS024101_07.png,15373682720648734082
DONA_Database,Planothidium,AlancAp_InCircle_2b_ed.png,11801784148023929652
DONA_Database,Planothidium,NRSA0108_10.png,15468361023878506054
DONA_Database,Planothidium,MO000295_GC109668_5.png,15462414443251486501
DONA_Database,Planothidium,GC8526_AComissa_circle1b_cl.png,15414284438600131726
DONA_Database,Planothidium,MO000019_1.png,13949125525232134537
DONA_Database,Planothidium,GSN23403_PLapicul_2b_ed.png,17556092883663605293
DONA_Database,Planothidium,NRSA0108_03.png,10389576875642806478
DONA_Database,Planothidium,Planothidium_holstii_Amphi_sl57g.png,16905850449138326068
DONA_Database,Planothidium,MO000465_1a_ed.png,17629765121783242371
DONA_Database,Planothidium,GS024101_13.png,13900492463855516179
DONA_Database,Planothidium,MO000295_04.png,13895978890997690938
DONA_Database,Planothidium,NRSA0167_01.png,10685470874498134842
DONA_Database,Planothidium,GS024101_10.png,10721496476110959163
DONA_Database,Planothidium,GC8526_AComissa_circle4_cl.png,14811928904207490953
DONA_Database,Planothidium,NRSA0108_2.png,15289206129749468775
DONA_Database,Planothidium,MO000465_2b_ed.png,18422744538154189584
DONA_Database,Planothidium,MO000295_02.png,13862211862736227739
DONA_Database,Planothidium,MO000295_GC109668_7.png,15394074311696008013
DONA_Database,Planothidium,P_joursacense_15791b_20170604_23_cl.png,15387366771865331624
DONA_Database,Planothidium,GSN23403_PLrostr_3.png,17666074140062419679
DONA_Database,Planothidium,DE000084_4.png,14162144481936947409
DONA_Database,Planothidium,Planothidium_incuriatum_GC110451a_20.png,18329373101781990401
DONA_Database,Planothidium,AlancAp_InCircle_1b_ed.png,10295577923407680475
DONA_Database,Planothidium,NRSA0023_1.png,10496289049725057076
DONA_Database,Planothidium,P_joursacense_16329a_20170602_41_cl.png,15407022423658172942
DONA_Database,Planothidium,GC48893a_1a.png,10477207366283790287
DONA_Database,Planothidium,MO000308_3.png,15008854911104202681
DONA_Database,Planothidium,NCPA0206_29.png,13904984990756794939
DONA_Database,Planothidium,Planothidium_holstii_Amphi_sl57f.png,12017106505583095493
DONA_Database,Planothidium,GC3872b_PLfreq_1a.png,17648220615179910246
DONA_Database,Planothidium,Planothidium_incuriatum_SEM3.png,16973002195733995914
DONA_Database,Planothidium,NRSA0167_14.png,15080435763528361627
DONA_Database,Planothidium,GC49756a_3b.png,12802359838437499157
DONA_Database,Planothidium,NRSA0108_01.png,13900492458486799771
DONA_Database,Planothidium,GSN23403_PLapicul_3ed.png,15467271139286999096
DONA_Database,Planothidium,MO000295_GC109668_6b.png,16369173228252908301
DONA_Database,Planothidium,NRSA0167_10.png,13891469871169680955
DONA_Database,Planothidium,GSN69662_PLapicul_1b_ed.png,9491684083207390578
DONA_Database,Planothidium,MO000465_1b_ed.png,17773053219970255491
DONA_Database,Planothidium,DE000084_7.png,15324249181038687843
DONA_Database,Planothidium,501101_4_10.png,16043406622873688948
DONA_Database,Planothidium,GS024101_24.png,13937020610833969966
DONA_Database,Planothidium,GC43857_AClinAbbrev_cricle1a.png,15318162730673190039
DONA_Database,Planothidium,44261_ACbipor_Circled2b.png,10766820511179522368
DONA_Database,Planothidium,GSN23403_PLrostr_2.png,17775859397218548461
DONA_Database,Planothidium,MO000019_PLfreq_1b_ed.png,15390194425897013029
DONA_Database,Planothidium,GS100739_PLapicul_1ed.png,10497431377044138349
DONA_Database,Planothidium,500101_8_10.png,15459909158291758661
DONA_Database,Planothidium,Planothidium_incuriatum_GC110451a_7.png,14171143377669799063
DONA_Database,Planothidium,GC8031_Sabine_PLDel1b.png,15431832070681696990
DONA_Database,Planothidium,GS024101_04.png,14215744291476233779
DONA_Database,Planothidium,GCM35213_01.png,14225319945957805465
DONA_Database,Planothidium,P_joursacense_16330a_20170602_77_cl.png,15395741901505327311
DONA_Database,Planothidium,MO000295_GC109668_1.png,17414000037365459236
DONA_Database,Planothidium,NRSA0530_01.png,10793554482180546099
DONA_Database,Planothidium,MO000295_05.png,14155634068060661306
DONA_Database,Planothidium,DE000084_6.png,15324247412883601111
DONA_Database,Planothidium,GC49756a_1a.png,15288044465783258835
DONA_Database,Planothidium,GC112144b_NRSA0167_PLdelic1.png,15405136906054072380
DONA_Database,Planothidium,P_joursacense_16329a_20170602_53_cl.png,15396309197965906506
DONA_Database,Planothidium,GS134565_1a.png,11631562183362763681
DONA_Database,Planothidium,NRSA0108_1.png,15522562923487732531
DONA_Database,Planothidium,MO000019_1a_ed_5.png,17701587615408423788
DONA_Database,Planothidium,WACA19_13a.png,18301090746745823461
DONA_Database,Planothidium,GS024101_09.png,14225318847251506739
DONA_Database,Planothidium,MO000373_09.png,10505341226020659763
DONA_Database,Planothidium,Planothidium_holstii_Amphi_sl57c.png,14029592188202333894
DONA_Database,Planothidium,MO000295_GC109668_1b.png,13090531436560145995
DONA_Database,Planothidium,IH042040_PLlanc4.png,10495883376845613420
DONA_Database,Planothidium,GC43857_AClinAbbrev_cricle1b.png,15457771778648391399
DONA_Database,Planothidium,GS024101_05.png,10478310419761885452
DONA_Database,Planothidium,IH042040_PLlanc2.png,15179712042091064330
DONA_Database,Planothidium,500101_8_13.png,10495954836007903613
DONA_Database,Planothidium,WACA19_07a.png,13046706259669889790
DONA_Database,Planothidium,MO000295_GC109668_4.png,15401348216230889933
DONA_Database,Planothidium,NRSA0108_8.png,17702111118585937504
DONA_Database,Planothidium,Planothidium_holstii_Amphi_sl57d.png,17417885530290768262
DONA_Database,Planothidium,NCPA0206_15.png,10482807817540366874
DONA_Database,Planothidium,ncpa0173_08a.png,15354201823810440591
DONA_Database,Planothidium,GSN23403_PLapicul_1ed.png,12807197967162261628
DONA_Database,Planothidium,GS024101_1.png,17404600497483196615
DONA_Database,Planothidium,GSN23403_PLrostr_5.png,14189447236552650953
DONA_Database,Planothidium,P_joursacense_15791b_20170604_37_cl.png,15414335574795216668
DONA_Database,Planothidium,501101_4_8a.png,17776809175819126347
DONA_Database,Planothidium,NRSA0108_6.png,15324212211836034783
DONA_Database,Planothidium,GC49756a_1b.png,12818035111343057146
DONA_Database,Planothidium,MO000295_GC109668_2.png,17671212138701659795
DONA_Database,Planothidium,Planothidium_holstii_Amphi_sl57a.png,13980595385372766924
DONA_Database,Planothidium,500101_65.png,13898788564086190899
DONA_Database,Planothidium,NRSA0108_9.png,16441097912356912263
DONA_Database,Planothidium,GS024101_01.png,13892033989540459291
DONA_Database,Planothidium,GS119780_1_ed.png,11254487534221230999
DONA_Database,Planothidium,GS024101_04_1.png,13869712477130291775
DONA_Database,Planothidium,GS120911_20.png,15017389535054548381
DONA_Database,Planothidium,GS134565_6.png,13142992066568697369
DONA_Database,Planothidium,GS024101_21.png,13867215263302973324
DONA_Database,Planothidium,500101_76.png,13856021685178626874
DONA_Database,Planothidium,GCM35213_02.png,10698913477610196147
DONA_Database,Planothidium,NRSA0479__05.png,10469295996229802420
DONA_Database,Planothidium,Planothidium_incuriatum_GC110451a_16.png,18247132486984681826
DONA_Database,Planothidium,GS181995_1b_ed.png,15352429972084078839
DONA_Database,Planothidium,GCM35213_04.png,10757526887693703609
DONA_Database,Planothidium,500101_18.png,13856004092783653787
DONA_Database,Planothidium,GC3872b_PLfreq_3.png,14171142827109463131
DONA_Database,Planothidium,GS181995_2a.png,16260826272799318837
DONA_Database,Planothidium,Planothidium_holstii_Amphi_sl57e.png,16308960812666953328
DONA_Database,Planothidium,NRSA0108_5.png,17630062146855775574
DONA_Database,Planothidium,500101_8_11.png,18339661818420993590
DONA_Database,Planothidium,GCM35213_07.png,13862775362378485036
DONA_Database,Planothidium,GS134565_3_1.png,15540508103817927302
DONA_Database,Planothidium,501101_4_11.png,10487043307019816908
DONA_Database,Planothidium,500101_8_14.png,15466215794044525116
DONA_Database,Planothidium,IH042040_PLlanc1.png,10783902544256391508
DONA_Database,Staurosirella,L2-88-S.martyi_13.png,12658479857155969872
DONA_Database,Staurosirella,Staurosirella_pinnata_NX000610_NM_2007_8_219_a.png,15295810584882520305
DONA_Database,Staurosirella,Staurosirella_pinnata_AVERY_POND_CT_4_scale_5_microns_45_563.png,9561105267221471435
DONA_Database,Staurosirella,Staurosirella_leptostauron_MO000008_MT_2005_16_9_247.png,10760415979650088481
DONA_Database,Staurosirella,ANSP_GC107082-19.png,11973865067906633141
DONA_Database,Staurosirella,2014-005-S.martyi_14.22.png,18063133495970645482
DONA_Database,Staurosirella,Staurosirella_leptostauron_var_dubia_GS027561_15_21_5754.png,14964534072963134291
DONA_Database,Staurosirella,Staurosirella_leptostauron_MO000008_MT_2005_31_15_411.png,11854515865094204886
DONA_Database,Staurosirella,SOFL-97-GS027611.png,12553684888418091315
DONA_Database,Staurosirella,Staurosirella_leptostauron_var_dubia_gsn027561_SOFL_1997_3.png,16903247371278898401
DONA_Database,Staurosirella,ILL-2014-18_mix_002.png,16507138486853040448
DONA_Database,Staurosirella,Staurosirella_leptostauron_var_dubia_GS027561_5_11_3014.png,13726514723349502249
DONA_Database,Staurosirella,S_rhomboides_Willow_Creek_GS004103_WMIC1993_1_5.png,10358394266769382798
DONA_Database,Staurosirella,Staurosirella_pinnata_gsn92019_COOK_2001_scale_5_microns_7_1039.png,9600951821007347405
DONA_Database,Staurosirella,STberolinensis__346_15.7.png,16045675400591321479
DONA_Database,Staurosirella,STberolinensis__533_24.2.png,14532730376548260474
DONA_Database,Staurosirella,STberolinensis__332_15.1.png,13742159837932274576
DONA_Database,Staurosirella,Staurosirella_pinnata_NX000610_NM_2007_5_137.png,10797515910841168598
DONA_Database,Staurosirella,S_rhomboides_Willow_Creek_GS004103_WMIC1993_3_5.png,18032307564516202640
DONA_Database,Staurosirella,ANSP_GC107082-28.png,18170600027640231221
DONA_Database,Staurosirella,ANSP_GC107082-27.png,17071017933411285317
DONA_Database,Staurosirella,S_rhomboides_Willow_Creek_GS004103_WMIC1993_13_5.png,15931027608281300767
DONA_Database,Staurosirella,SOFL-97-GS027611_2.png,11466161464672065026
DONA_Database,Staurosirella,ILL-2014-18_mix_004.png,9640634210235674162
DONA_Database,Staurosirella,Staurosirella_leptostauron_MO000008_MT_2005_10_11_301.png,16299421159853888208
DONA_Database,Staurosirella,Staurosirella_pinnata_NX000610_NM_2007_7_192.png,15371008987592335127
DONA_Database,Staurosirella,2014-018b-S.martyi_8.25.png,16051589975129295670
DONA_Database,Staurosirella,STberolinensis__399_18.1.png,14908461067588617546
DONA_Database,Staurosirella,2014-005-S.martyi_15.6.png,14528679533376058046
DONA_Database,Staurosirella,Staurosirella_leptostauron_gsn92067_COOK_2001_composite.png,15241656520465654961
DONA_Database,Staurosirella,Staurosirella_leptostauron_var_dubia_GS027561_14_5_137.png,14631057143437081965
DONA_Database,Staurosirella,S.marty24.png,15749054328116094547
DONA_Database,Staurosirella,Staurosirella_leptostauron_var_dubia_gs027521_SOFL_1998_5_microns.png,13877068127405565548
DONA_Database,Staurosirella,Staurosirella_leptostauron_gsn120196_CCYK_2003.png,10290550066061004144
DONA_Database,Staurosirella,SOFL-97-GS027611_1.png,17560644509178192197
DONA_Database,Staurosirella,STberolinensis__570_25.9-1.png,15612046406818603198
DONA_Database,Staurosirella,Staurosirella_leptostauron_MO000008_MT_2005_11_12_329.png,17369508143859988862
DONA_Database,Staurosirella,SOFL-97-GS027611_4.png,15462040822438800366
DONA_Database,Staurosirella,STberolinensis__268_12.2.png,15864458723282176862
DONA_Database,Staurosirella,ANSP_GC107082-17.png,11360594587237690839
DONA_Database,Staurosirella,Staurosirella_leptostauron_var_dubia_gs027506_SOFL_1997_1_composite.png,15243113689562163056
DONA_Database,Staurosirella,2014-018b-S.martyi_25.22.png,18342022656958931824
DONA_Database,Staurosirella,Staurosirella_leptostauron_var_dubia_GS027561_6_15_411.png,16080873486761865763
DONA_Database,Staurosirella,ANSP_GC107082-13.png,18206893396862236966
DONA_Database,Staurosirella,Staurosirella_rhomboides_Willow_Creek_GS004103_WMIC1993_5.png,11062365248610779002
DONA_Database,Staurosirella,Staurosirella_pinnata_NX000610_NM_2007_8_219.png,16042821430512637008
DONA_Database,Staurosirella,Staurosirella_leptostauron_gsn92067_COOK_2001.png,18079038570186105889
DONA_Database,Staurosirella,Staurosirella_leptostauron_MO000008_MT_2005_34_25_685.png,13072515220696497821
DONA_Database,Staurosirella,STberolinensis__441_20.1.png,13593535288612874964
DONA_Database,Staurosirella,ILL-2014-18_mix_003.png,9284275684050298679
DONA_Database,Staurosirella,Staurosirella_pinnata_NX000610_NM_2007_6_1644.png,15356218302780080880
DONA_Database,Staurosirella,Staurosirella_leptostauron_var_dubia_GS027561_4_14_384.png,10059912425758798662
DONA_Database,Staurosirella,2014-018b-S.martyi_14.48.png,10341308037940654960
DONA_Database,Staurosirella,Staurosirella_pinnata_GS004103_WMIC_WI_1993_scale_5_microns_10_848.png,10792879554264655519
DONA_Database,Staurosirella,Staurosirella_leptostauron_var_dubia_gs027211_SOFL_1997_1_5_microns.png,13817201096972429324
DONA_Database,Gyrosigma,Images_2.png,11182849850475833334
DONA_Database,Gyrosigma,01-2015-007_GYatten_2.png,13790818248498628376
DONA_Database,Gyrosigma,Gyrosigma-obscurum-SEM_5u_ME-10042_041918_Mix_002.png,10638992534674778166
DONA_Database,Gyrosigma,Gyrosigma-obscurum-ME10042_A_102417_54_c.png,12256182691607891131
DONA_Database,Gyrosigma,Images_1.png,14850955991873172070
DONA_Database,Gyrosigma,05-2015-018_GYatten_2.png,18402345850202900923
DONA_Database,Gyrosigma,02-2015-018_GYatten_2.png,18149863355772849441
DONA_Database,Gyrosigma,03-2015-007_GYatten_2.png,13503592001281314572
DONA_Database,Gyrosigma,Gyrosigma-obscurum-ME10042_C_012318_04_c.png,13449403304538529805
DONA_Database,Gyrosigma,Images_4.png,11233513378257913473
DONA_Database,Gyrosigma,04-2015-007_GYatten_2.png,12630679870847327229
DONA_Database,Gyrosigma,Gyrosigma-obscurum-SEM_10u_ME-10042_041918_Mix_001.png,10930287703002706087
DONA_Database,Gyrosigma,Images_5.png,18333979815931878032
DONA_Database,Gyrosigma,Gyrosigma-obscurum-ME10042_A_102417_18_c.png,12525342774894054758
DONA_Database,Gyrosigma,Images_3.png,13539285897406663815
DONA_Database,Gyrosigma,Gyrosigma-obscurum-ME10042_D_012318_01.png,17020460420730280349
DONA_Database,Gyrosigma,06-2015-057_GYatten_2.png,11232950453660863438
DONA_Database,Gyrosigma,Gyrosigma-obscurum-ME10042_A_102417_36_c.png,12328521356461745250
DONA_Database,Gyrosigma,07-2015-057_GYatten_2.png,12638459848380321554
DONA_Database,Melosira,44073_LM1.png,17882252379613769688
DONA_Database,Melosira,44073_LM2.png,15619195723084672783
DONA_Database,Melosira,External_rimoportula_openings_on_mantle_10000X_copy.png,11592001359690298720
DONA_Database,Melosira,5.802_36.5_Melundnorm_1439A.png,14852794342733153977
DONA_Database,Melosira,44073_LM7.png,15720566107432527240
DONA_Database,Melosira,1.1384_62.9_Melundnorm_1305A.png,12666057892048570334
DONA_Database,Melosira,External_valve_central_area_3500X_copy.png,18240705490120143744
DONA_Database,Melosira,Meloundulata_gv2.png,10052550966698033355
DONA_Database,Melosira,Internal_valve_view_of_rimoportulae_on_valve_face_and_mantle_copy.png,13063489139841977701
DONA_Database,Melosira,Meloundulata_gv3.png,10070840673884304444
DONA_Database,Melosira,4.212_9.6_melo_dickiei_GV.png,13554377350309770366
DONA_Database,Melosira,6.1023_46.5_Melundnorm_1636B.png,14608903873433184497
DONA_Database,Melosira,44073_LM3.png,13791641167824828105
DONA_Database,Melosira,44073_LM4.png,9922752071323578965
DONA_Database,Melosira,Meloundulata_vv1.png,9978355960777396933
DONA_Database,Melosira,44073_SEM1.png,10774236272933104940
DONA_Database,Melosira,2.1079_49.0_Melundnorm_1439A.png,14927387907731146397
DONA_Database,Melosira,Meloundulata_vv12.png,14588696039013991051
DONA_Database,Melosira,Meloundulata_vv4.png,14588352794337661635
DONA_Database,Melosira,2.300_13.6_melo_dickiei_VV.png,11311584803570723980
DONA_Database,Melosira,44073_SEM2.png,17705269374565371858
DONA_Database,Melosira,Meloundulata_gv_400X.png,17231675366512492627
DONA_Database,Melosira,4.858_39.0_Melundnorm_1439A.png,16116809204145112715
DONA_Database,Melosira,Internal_opening_of_rimoportula_copy.png,14112095598107833965
DONA_Database,Melosira,5.427_19.4_melo_dickiei_GV.png,10008885969718552789
DONA_Database,Melosira,3.442_20.1_melo_dickiei_VV.png,17226022672837299836
DONA_Database,Melosira,1.244_11.1_melo_dickiei_VV.png,13261292990283346633
DONA_Database,Melosira,44073_LM6.png,13707736552606938266
DONA_Database,Melosira,7.862_39.2_Melundnorm_1636B.png,18081835147414872258
DONA_Database,Melosira,Meloundulata_gv1.png,11487209753292670332
DONA_Database,Melosira,44073_SEM3.png,17654329442007997087
DONA_Database,Cocconeis,NLS00444_5.png,9361642384094448626
DONA_Database,Cocconeis,NLS00444_2.png,15242412872824513231
DONA_Database,Cocconeis,2012-0003_no19.png,14672908157709817849
DONA_Database,Cocconeis,274201_12.png,10680219082361761157
DONA_Database,Cocconeis,Cocconeis-cascadensis-LM07.png,10208240699751449416
DONA_Database,Cocconeis,Cocconeis-fluviatilis-SEM4_NRSA1002_004.png,10769815635101186351
DONA_Database,Cocconeis,GC109658_MO000285_CCplac3_ed.png,14337961435136721302
DONA_Database,Cocconeis,GC100282_GS016353_CClplac2_ed.png,9739313726236468963
DONA_Database,Cocconeis,Cocconeis-cascadensis-LM04.png,16981584995176321938
DONA_Database,Cocconeis,2012-0003_no18.png,12648342342500729709
DONA_Database,Cocconeis,Cocconeis-cascadensis-SEM01.png,10291102806796954917
DONA_Database,Cocconeis,Cocconeis-cascadensis-SEM02.png,13892266948766757040
DONA_Database,Cocconeis,CCplac_NCPA0173_07.png,9358292329062950157
DONA_Database,Cocconeis,klamath_010.png,12235503014042776177
DONA_Database,Cocconeis,Cocconeis-cascadensis-LM08.png,12621958615833559859
DONA_Database,Cocconeis,Cocconeis_placentula_SEM2.png,10784813450721060146
DONA_Database,Cocconeis,rugosa_002.png,15125936817590004754
DONA_Database,Cocconeis,CAS_183045_27edit5.png,14682365677067956389
DONA_Database,Cocconeis,2012-0047_C_pediculus_valvocopula.png,12366097674104832965
DONA_Database,Cocconeis,klamath_002.png,15585317216838338100
DONA_Database,Cocconeis,274202_03.png,15013394949356351111
DONA_Database,Cocconeis,2012-0012_no34.png,12623853929345567692
DONA_Database,Cocconeis,GSN23403_2_ed.png,9361575621747299986
DONA_Database,Cocconeis,CCplac_NCPA0206_07.png,10397192557676684978
DONA_Database,Cocconeis,Cocconeis_placentula_SEM1.png,15100272894746256401
DONA_Database,Cocconeis,rugosa_003a.png,10712440382899581500
DONA_Database,Cocconeis,Cocconeis-fluviatilis-SEM2_NRSA1002_011.png,9824338336019068963
DONA_Database,Cocconeis,Cocconeis-cascadensis-SEM04.png,9308763122432222658
DONA_Database,Cocconeis,Cocconeis-cascadensis-LM06.png,13955026665442243021
DONA_Database,Cocconeis,CAS_183045_18edithc.png,14808470676705701520
DONA_Database,Cocconeis,2012-0002_no11.png,10345037530109954925
DONA_Database,Cocconeis,GSN24379_09.png,13894201109633656764
DONA_Database,Cocconeis,CAS_183045_24edithc3.png,15396296774203050632
DONA_Database,Cocconeis,klamath_003.png,15540787882220357472
DONA_Database,Cocconeis,CCplac_NCPA0206_04.png,15094459338521409046
DONA_Database,Cocconeis,GSN23387_CCfluv_1_ed.png,17907041487862420081
DONA_Database,Cocconeis,GC3872b_CCfluv_HOLOb_ed.png,15320060092467918563
DONA_Database,Cocconeis,Cocconeis-fluviatilis-SEM3_NRSA1002_001.png,14221820513346874471
DONA_Database,Cocconeis,rugosa_001a.png,17719982338553965720
DONA_Database,Cocconeis,CCplac_NCPA0206_03.png,15050553077678433575
DONA_Database,Cocconeis,C_pediculus_RV_inside_cropped.png,17709365995220860036
DONA_Database,Cocconeis,Cocconeis_pediculus_SEM2.png,10774965597503384852
DONA_Database,Cocconeis,Cocconeis-cascadensis-LM03.png,14675732901842096844
DONA_Database,Cocconeis,2012-0002_no14.png,15817750815384240988
DONA_Database,Cocconeis,Cocconeis_pediculus_SEM3.png,10670275649386440071
DONA_Database,Cocconeis,Cocconeis-cascadensis-LM02.png,16943585641387053897
DONA_Database,Cocconeis,C.pseudothumensis500101_81.png,10404813323938000282
DONA_Database,Cocconeis,NCPA206_CCplac4_ed.png,14100944889374720989
DONA_Database,Cocconeis,klamath_006.png,11496133053499713451
DONA_Database,Cocconeis,NLS00444_7.png,15555855886161235245
DONA_Database,Cocconeis,GC108381_NX000030_CCpseudol1_ed.png,9731848230247206801
DONA_Database,Cocconeis,GC109658_MO000285_CCplac1_ed.png,17363997791651639377
DONA_Database,Cocconeis,Cocconeis-cascadensis-SEM05.png,9418486398830370933
DONA_Database,Cocconeis,Cocconeis_pediculus_SEM_1.png,10793239472250938416
DONA_Database,Cocconeis,GC3872b_CCfluv_HOLOa_ed.png,15040491604616229078
DONA_Database,Cocconeis,Cocconeis-cascadensis-SEM03.png,14370439014116569304
DONA_Database,Cocconeis,GC100282_GS016353_CClplac1_ed.png,10920110594465476344
DONA_Database,Cocconeis,GSN23403_1_ed.png,15324282509320992333
DONA_Database,Cocconeis,NLS00444_8b.png,13958238345382543563
DONA_Database,Cocconeis,GC109658_MO000285_CCplac2_ed.png,13090488873077048790
DONA_Database,Cocconeis,2012-0001_no9.png,14979170838636366732
DONA_Database,Cocconeis,Cocconeis-cascadensis-LM05.png,12658128528299574217
DONA_Database,Cocconeis,274201_32.png,15001292374108633101
DONA_Database,Cocconeis,274201_06.png,13866336006078692502
DONA_Database,Cocconeis,NLS00444_6a.png,16005733135739262514
DONA_Database,Cocconeis,NLS00444_9b_(1).png,17690986021193002489
DONA_Database,Staurosira,Staurosira_construens_gs120211_CCYK_WA_2003_16_86.png,15864480256352201487
DONA_Database,Staurosira,Staurosira_construens_NLS00354_NC_2007_13_1425.png,16537693621845943865
DONA_Database,Staurosira,Staurosira_construens_NLS00354_NC_2007_14_652.png,15386279450879296542
DONA_Database,Staurosira,25_57564.png,17555791442023478290
DONA_Database,Staurosira,Staurosira_construens_var_venter_gs006690_CNBR_1994_2_microns.png,12519323930303226012
DONA_Database,Staurosira,12_57564.png,15108093870587295857
DONA_Database,Staurosira,Staurosira_construens_var_venter_IH042875_ID_2001_3_18_493.png,15396129828500778014
DONA_Database,Staurosira,57578_Stauroneis_stevensonii_holotype_02.png,17414280000584707120
DONA_Database,Staurosira,Staurosira_construens_var_binodis_1_scale_5_microns.png,15378161825720739763
DONA_Database,Staurosira,Staurosira_construens_var_venter_gsn98757_CNBR_2002_2_microns.png,10787595494131720814
DONA_Database,Staurosira,Staurosira_construens_var_binodis_NX000365_NM_2006_10_30_822.png,16897269823041394707
DONA_Database,Staurosira,Staurosira_construens_var_venter_IH042875_ID_2001_22_11_3014.png,14028147235286053833
DONA_Database,Staurosira,Staurosira_construens_var_binodis_2_scale_5_microns.png,9733599986376035507
DONA_Database,Staurosira,Staurosira_construens_var_binodis_IH042875_ID_2001_1_21_576.png,15539861076281218133
DONA_Database,Staurosira,Staurosira_construens_gs120211_CCYK_WA_2003_2_145.png,9582303265314593702
DONA_Database,Staurosira,Staurosira_construens_NLS00442_CT_2007_1_128.png,14722948545997975383
DONA_Database,Staurosira,Staurosira_construens_var_venter_gs012051_CNBR_1994_5_microns.png,9550019089082771642
DONA_Database,Staurosira,Staurosira_construens_gs120196_CCYK_2003.png,10560304234743817457
DONA_Database,Staurosira,22_57564.png,13016444647227961549
DONA_Database,Staurosira,Staurosira_construens_gs120196_CCYK_2003_3.png,14865784239146662098
DONA_Database,Staurosira,21_57564.png,17629959719594114068
DONA_Database,Staurosira,Staurosira_construens_var_binodis_scale_5_microns.png,16168310557127826904
DONA_Database,Staurosira,Staurosira_construens_var_binodis_NX000086_NM_2004_1_9_247.png,9849571752390921005
DONA_Database,Staurosira,Staurosira_construens_var_venter_gs108906_WMIC_WI_2003_12_329.png,16950819580666754256
DONA_Database,Staurosira,Staurosira_construens_var_venter_IH042875_ID_2001_21_19_521.png,15540510829427762037
DONA_Database,Staurosira,Staurosira_construens_var_binodis_3_scale_5_microns.png,9225652555973311992
DONA_Database,Staurosira,Staurosira_construens_var_venter_IH042875_ID_2001_19_5_137.png,15172624395868815200
DONA_Database,Staurosira,Staurosira_construens_var_binodis_IH042875_ID_2001_4_20_548.png,15324253668003992789
DONA_Database,Staurosira,Staurosira_construens_var_binodis_IH042875_ID_2001_15_411.png,15324253116301678283
DONA_Database,Staurosira,27_57564.png,13198558561002765319
DONA_Database,Staurosira,13_57564.png,17377897034011163676
DONA_Database,Staurosira,Staurosira_construens_gs120196_CCYK_2003_2.png,11013967666884627674
DONA_Database,Staurosira,Staurosira_construens_NLS00354_NC_2007_17_158.png,17035956611062853442
DONA_Database,Encyonema,E_stoermeri1.png,14904233299447844454
DONA_Database,Encyonema,Eham2_m06_rev.png,12273001584942486634
DONA_Database,Encyonema,15966_se_026_1um_cl.png,15385209774179901469
DONA_Database,Encyonema,Encyonema_sp._212501_1.png,15436837007998889682
DONA_Database,Encyonema,Encyonema_procerum_SEM_wholevalve_external.png,10673283856552259971
DONA_Database,Encyonema,Encyonema_obscurum_2.png,16045692634884439118
DONA_Database,Encyonema,Encyonema_sp._212501_2.png,14604537000193101660
DONA_Database,Encyonema,MPR09-05_crop.png,14462472109931575534
DONA_Database,Encyonema,MPR07_06_crop.png,17269510458020634264
DONA_Database,Encyonema,Encyonematriangulum1.png,16091150362489912506
DONA_Database,Encyonema,Encyonema_lunatum_685701_3.png,12512682573880264604
DONA_Database,Encyonema,Encyonema_paucistriatum_685601_8.png,14676519091328010129
DONA_Database,Encyonema,E_latum.png,18341439105750240294
DONA_Database,Encyonema,E_reimeri_2.png,11118227937677975322
DONA_Database,Encyonema,L-2-59-62.7.png,15748098460468692956
DONA_Database,Encyonema,SWPA0002_23.png,13843851168585227497
DONA_Database,Encyonema,15565c_20170207_05_cl.png,15410157433550223444
DONA_Database,Encyonema,_114024b_1.png,11145274475181936482
DONA_Database,Encyonema,Encyonema_lange-bertalotii_5.png,14676651033269341766
DONA_Database,Encyonema,SWPA0002_Enc4.png,12336718763100033977
DONA_Database,Encyonema,12_E_hamsherae_2_M04SHOV01_alt_rev.png,16044891805918993777
DONA_Database,Encyonema,E_reinhardtii_15966a_04062016_08_cl.png,15390274326461440796
DONA_Database,Encyonema,Encyonema_procerum_452601_4.png,15756107683934539664
DONA_Database,Encyonema,SWPA0002_13.png,10788141332584352881
DONA_Database,Encyonema,SEM_2.png,10795791085925136517
DONA_Database,Encyonema,Encyonema_sibericum_4_686501.png,14635977636589512044
DONA_Database,Encyonema,_114024b_81.png,15468448572690648856
DONA_Database,Encyonema,Encyonema_neogracile_4.png,10064838035722340263
DONA_Database,Encyonema,L-2-59-60.0.png,14598978813679519568
DONA_Database,Encyonema,E_reimeri_SEM4.png,15389998890024597210
DONA_Database,Encyonema,_114024b_101.png,16014483856218607191
DONA_Database,Encyonema,15966_se_027_1um_cl.png,15002932304826890301
DONA_Database,Encyonema,14384_mix_029.png,14805524301053442058
DONA_Database,Encyonema,Norv6.png,9984463163433863107
DONA_Database,Encyonema,L-7-21-45.8.png,16047425555206115230
DONA_Database,Encyonema,SWPA0002_Enc2.png,17775498806469854710
DONA_Database,Encyonema,Eham2_m07_cropped.png,9645102956180041527
DONA_Database,Encyonema,Encyonema_obscurum_1.png,15179801761324617628
DONA_Database,Encyonema,Encyonema_lange-bertalotii_1.png,10281138534703996465
DONA_Database,Encyonema,NorvEnd.png,10798024598237832932
DONA_Database,Encyonema,E_reinhardtii_15758b_01212017_27_cl.png,15756653634906001152
DONA_Database,Encyonema,Encyonema_sibericum_3_686501.png,9922976587975927122
DONA_Database,Encyonema,Encyonema_neogracile_1.png,15755245737679429432
DONA_Database,Encyonema,E_stoermeri5.png,11100380449150308021
DONA_Database,Encyonema,E_reimeri_SEM6.png,17983080577530902272
DONA_Database,Encyonema,11b_E_hamsherae_10a_M04SHOV01_alt_rev.png,9703842982391516977
DONA_Database,Encyonema,E_latum2.png,18341438564584360998
DONA_Database,Encyonema,15588b_03262016_06_cl.png,15467891691584655128
DONA_Database,Encyonema,Encyonema_procerum_452601_5.png,14669907096008331016
DONA_Database,Encyonema,Encyonema_paucistriatum_685601_4.png,16980242207318642317
DONA_Database,Encyonema,Encyonema_paucistriatum_685601_1.png,16837255474655045474
DONA_Database,Encyonema,Encyonema_lange-bertalotii_6.png,14027021080639704931
DONA_Database,Encyonema,Encyonema_neogracile_3.png,15756635477425266639
DONA_Database,Encyonema,Encyonema_lange-bertalotii_4.png,15540229411946303303
DONA_Database,Encyonema,2014-026-EA-49.6.png,14031519418957301718
DONA_Database,Encyonema,hebridicum4.png,15722884557624936386
DONA_Database,Encyonema,14384_mix_013.png,9338139478472837880
DONA_Database,Encyonema,Encyonema_paucistriatum_685601_10.png,15829555045632839523
DONA_Database,Encyonema,E_yellowstonianumSEM2.png,17144449607244853837
DONA_Database,Encyonema,E_stoermeri3.png,10622440701737406368
DONA_Database,Encyonema,Encyonema_sp._212501_6.png,14620370237599417800
DONA_Database,Encyonema,15588b_03262016_07_cl.png,15396365299276881436
DONA_Database,Encyonema,GC43853b_20161208_17_cl.png,16026587196463357686
DONA_Database,Encyonema,Encyonema_lunatum_686301.png,17130919600697544346
DONA_Database,Encyonema,Encyonema_sp._212501_7.png,15144406106102046963
DONA_Database,Encyonema,E_yellowstonianumSEM1.png,10190297291412555613
DONA_Database,Encyonema,E_nicafe_3.png,18027312482114509900
DONA_Database,Encyonema,Encyonema_lange-bertalotii_2.png,15468243309199150947
DONA_Database,Encyonema,Encyonema_sibericum_5_686501.png,15829431675281515872
DONA_Database,Encyonema,Encyonematriangulum6.png,9673582968653946371
DONA_Database,Encyonema,Encyonema_neogracile_2.png,15269591130000264972
DONA_Database,Encyonema,E_stoermeri4.png,11436436665873022520
DONA_Database,Encyonema,Norv5.png,9991795238463662065
DONA_Database,Encyonema,Encyonema_sibericum_2_686501.png,14532375038096089460
DONA_Database,Encyonema,Encyonema_obscurum_3.png,15432134938320842318
DONA_Database,Encyonema,15565c_20170207_07_cl.png,9712709387312959438
DONA_Database,Encyonema,E_reimeri_4.png,13411127460580462210
DONA_Database,Encyonema,E_reinhardtii_15757a_10182016_03_ENC12_cl.png,16044883266454327064
DONA_Database,Encyonema,E_yellowstonianumSEM4.png,11958499026386380432
DONA_Database,Encyonema,SEM_4.png,10803531243524995380
DONA_Database,Encyonema,Encyonema_procerum_452601_1.png,9415474933776469884
DONA_Database,Encyonema,E_reimeri_3.png,15720915656011423329
DONA_Database,Encyonema,e_minutum_pseudogracilis_15588_mix_090.png,10671138160549457927
DONA_Database,Encyonema,hebridicum6.png,15774114729888712622
DONA_Database,Encyonema,E_reimeri_SEM3.png,18371731548668918368
DONA_Database,Encyonema,MPR07_02_crop.png,17269598427476821924
DONA_Database,Encyonema,E_lunatum4copy.png,15432403203540684773
DONA_Database,Encyonema,Encyonematriangulum4.png,11328313312365722831
DONA_Database,Encyonema,Norv1.png,11148019795189460762
DONA_Database,Encyonema,hebridicum3.png,10532644497070065621
DONA_Database,Encyonema,SEM_3.png,13155238700053329172
DONA_Database,Encyonema,Norv4.png,9965054863353177985
DONA_Database,Encyonema,_114024b_111.png,15504451442162437831
DONA_Database,Encyonema,MPR08_01_crop.png,17269598977229489764
DONA_Database,Encyonema,E_nicafe_4.png,18026433306609162309
DONA_Database,Encyonema,14384_mix_027.png,13864078437404487959
DONA_Database,Encyonema,E_reimeri_SEM5.png,17383698441071503811
DONA_Database,Encyonema,SWPA0002_Enc6.png,16063030886690199328
DONA_Database,Encyonema,NorvEndIn.png,10252029207783957965
DONA_Database,Encyonema,E_yellowstonianumSEM22.png,14100845001433370951
DONA_Database,Encyonema,MPR09-04_crop.png,13235498849729171250
DONA_Database,Encyonema,Encyonema_sp._212501_4.png,15544593459184936752
DONA_Database,Encyonema,2014-026-EA-52.2.png,9956887948145624862
DONA_Database,Encyonema,Encyonema_sp._212501_5.png,11145065406448934850
DONA_Database,Encyonema,Encyonema_obscurum_7.png,16009065737799179974
DONA_Database,Encyonema,Encyonema_neogracile_5.png,9450098424173717410
DONA_Database,Encyonema,05_E_hamsherii_1_MO000526_alt-1_rev.png,10928796418612191114
DONA_Database,Encyonema,Norv7.png,15717246147030648823
DONA_Database,Encyonema,Encyonema_sibericum_1_686501.png,12370680817558593879
DONA_Database,Encyonema,Encyonematriangulum2.png,10657344027237649934
DONA_Database,Encyonema,SWPA0002_Enc5.png,15721328621995075450
DONA_Database,Encyonema,E_reimeri_SEM2.png,13945148273538574317
DONA_Database,Encyonema,E_reimeri_1.png,13449408607182950016
DONA_Database,Encyonema,Encyonema_obscurum.504301_SEM_wholevalve_external.png,10550293085097898391
DONA_Database,Encyonema,E_hamsherae_19_M04SHOV01_holotype_rev.png,11794643252679100356
DONA_Database,Encyonema,E_reinhardtii_15771d_20170130_01_ENC12_cl.png,15252205787437958983
DONA_Database,Encyonema,Eham2_m08_rev.png,13885774030894215884
DONA_Database,Encyonema,E_reimeri_5.png,12369106784352378785
DONA_Database,Encyonema,hebridicum5.png,10063853022821205760
DONA_Database,Encyonema,Encyonema_lunatum_685701_1.png,16980209428128763421
DONA_Database,Encyonema,E_reinhardtii_15966a_04062016_06_cl.png,15394425042751162264
DONA_Database,Encyonema,Encyonema_paucistriatum_685701_5.png,17989033265979330151
DONA_Database,Encyonema,E_nicafe.png,11105086372874428391
DONA_Database,Encyonema,E_lunatum3copy.png,15468431046071979794
DONA_Database,Encyonema,E_yellowstonianum1.png,16982493870766132294
DONA_Database,Encyonema,E_nicafe_6.png,18051520038784474131
DONA_Database,Encyonema,hebridicum1.png,15171213853971220419
DONA_Database,Encyonema,SWPA0002_Enc_HOLO.png,14639845027006395504
DONA_Database,Encyonema,E_stoermeri6.png,18304855955118997016
DONA_Database,Encyonema,Encyonema_paucistriatum_685701_1.png,14642715808478936775
DONA_Database,Encyonema,Encyonema_obscurum_5.png,11648770809869190999
DONA_Database,Encyonema,Encyonema_procerum_452601_6.png,9776602359619341942
DONA_Database,Encyonema,Encyonema_obscurum.504301_SEM_midvalve_external.png,14001178268635706225
DONA_Database,Encyonema,Encyonematriangulum3.png,10591303663069040415
DONA_Database,Encyonema,NorvCenter.png,17652692069526847912
DONA_Database,Encyonema,L-7-21-54.5.png,11108657027198914138
DONA_Database,Encyonema,Encyonema_lunatum_685701_6.png,18099336272478899271
DONA_Database,Encyonema,E_latum3.png,18075445258130296006
DONA_Database,Encyonema,E_lunatum2_copy.png,9658805572096692039
DONA_Database,Encyonema,Encyonema_procerum_452601_2.png,15180927929138745272
DONA_Database,Encyonema,MPR07_07_crop.png,14530299557691048931
DONA_Database,Encyonema,NorvCenterIn.png,9241018437720527561
DONA_Database,Encyonema,E_latum4.png,18412386751385668614
DONA_Database,Encyonema,Encyonema_obscurum_4.png,15467015825359289734
DONA_Database,Encyonema,Norv2.png,11109040238603069232
DONA_Database,Encyonema,SEM_5.png,12347368745903958597
DONA_Database,Encyonema,SWPA0002_Enc7.png,16062617919217336770
DONA_Database,Encyonema,E_lunatum1_copy.png,11685693952520914775
DONA_Database,Encyonema,E_reimeri_SEM1.png,15322688037246886247
DONA_Database,Encyonema,15565c_20170207_06_cl.png,9694835727365541646
DONA_Database,Encyonema,Encyonema_lunatum_685701_2.png,12512673958174822210
DONA_Database,Encyonema,Encyonema_sibericum_6_686501.png,13955914563891782453
DONA_Database,Encyonema,Encyonema_paucistriatum_685701_8.png,12514923211610294177
DONA_Database,Encyonema,Norv3.png,15774693744093546246
DONA_Database,Encyonema,11a_E_hamsherae_10b_M04SHOV01_alt_copy.png,10631583470576095026
DONA_Database,Encyonema,Encyonema_neogracile_6.png,10890086898997153689
DONA_Database,Encyonema,Encyonema_lunatum_685701_7.png,12512507052256528257
DONA_Database,Encyonema,E_lunatum6_copy.png,16012513586153315521
DONA_Database,Encyonema,SWPA0002_Enc3.png,12372888813009855177
DONA_Database,Encyonema,Encyonema_procerum_452601_3.png,16008292676971826824
DONA_Database,Encyonema,E_latum5.png,18141032272396127331
DONA_Database,Encyonema,E_nicafe_2.png,13450532617291205990
DONA_Database,Encyonema,E_hamsherae_11_M04SHOV01_alt_rev.png,15936798811485216193
DONA_Database,Encyonema,hebridicum2.png,15745279303014401969
DONA_Database,Encyonema,E_nicafe_5.png,18074600664752232498
DONA_Database,Encyonema,Encyonema_sp._212501_3.png,14603481745435100956
DONA_Database,Encyonema,E_reinhardtii_15966a_04062016_07_cl.png,15533021474892320608
DONA_Database,Encyonema,Encyonematriangulum5.png,10866159899218939566
DONA_Database,Encyonema,E_yellowstonianum2.png,16910420007400545346
DONA_Database,Encyonema,14384_mix_017.png,14479772257609116173
DONA_Database,Encyonema,E_stoermeri2.png,13422663196231965753
DONA_Database,Encyonema,SEM_1.png,9595550544301615052
DONA_Database,Encyonema,E_yellowstonianum.png,16981633313944669329
DONA_Database,Encyonema,Encyonema_lange-bertalotii_3.png,9740016559014825879
DONA_Database,Encyonema,Encyonematriangulum7.png,10209230411865825167
DONA_Database,Encyonema,Encyonema_obscurum_6.png,16045692497451728079
DONA_Database,Encyonema,_114024b_91.png,9956047520748638191
DONA_Database,Encyonema,Encyonema_obscurum.504301_SEM_end2_external.png,15378214538357992337
DONA_Database,Encyonema,E_reinhardtii_15966a_04062016_04_cl.png,15418892050859075004
DONA_Database,Encyonema,15548a_09182015_09_cl.png,16044883486529523608
DONA_Database,Encyonopsis,Encyonopsisaequalis_1.png,15210707617549656034
DONA_Database,Encyonopsis,Encyonopsis_descripta3.png,9487806602016375785
DONA_Database,Encyonopsis,Encyonopsis_krammeri_5.png,16907921829473722025
DONA_Database,Encyonopsis,Encyofalaisensis_4.png,12372641975366304585
DONA_Database,Encyonopsis,Encyodescripta2.png,16588807811289431639
DONA_Database,Encyonopsis,Encyonopsiskutenai_6.png,10458799172145275372
DONA_Database,Encyonopsis,Encyonopsis_anaconda2.png,15726328389133418082
DONA_Database,Encyonopsis,encyonopsis_thumensis_1.png,18061018087902068486
DONA_Database,Encyonopsis,Encyonopsis_perborealis3.png,13657711807921276698
DONA_Database,Encyonopsis,Encyonopsis_descripta_5.png,15468362766291643936
DONA_Database,Encyonopsis,Encyodescripta5.png,18093494047491825638
DONA_Database,Encyonopsis,Encyocesatii_7.png,11631485292710750514
DONA_Database,Encyonopsis,Encyonopsis_czarneckii_2.png,12357126137708235596
DONA_Database,Encyonopsis,Encyonopsis_krammeri_6.png,12807813315716277001
DONA_Database,Encyonopsis,Encyonopsis_czarneckii_6.png,13374097534927728901
DONA_Database,Encyonopsis,Encyonopsis_cesatiformis_7.png,12206820042028673328
DONA_Database,Encyonopsis,Encyonopsis_descripta_3.png,17747076731079980603
DONA_Database,Encyonopsis,Encyonopsislacusalpinus5.png,9325193675207385466
DONA_Database,Encyonopsis,encyonopsis_thumensis_6.png,9945971350004576114
DONA_Database,Encyonopsis,Encyonemopsis_microcephala_001.png,15472861885743144582
DONA_Database,Encyonopsis,Encyonopsis_moseri7.png,15716407097806604055
DONA_Database,Encyonopsis,Encyonopsis_montana0.png,10460585045305278972
DONA_Database,Encyonopsis,Encyocesatii_6.png,15436731452635561635
DONA_Database,Encyonopsis,Encyonemopsis_microcephala_006.png,10784593174871762849
DONA_Database,Encyonopsis,Encyonopsis_montana_5.png,15438666381010050714
DONA_Database,Encyonopsis,Encyonopsis_montana4.png,14121086523690499687
DONA_Database,Encyonopsis,Encyoalbertana7.png,18031816354337726023
DONA_Database,Encyonopsis,Encyonopsis_moseri1.png,18382959746898461562
DONA_Database,Encyonopsis,encyonopsis_thumensis_4.png,15750396082614010149
DONA_Database,Encyonopsis,Encyonopsis_montana_1.png,11799814398143679462
DONA_Database,Encyonopsis,Encyonopsiskutenai_5.png,12814674242499733783
DONA_Database,Encyonopsis,Estafsholtii_6.png,9325677465554185009
DONA_Database,Encyonopsis,Encyoalbertana4.png,11904698558211654478
DONA_Database,Encyonopsis,Encyonopsis_montana3.png,11631529367635511123
DONA_Database,Encyonopsis,Encyonopsis_moseri4.png,15829840584101600252
DONA_Database,Encyonopsis,Encyocesatii_4.png,10459990996857349618
DONA_Database,Encyonopsis,Encyonopsiseliseae4.png,10474069585317159308
DONA_Database,Encyonopsis,Encyonopsiskutenai_1.png,18101375095060600737
DONA_Database,Encyonopsis,Encyonopsiskutenai_4.png,12766401696346956274
DONA_Database,Encyonopsis,Encyonopsis_descripta_4.png,14285391873032914917
DONA_Database,Encyonopsis,Encyonopsis_cesatiformis_6.png,13629390309140686185
DONA_Database,Encyonopsis,Encyonopsis_descripta6.png,16628989152449150168
DONA_Database,Encyonopsis,Encyonopsis_anaconda4.png,10460558413823895899
DONA_Database,Encyonopsis,Encyonopsis_perborealis6.png,9624894447649940429
DONA_Database,Encyonopsis,Encyonopsis_lacuscaeruleus_2.png,12189686379612267062
DONA_Database,Encyonopsis,Encyonopsis_descripta1.png,13505061652352228115
DONA_Database,Encyonopsis,Encyonemopsis_microcephala_004.png,16085490581482015587
DONA_Database,Encyonopsis,Encyonopsis_montana2.png,16590004700563119863
DONA_Database,Encyonopsis,Encyonopsis_cesatiformis_1.png,16588729333114437199
DONA_Database,Encyonopsis,Encyodescripta6.png,16663046464316972644
DONA_Database,Encyonopsis,Encyonopsiskutenai_2.png,18121641026034671555
DONA_Database,Encyonopsis,Encyonopsisminuta6.png,10788688202942079260
DONA_Database,Encyonopsis,Encyonopsis_perborealis1.png,15849012480145006110
DONA_Database,Encyonopsis,Encyonopsis_czarneckii_4.png,15508124872829046503
DONA_Database,Encyonopsis,Encyonopsis_anaconda3.png,11072722374033596765
DONA_Database,Encyonopsis,Encyonopsisaequalis_5.png,14632191050864706528
DONA_Database,Encyonopsis,Encyofalaisensis_6.png,12352173301504000693
DONA_Database,Encyonopsis,Encyonopsis_montana_4.png,9490516915727852493
DONA_Database,Encyonopsis,Encyonopsis_czarneckii_1.png,18384173481301417955
DONA_Database,Encyonopsis,Encyonopsisminuta7.png,12064563085125406563
DONA_Database,Encyonopsis,Encyonopsis_moseri5.png,10334903718787523426
DONA_Database,Encyonopsis,Encyofalaisensis_3.png,18311460543764174674
DONA_Database,Encyonopsis,Encyonopsisminuta1.png,13011456584101544396
DONA_Database,Encyonopsis,Encyonopsiskutenai_7.png,15787760113738454902
DONA_Database,Encyonopsis,Encyonopsis_anaconda5.png,15470147360665837156
DONA_Database,Encyonopsis,Encyonopsis_lacuscaeruleus_5.png,10998731429492587074
DONA_Database,Encyonopsis,Encyonopsisaequalis_4.png,11617550157881492462
DONA_Database,Encyonopsis,Encyonopsis_perborealis2.png,12512334770866012985
DONA_Database,Encyonopsis,Encyonopsismedicinalis7.png,18103806938208815985
DONA_Database,Encyonopsis,Encyonopsis_montana_3.png,15440389993261700699
DONA_Database,Encyonopsis,encyonopsis_thumensis_5.png,14602558994411982259
DONA_Database,Encyonopsis,Encyonemopsis_microcephala_002.png,13516551851810246520
DONA_Database,Encyonopsis,Encyonopsisnellieae1.png,10729085278003028284
DONA_Database,Encyonopsis,Encyonopsis_anaconda7.png,12764633913540702493
DONA_Database,Encyonopsis,Encyonopsislacusalpinus3.png,9308930258624626992
DONA_Database,Encyonopsis,Encyoalbertana1.png,14282336569026623686
DONA_Database,Encyonopsis,Encyonopsismedicinalis6.png,12767658859010598387
DONA_Database,Encyonopsis,Encyonopsis_cesatiformis_4.png,17741096177021034215
DONA_Database,Encyonopsis,Estafsholtii_4.png,12760763320726872415
DONA_Database,Encyonopsis,Encyodescripta4.png,9458637760285950962
DONA_Database,Encyonopsis,Encyonopsis_lacuscaeruleus_4.png,10501648935675247085
DONA_Database,Encyonopsis,Estafsholtii_7.png,17741659642936762055
DONA_Database,Encyonopsis,Encyocesatii_5.png,9308929496838359920
DONA_Database,Encyonopsis,Encyocesatii_3.png,10073281801024201506
DONA_Database,Encyonopsis,encyonopsis_thumensis_2.png,15755185326320164298
DONA_Database,Encyonopsis,Encyoalbertana3.png,18104190023608876646
DONA_Database,Encyonopsis,Encyofalaisensis_7.png,10068707728506409808
DONA_Database,Encyonopsis,Encyonopsis_alpina_6.png,18099123491745054502
DONA_Database,Encyonopsis,Encyonopsismedicinalis5.png,17774055258412897876
DONA_Database,Encyonopsis,Encyonopsisnellieae4.png,18419581980240795977
DONA_Database,Encyonopsis,Encyocesatii_1.png,10076378300107015138
DONA_Database,Encyonopsis,Estafsholtii_1.png,9664348206987796066
DONA_Database,Encyonopsis,Encyonopsisnellieae15.png,9307179236965411699
DONA_Database,Encyonopsis,encyonemopsis_subminuta_001.png,16116611323681480473
DONA_Database,Encyonopsis,Encyonopsiseliseae5.png,18392385284024049505
DONA_Database,Encyonopsis,Encyonopsis_montana1.png,10478563546479094646
DONA_Database,Encyonopsis,Encyonopsislacusalpinus6.png,18415923218871263126
DONA_Database,Encyonopsis,Encyonopsisnellieae5.png,9719290258942771648
DONA_Database,Encyonopsis,Encyonopsis_krammeri_2.png,17148920134204642060
DONA_Database,Encyonopsis,Encyofalaisensis_5.png,14632182263928095728
DONA_Database,Encyonopsis,Encyonopsismedicinalis1.png,15486271104339623453
DONA_Database,Encyonopsis,encyonopsis_thumensis_7.png,15762792541171659231
DONA_Database,Encyonopsis,Encyonemopsis_microcephala_003.png,15462724073395108037
DONA_Database,Encyonopsis,Encyonopsis_lacuscaeruleus_1.png,11039271446474285426
DONA_Database,Encyonopsis,Encyonopsis_alpina_3.png,11828139471897518449
DONA_Database,Encyonopsis,Encyonopsislacusalpinus1.png,18439320768246324998
DONA_Database,Encyonopsis,Encyonopsis_krammeri_1.png,10675042353060966747
DONA_Database,Encyonopsis,Encyonopsislacusalpinus7.png,10469284414062209335
DONA_Database,Encyonopsis,Encyonopsis_alpina_7.png,12477783711568413539
DONA_Database,Encyonopsis,Encyonopsislacusalpinus2.png,18388109541149543875
DONA_Database,Encyonopsis,Encyonopsis_krammeri_3.png,18422432170875494275
DONA_Database,Encyonopsis,Encyonopsis_montana5.png,18103243964637253475
DONA_Database,Encyonopsis,Encyonopsis_lacuscaeruleus_7.png,15999855761815316092
DONA_Database,Encyonopsis,Encyonopsis_anaconda6.png,14007054124195985502
DONA_Database,Encyonopsis,Encyonopsis_descripta_2.png,15136573596307064802
DONA_Database,Encyonopsis,Encyonopsis_krammeri_4.png,18425668953785669270
DONA_Database,Encyonopsis,Encyonopsisaequalis_3.png,11652244154360750543
DONA_Database,Encyonopsis,Encyonopsismedicinalis3.png,10491512305979320796
DONA_Database,Encyonopsis,Encyonopsis_moseri6.png,18093744204033561457
DONA_Database,Encyonopsis,Encyonopsis_descripta7.png,17742468908698345059
DONA_Database,Encyonopsis,Encyonopsisminuta3.png,9621692801339671425
DONA_Database,Encyonopsis,Encyonopsis_alpina_5.png,13035069025777901938
DONA_Database,Encyonopsis,Encyoalbertana5.png,16949825375632039779
DONA_Database,Encyonopsis,Encyonopsis_alpina_1.png,13994530577200918726
DONA_Database,Encyonopsis,Encyodescripta3.png,17744157213567489633
DONA_Database,Encyonopsis,encyonemopsis_subminuta_003.png,15468111694334876177
DONA_Database,Encyonopsis,Encyonopsis_perborealis4.png,10584844231614427208
DONA_Database,Encyonopsis,Encyonopsis_czarneckii_5.png,16385762311519850270
DONA_Database,Encyonopsis,Encyonopsis_cesatiformis_5.png,10028237042480368562
DONA_Database,Encyonopsis,Encyonopsis_czarneckii_3.png,9312835836545295119
DONA_Database,Encyonopsis,Encyonopsis_perborealis7.png,18099721129465830915
DONA_Database,Encyonopsis,Encyonopsis_moseri2.png,16112916682206882793
DONA_Database,Encyonopsis,encyonemopsis_subminuta_004.png,10784672756154786132
DONA_Database,Encyonopsis,Encyonopsis_descripta2.png,9490725788476721999
DONA_Database,Encyonopsis,Encyonemopsis_microcephala_007.png,15713662592458722529
DONA_Database,Encyonopsis,Encyonopsisminuta5.png,16940822698893795234
DONA_Database,Encyonopsis,Estafsholtii_3.png,16602239858738674759
DONA_Database,Encyonopsis,Encyoalbertana6.png,11908641504092046305
DONA_Database,Encyonopsis,Estafsholtii_5.png,17775929421076668039
DONA_Database,Encyonopsis,Encyonopsismedicinalis2.png,18310019219877584610
DONA_Database,Encyonopsis,encyonemopsis_subminuta_002.png,16080986562832412658
DONA_Database,Encyonopsis,Encyonopsisnellieae0.png,12621888009788607254
DONA_Database,Encyonopsis,Encyonopsiseliseae1.png,15825064550906200942
DONA_Database,Encyonopsis,encyonemopsis_subminuta_006.png,15357760940727780179
DONA_Database,Encyonopsis,Encyonopsis_descripta_7.png,11775432323023786608
DONA_Database,Encyonopsis,Encyonopsisnellieae3.png,17203614374673194803
DONA_Database,Encyonopsis,Encyonopsiseliseae3.png,10747135132557173105
DONA_Database,Encyonopsis,Encyonopsisnellieae2.png,10272911727822586206
DONA_Database,Encyonopsis,Encyonopsis_montana_2.png,16034355436668898927
DONA_Database,Encyonopsis,Encyonopsis_alpina_4.png,17090584667317373923
DONA_Database,Encyonopsis,Encyonopsisaequalis_7.png,14631619587782740961
DONA_Database,Encyonopsis,Encyofalaisensis_1.png,18320468530639248901
DONA_Database,Encyonopsis,Encyonopsisaequalis_6.png,14636431040800914275
DONA_Database,Encyonopsis,Encyofalaisensis_2.png,12344353439012373430
DONA_Database,Encyonopsis,Encyonopsisaequalis_2.png,15472478740837187271
DONA_Database,Encyonopsis,Encyonopsiskutenai_3.png,15823860022001617769
DONA_Database,Encyonopsis,Encyonopsis_alpina_2.png,15761759081890791027
DONA_Database,Encyonopsis,Encyonopsis_lacuscaeruleus_6.png,13378037981757321943
DONA_Database,Encyonopsis,Encyonopsisminuta2.png,18094690328977088467
DONA_Database,Encyonopsis,Encyonopsis_cesatiformis_2.png,12940343500599878233
DONA_Database,Encyonopsis,Encyodescripta1.png,16421285410019950460
DONA_Database,Encyonopsis,Encyonopsis_montana6.png,16372182220891266977
DONA_Database,Encyonopsis,encyonopsis_thumensis_3.png,15754066750538835906
DONA_Database,Encyonopsis,Encyonopsis_cesatiformis_3.png,9460441790955758501
DONA_Database,Encyonopsis,Encyoalbertana2.png,10514038547730211131
DONA_Database,Encyonopsis,Encyonopsiseliseae2.png,16116681521652337523
DONA_Database,Encyonopsis,Encyocesatii_2.png,12343227679195448118
DONA_Database,Encyonopsis,Encyonemopsis_microcephala_005.png,15361983678386155292
DONA_Database,Encyonopsis,Encyonopsislacusalpinus4.png,15185853101370248995
DONA_Database,Encyonopsis,Encyonopsis_anaconda1.png,15221322857405496947
DONA_Database,Encyonopsis,Encyonopsis_perborealis5.png,14803037497481759731
DONA_Database,Encyonopsis,Encyonopsismedicinalis4.png,15436660917062316199
DONA_Database,Encyonopsis,Estafsholtii_2.png,15149626776640663254
DONA_Database,Encyonopsis,Encyonopsis_czarneckii_7.png,14292605850427371126
DONA_Database,Encyonopsis,Encyonopsis_moseri3.png,14918653961319919408
DONA_Database,Encyonopsis,Encyonopsisminuta4.png,10995603299969229688
DONA_Database,Encyonopsis,Encyonopsis_krammeri_7.png,9325825340778496881
DONA_Database,Encyonopsis,Encyonopsis_lacuscaeruleus_3.png,14066796340670764658
DONA_Database,Amphora,minutissima_336_02.png,10784986809958075730
DONA_Database,Amphora,AMcalumedica_MBE2215b_1232_56.png,12622169335565439728
DONA_Database,Amphora,pediculus_2833_05.png,17342666552575637875
DONA_Database,Amphora,copulata_344_01_final.png,11333854153030782057
DONA_Database,Amphora,AMcalumedica_MBE2215b_1159_53.png,17886273628761331911
DONA_Database,Amphora,AMcalumedica_MBE2215b_1336_61.png,18053742997724634194
DONA_Database,Amphora,copulata_332_01_final.png,13633489109131992177
DONA_Database,Amphora,minutissima_336_03.png,11505536446960405710
DONA_Database,Amphora,pediculus_2833_10.png,10753178604274747888
DONA_Database,Amphora,44892_Amphora_bicapitata_3_TYPESLIDE_cl.png,17988046613915273118
DONA_Database,Amphora,ovalis_332_03_final.png,13633770958838991958
DONA_Database,Amphora,a_bicapitata_15606b_12182015_01_HApseudo.png,10316322294689386382
DONA_Database,Amphora,44892_Amphora_bicapitata_2_TYPESLIDE_cl.png,15819950420827715890
DONA_Database,Amphora,copulata_330_01_final.png,18276982049046666288
DONA_Database,Amphora,copulata_329_03_final.png,17844009741618235335
DONA_Database,Amphora,AMcalumedica_MBE2215b_1330_60.png,13276276352823040076
DONA_Database,Amphora,AMcalumedica_MBE2215b_1283_58.png,17882605730980076609
DONA_Database,Amphora,0336_copulata_01.png,13897279437526641887
DONA_Database,Amphora,a_bicapitata_15549a_09282015_25.png,11364235877660069434
DONA_Database,Amphora,0336_cfcraw_01.png,13862660011565149354
DONA_Database,Amphora,ovalis_2833_01_final.png,18067843843635722496
DONA_Database,Amphora,copulata_2833_02_final.png,13529623129044360307
DONA_Database,Amphora,44892_Amphora_bicapitata_7_TYPESLIDE_cl.png,10928658796105784152
DONA_Database,Amphora,minutissima_336_01.png,9776180459060105164
DONA_Database,Amphora,pediculus_2833_13b.png,15170242563224866744
DONA_Database,Amphora,pediculus_2833_07.png,11436312750734707721
DONA_Database,Amphora,a_bicapitata_SEM_15559_mix_010.png,17317765172391260412
DONA_Database,Amphora,2636_ovalis_02_final.png,13632643185246244317
DONA_Database,Amphora,ovalis_whole__exterior_03.png,15385211748629834169
DONA_Database,Amphora,ovalis_336_04.png,12657630989940870604
DONA_Database,Amphora,minutissima_336_04.png,16071922882674576980
DONA_Database,Amphora,pediculus_2833_04b.png,16042631729700954481
DONA_Database,Amphora,a_bicapitata_15649a_09162015_39.png,11469226741902711950
DONA_Database,Amphora,44892_Amphora_bicapitata_102_x_49.2_circled_4-Nikon_100x1x_HOLOTYPE_cl.png,18386755138164661454
DONA_Database,Amphora,pediculus_2833_02_final.png,10820805057755268667
DONA_Database,Amphora,ovalis_332_01_final.png,17081575290576276550
DONA_Database,Amphora,copulata_RL207_01_final.png,12339828625803234507
DONA_Database,Amphora,AMcalumedica_MBE2215b_1451_66.png,17922575589851699294
DONA_Database,Amphora,Amphora_pediculus_-_jpeg.png,10407325582681795350
DONA_Database,Amphora,copulata_330_02_final.png,18231662846912175303
DONA_Database,Amphora,minutissima_332_02.png,16079522247488482394
